timestamp,Open,High,Low,Close,Volume,ATR,SMA_Vol
2024-10-01 00:00:00+00:00,63348.0,63478.55,63276.125,63355.099,1.5785e-05,,
2024-10-01 00:05:00+00:00,63304.6585,63382.665,63271.365,63303.0125,0.0,,
2024-10-01 00:10:00+00:00,63345.609,63345.609,63150.375,63185.93,0.0,,
2024-10-01 00:15:00+00:00,63157.0775,63157.0775,63039.358,63085.5955,0.0,,
2024-10-01 00:20:00+00:00,63049.675,63079.71,62980.45,63079.71,0.0,,
2024-10-01 00:25:00+00:00,63111.42,63339.55,63111.42,63309.985,0.0,,
2024-10-01 00:30:00+00:00,63335.915,63384.9745,63242.509,63242.509,0.0,,
2024-10-01 00:35:00+00:00,63282.9385,63322.679,63272.24,63272.24,0.0,,
2024-10-01 00:40:00+00:00,63312.1845,63384.385,63305.919,63384.385,0.0,,
2024-10-01 00:45:00+00:00,63403.0545,63450.731,63403.0545,63450.731,0.0,,
2024-10-01 00:50:00+00:00,63474.1385,63579.0775,63474.1385,63478.4305,0.0,,
2024-10-01 00:55:00+00:00,63510.9085,63528.705,63493.56,63493.56,0.0,,
2024-10-01 01:00:00+00:00,63519.12,63572.168,63443.5335,63572.168,1.5743e-05,,
2024-10-01 01:05:00+00:00,63528.405,63609.208,63528.405,63531.002,0.0,129.26439285714358,
2024-10-01 01:10:00+00:00,63565.92,63565.92,63420.971,63457.5455,0.0,125.15896428571484,
2024-10-01 01:15:00+00:00,63479.191,63515.014,63457.5455,63495.455,0.00154443,121.31385714285769,
2024-10-01 01:20:00+00:00,63468.75,63468.75,63437.7,63437.7,0.0,111.49392857142968,
2024-10-01 01:25:00+00:00,63471.75,63539.271,63471.75,63539.271,0.0,108.27957142857278,
2024-10-01 01:35:00+00:00,63572.35,63572.35,63572.35,63572.35,0.0,103.13196428571506,
2024-10-01 01:40:00+00:00,63530.415,63530.415,63530.415,63530.415,0.0,87.56732142857176,
2024-10-01 01:45:00+00:00,63495.665,63495.665,63475.365,63475.365,0.0,81.3233571428578,7.504561904761906e-05
2024-10-01 01:50:00+00:00,63433.7025,63433.7025,63408.7395,63408.7395,0.0,80.35589285714325,7.42939523809524e-05
2024-10-01 01:55:00+00:00,63424.4,63424.4,63424.4,63424.4,0.0,73.46414285714283,7.42939523809524e-05
2024-10-01 02:00:00+00:00,63452.9,63452.9,63339.54,63339.54,1.5759e-05,76.82228571428588,7.504438095238096e-05
2024-10-01 02:05:00+00:00,63290.4465,63335.85,63273.415,63335.85,0.0,72.37789285714305,7.504438095238096e-05
2024-10-01 02:10:00+00:00,63295.3805,63318.69,63180.4745,63180.4745,0.0,79.8851071428575,7.504438095238096e-05
2024-10-01 02:15:00+00:00,63211.918,63257.945,63154.637,63223.6635,0.0,78.0760714285716,7.504438095238096e-05
2024-10-01 02:20:00+00:00,63215.249,63290.096,63215.249,63290.096,0.0,77.65064285714263,7.504438095238096e-05
2024-10-01 02:25:00+00:00,63314.34,63314.34,63314.34,63314.34,0.0,69.02885714285678,7.504438095238096e-05
2024-10-01 02:30:00+00:00,63352.014,63352.014,63352.014,63352.014,0.0,67.6149642857142,7.504438095238096e-05
2024-10-01 02:35:00+00:00,63350.6365,63350.6365,63285.135,63285.135,0.0,68.2666785714282,7.504438095238096e-05
2024-10-01 02:40:00+00:00,63326.85,63331.631,63311.9125,63321.24,0.0,64.33274999999932,7.504438095238096e-05
2024-10-01 02:45:00+00:00,63279.2245,63290.9875,63231.8325,63280.5025,0.0,68.35621428571383,7.504438095238096e-05
2024-10-01 02:50:00+00:00,63265.57,63331.5565,63265.57,63331.5565,0.0,70.07417857142822,7.429471428571429e-05
2024-10-01 02:55:00+00:00,63364.13,63417.25,63364.13,63417.25,0.0,72.26299999999954,7.429471428571429e-05
2024-10-01 03:00:00+00:00,63450.6,63450.6,63390.6135,63412.8,1.576e-05,71.78878571428557,7.504519047619048e-05
2024-10-01 03:05:00+00:00,63440.2535,63516.5475,63410.255,63503.375,0.0,78.2625000000002,1.500904761904762e-06
2024-10-01 03:10:00+00:00,63532.285,63572.261,63529.76,63572.261,0.0,75.08578571428578,1.500904761904762e-06
2024-10-01 03:15:00+00:00,63609.5685,63622.69,63522.0035,63522.0035,0.0,77.5544642857146,1.500904761904762e-06
2024-10-01 03:20:00+00:00,63540.15,63609.1505,63540.15,63560.235,0.0,72.6810000000005,1.500904761904762e-06
2024-10-01 03:25:00+00:00,63511.3,63520.8,63480.6,63482.6725,0.001798871,70.99007142857226,8.716142857142858e-05
2024-10-01 03:30:00+00:00,63511.395,63615.58,63511.395,63587.0035,0.007967699,75.13725000000133,0.00046657566666666664
2024-10-01 03:35:00+00:00,63542.885,63632.2345,63542.885,63616.68,0.00015753,79.78764285714404,0.0004740770952380952
2024-10-01 03:40:00+00:00,63634.1505,63690.708,63622.899,63690.708,0.0,82.38435714285775,0.0004740770952380952
2024-10-01 03:45:00+00:00,63646.63,63704.71,63646.63,63689.1965,0.0,81.75585714285782,0.0004733266666666666
2024-10-01 03:50:00+00:00,63660.17,63672.1945,63660.17,63672.1945,0.0,80.50803571428644,0.0004733266666666666
2024-10-01 03:55:00+00:00,63677.356,63707.672,63677.356,63707.672,0.0,76.65589285714357,0.0004733266666666666
2024-10-01 04:00:00+00:00,63741.89,63741.89,63649.91,63710.695,1.5688e-05,78.51257142857192,0.0004740737142857142
2024-10-01 04:05:00+00:00,63692.9,63833.2,63679.4985,63679.4985,0.001888784,83.3702857142858,0.0005640158095238095
2024-10-01 04:10:00+00:00,63638.79,63707.9,63632.1965,63632.1965,0.001832813,84.49292857142895,0.000651292619047619
2024-10-01 04:15:00+00:00,63647.009,63712.055,63647.009,63712.055,0.0,82.60478571428601,0.000651292619047619
2024-10-01 04:20:00+00:00,63696.445,63734.381,63696.445,63706.365,0.0,80.39407142857193,0.000651292619047619
2024-10-01 04:25:00+00:00,63692.6485,63733.2725,63686.26,63733.2725,8.6782e-05,76.56021428571434,0.0006554250952380951
2024-10-01 04:30:00+00:00,63699.395,63799.915,63699.395,63744.78,8.6782e-05,77.5154285714286,0.0006595575714285714
2024-10-01 04:35:00+00:00,63797.71,63817.51,63797.71,63817.51,0.0,77.0222142857144,0.0006595575714285714
2024-10-01 04:40:00+00:00,63786.21,63788.065,63747.549,63771.318,0.0,72.52603571428595,0.0006595575714285714
2024-10-01 04:45:00+00:00,63798.44,63800.518,63771.318,63786.269,0.000420796,68.22964285714313,0.000678845
2024-10-01 04:50:00+00:00,63774.9,63815.5445,63772.226,63772.226,0.0,66.03610714285762,0.000678845
2024-10-01 05:00:00+00:00,63854.6,63854.6,63794.9125,63794.9125,0.0,67.77139285714293,0.000678845
2024-10-01 05:05:00+00:00,63748.34,63759.965,63719.855,63759.965,0.0,71.05932142857117,0.000678845
2024-10-01 05:10:00+00:00,63801.8,63801.8,63693.035,63693.035,0.002878931,76.29414285714249,0.0008159369523809523
2024-10-01 05:15:00+00:00,63741.715,63765.125,63703.01,63703.01,0.0,74.87342857142825,0.0007302764285714285
2024-10-01 05:20:00+00:00,63686.2,63732.749,63686.2,63714.91,0.07693707,67.21967857142901,0.00401453219047619
2024-10-01 05:25:00+00:00,63715.7905,63729.871,63648.9585,63678.117,0.0,67.59175000000012,0.0040070307619047615
2024-10-01 05:30:00+00:00,63681.9365,63699.969,63662.54,63675.2205,0.0,64.56107142857114,0.0040070307619047615
2024-10-01 05:35:00+00:00,63686.05,63720.415,63675.115,63675.115,0.0,65.08707142857124,0.0040070307619047615
2024-10-01 05:40:00+00:00,63662.3135,63695.11,63643.736,63667.584,8.7e-05,65.3986071428574,0.0040111736190476185
2024-10-01 05:45:00+00:00,63695.6475,63719.2795,63695.6475,63716.815,0.0,61.91114285714242,0.0040111736190476185
2024-10-01 05:50:00+00:00,63709.007,63732.043,63680.848,63685.7205,0.0,60.37292857142789,0.004010426571428571
2024-10-01 05:55:00+00:00,63699.55,63734.224,63682.602,63734.224,0.0,59.06299999999932,0.003920484476190476
2024-10-01 06:00:00+00:00,63756.192,63801.5985,63734.224,63794.901,0.000102684,61.789749999999394,0.0038380973809523807
2024-10-01 06:05:00+00:00,63767.702,63896.4315,63767.702,63896.4315,8.6782e-05,67.89053571428511,0.003842229857142857
2024-10-01 06:10:00+00:00,63856.917,63889.1,63825.5395,63848.0605,8.7e-05,67.07039285714252,0.0038463727142857146
2024-10-01 06:15:00+00:00,63869.3715,63913.1,63869.3715,63913.1,0.0,66.35482142857134,0.003842240238095238
2024-10-01 06:20:00+00:00,63920.095,63943.78,63919.32,63943.78,0.0,60.777321428571405,0.0038381077619047623
2024-10-01 06:25:00+00:00,63974.7115,64029.762,63974.7115,63981.026,0.006124602,61.76960714285763,0.0041297554761904765
2024-10-01 06:30:00+00:00,63952.31,63952.31,63905.9915,63905.9915,0.001257088,63.80428571428586,0.004189616809523809
2024-10-01 06:35:00+00:00,63936.4775,63936.4775,63936.4775,63936.4775,0.0,60.20239285714342,0.0041695789047619045
2024-10-01 06:40:00+00:00,63912.1015,63912.1015,63912.1015,63912.1015,0.0,59.270035714286806,0.0041695789047619045
2024-10-01 06:45:00+00:00,63929.4485,63929.4485,63929.4485,63929.4485,0.0,57.273392857143854,0.0041695789047619045
2024-10-01 06:50:00+00:00,63969.1715,63993.051,63969.1715,63993.051,0.0,58.14685714285796,0.0041695789047619045
2024-10-01 06:55:00+00:00,64031.558,64066.7295,64031.558,64032.51,0.0,59.71707142857277,0.004032486952380952
2024-10-01 07:00:00+00:00,64077.242,64077.242,64002.7665,64002.7665,0.012889276,61.37996428571569,0.004646262
2024-10-01 07:05:00+00:00,64030.374,64030.374,63950.79,63950.79,0.0,63.37725000000137,0.000982592
2024-10-01 07:10:00+00:00,63978.533,63978.533,63942.0295,63942.0295,0.0,61.172178571430514,0.000982592
2024-10-01 07:15:00+00:00,63952.1605,63956.27,63913.2525,63913.2525,0.0,55.049892857144314,0.000982592
2024-10-01 07:20:00+00:00,63930.7955,63976.1465,63905.0,63939.5295,0.013741449,55.068071428573084,0.0016369467142857141
2024-10-01 07:25:00+00:00,63968.871,64021.511,63968.871,64021.511,0.0,56.27821428571614,0.001632803857142857
2024-10-01 07:30:00+00:00,63997.33,64034.07,63959.745,64034.07,0.0,59.395714285715904,0.001632803857142857
2024-10-01 07:35:00+00:00,64070.11,64127.52,64066.695,64119.575,0.140506652,59.929142857144015,0.00832359680952381
2024-10-01 07:40:00+00:00,64115.302,64115.302,64074.669,64075.381,0.0,57.77710714285786,0.00832359680952381
2024-10-01 07:45:00+00:00,64044.8,64046.4,64017.0865,64038.9,0.0,59.76342857142923,0.008318707095238095
2024-10-01 07:50:00+00:00,64028.035,64037.865,63992.1,64011.73,0.011391037,61.36514285714345,0.008857004952380952
2024-10-01 07:55:00+00:00,64028.24,64028.24,64028.24,64028.24,0.0,61.30535714285725,0.008852862095238095
2024-10-01 08:00:00+00:00,64064.1835,64064.1835,64064.1835,64064.1835,0.0,59.32971428571442,0.008852862095238095
2024-10-01 08:05:00+00:00,64028.135,64028.135,64001.4965,64001.4965,0.0,58.544607142857004,0.008852862095238095
2024-10-01 08:10:00+00:00,64028.693,64028.693,63965.372,63965.372,0.000151969,57.74785714285671,0.008568451
2024-10-01 08:20:00+00:00,63946.9075,63946.9075,63946.9075,63946.9075,0.0,53.382178571428085,0.008508589666666667
2024-10-01 08:30:00+00:00,63969.515,63969.515,63969.515,63969.515,0.0,52.38960714285609,0.008508589666666667
2024-10-01 08:35:00+00:00,63939.222,63939.222,63904.155,63904.155,0.0,53.985499999999384,0.008508589666666667
2024-10-01 08:40:00+00:00,63883.706,63918.135,63882.495,63882.495,0.0,51.44932142857059,0.008508589666666667
2024-10-01 08:45:00+00:00,63840.01,63871.445,63840.01,63871.445,0.0,48.62814285714194,0.008508589666666667
2024-10-01 08:50:00+00:00,63896.39,63945.585,63896.39,63945.585,1.5337e-05,48.61492857142782,0.00850932
2024-10-01 08:55:00+00:00,63940.005,63949.2,63934.0335,63938.123,0.0,43.02324999999941,0.007895544952380953
2024-10-01 09:00:00+00:00,63978.175,64014.3355,63977.505,64008.6115,0.0,45.259428571428415,0.007895544952380953
2024-10-01 09:05:00+00:00,64040.995,64088.9235,64040.995,64088.9235,0.0,46.83210714285659,0.007895544952380953
2024-10-01 09:10:00+00:00,64108.55,64108.55,64079.19,64079.19,0.05,45.58639285714214,0.010276497333333332
2024-10-01 09:15:00+00:00,64055.811,64055.811,64027.55,64027.55,0.0,48.09567857142819,0.00962214261904762
2024-10-01 09:20:00+00:00,64054.65,64054.65,64054.65,64054.65,0.0,47.46399999999942,0.00962214261904762
2024-10-01 09:25:00+00:00,64056.075,64056.075,64056.075,64056.075,0.0,43.0881428571421,0.00962214261904762
2024-10-01 09:30:00+00:00,64015.67,64015.67,63987.562,63987.562,0.0,43.45899999999944,0.002931349666666667
2024-10-01 09:35:00+00:00,63981.015,64005.4265,63972.7,63975.865,0.0,44.4777142857139,0.002931349666666667
2024-10-01 09:40:00+00:00,63961.435,63961.435,63933.625,63954.2725,0.0,45.88003571428531,0.002931349666666667
2024-10-01 09:45:00+00:00,63926.908,63926.908,63923.5515,63923.5515,0.0,43.405821428570825,0.0023889193333333334
2024-10-01 09:50:00+00:00,63935.52,63959.765,63931.3,63949.763,0.0,43.44678571428501,0.0023889193333333334
2024-10-01 09:55:00+00:00,63925.972,63950.91,63893.856,63893.856,0.0,44.48742857142809,0.0023889193333333334
2024-10-01 10:00:00+00:00,63899.0635,63899.0635,63899.0635,63899.0635,0.0,39.5636785714279,0.0023889193333333334
2024-10-01 10:05:00+00:00,63898.296,63910.397,63856.7605,63856.7605,0.0,42.31153571428513,0.0023816827142857143
2024-10-01 10:10:00+00:00,63869.2575,63869.2575,63721.3455,63746.14,0.0,47.43292857142764,0.0023816827142857143
2024-10-01 10:15:00+00:00,63749.1,63807.325,63749.1,63807.325,0.0,46.066714285713324,0.0023816827142857143
2024-10-01 10:20:00+00:00,63848.18,63857.3415,63827.2355,63827.2355,0.0,47.54217857142794,0.0023816827142857143
2024-10-01 10:25:00+00:00,63847.04425,63849.01775,63827.2355,63840.41775,8.6782e-05,45.409482142856305,0.0023858151904761907
2024-10-01 10:30:00+00:00,63853.6,63853.6,63839.51775,63852.432,8.6e-05,44.47964285714209,0.0023899104285714286
2024-10-01 10:35:00+00:00,63843.10775,63906.09,63843.10775,63906.09,0.0,48.87658928571337,0.0023891800952380955
2024-10-01 10:40:00+00:00,63904.512,63910.012,63873.926,63881.819,0.0,46.560374999999375,0.0023891800952380955
2024-10-01 10:45:00+00:00,63907.29,63912.0315,63896.0,63904.623,0.0,46.38080357142722,0.0023891800952380955
2024-10-01 10:50:00+00:00,63915.1415,63940.869,63907.3915,63931.61,0.0004,45.95266071428445,0.0024082277142857145
2024-10-01 10:55:00+00:00,63909.2,63919.29,63900.7125,63908.935,0.0,45.96526785714169,2.7275333333333333e-05
2024-10-01 11:00:00+00:00,63935.2085,63984.055,63935.2085,63936.2325,0.0,48.744303571427736,2.7275333333333333e-05
2024-10-01 11:05:00+00:00,63955.8245,63955.8245,63909.185,63911.6,0.0,48.00041071428495,2.7275333333333333e-05
2024-10-01 11:10:00+00:00,63922.497,63942.627,63922.497,63936.1215,0.0,49.84466071428532,2.7275333333333333e-05
2024-10-01 11:15:00+00:00,63909.235,63909.235,63887.1165,63887.751,0.0,49.513839285714184,2.7275333333333333e-05
2024-10-01 11:20:00+00:00,63884.0745,63884.0745,63827.2355,63830.36775,8.5785e-05,43.27123214285685,3.136033333333334e-05
2024-10-01 11:25:00+00:00,63837.68775,63845.78125,63835.57075,63845.78125,0.0,40.00183928571433,3.136033333333334e-05
2024-10-01 11:30:00+00:00,63827.2355,63827.2355,63751.8835,63796.9755,0.00018825,43.13621428571371,4.032461904761905e-05
2024-10-01 11:35:00+00:00,63780.8105,63792.435,63758.7,63758.7,0.0,44.31430357142848,4.032461904761905e-05
2024-10-01 11:40:00+00:00,63747.43,63776.274,63747.43,63776.274,0.0,45.36871428571404,4.032461904761905e-05
2024-10-01 11:45:00+00:00,63810.1,63810.1,63752.31,63773.2525,8.6e-05,44.99783928571456,4.441985714285715e-05
2024-10-01 11:50:00+00:00,63780.845,63838.6055,63763.35,63823.9,0.0,47.795660714285724,4.441985714285715e-05
2024-10-01 11:55:00+00:00,63778.588,63782.41,63717.805,63722.487,0.0,53.2158392857148,4.441985714285715e-05
2024-10-01 12:00:00+00:00,63763.256,63763.256,63683.0525,63746.72,1.5683e-05,56.355660714286515,4.516666666666667e-05
2024-10-01 12:05:00+00:00,63789.2495,63789.2495,63789.2495,63789.2495,0.0,57.1865178571435,4.516666666666667e-05
2024-10-01 12:10:00+00:00,63759.731,63759.731,63759.731,63759.731,0.0,53.929267857143195,4.103419047619048e-05
2024-10-01 12:15:00+00:00,63738.614,63776.7185,63738.614,63776.7185,0.0,53.31962500000009,3.693895238095238e-05
2024-10-01 12:20:00+00:00,63788.6105,63788.6105,63728.05,63759.78,0.0,55.429160714285636,3.693895238095238e-05
2024-10-01 12:25:00+00:00,63791.995,63804.8825,63791.34,63794.481,0.0,55.15041071428537,3.693895238095238e-05
2024-10-01 12:30:00+00:00,63765.0285,63765.0285,63695.665,63761.25,0.0,57.886160714285715,3.693895238095238e-05
2024-10-01 12:35:00+00:00,63739.2105,63761.599,63720.9115,63720.9115,0.000763029,59.69144642857126,5.422604761904762e-05
2024-10-01 12:40:00+00:00,63690.345,63725.208,63610.291,63610.291,0.0,61.192821428571605,5.422604761904761e-05
2024-10-01 12:45:00+00:00,63588.533,63696.5,63588.533,63696.5,0.0,66.17078571428543,5.422604761904761e-05
2024-10-01 12:50:00+00:00,63723.6435,63723.6435,63646.8615,63646.8615,0.0,69.59492857142843,5.422604761904761e-05
2024-10-01 12:55:00+00:00,63625.443,63679.5915,63625.443,63679.5915,0.01473618,69.33482142857143,0.0007559489047619048
2024-10-01 13:00:00+00:00,63705.443,63705.443,63615.025,63615.025,1.5697e-05,70.41785714285705,0.0007566963809523809
2024-10-01 13:05:00+00:00,63584.5735,63584.5735,63550.55,63550.55,0.004703111,67.44499999999971,0.0009765690476190474
2024-10-01 13:10:00+00:00,63584.8555,63604.412,63524.6,63524.6,0.0,67.41703571428505,0.0009765690476190474
2024-10-01 13:15:00+00:00,63484.604,63484.604,63453.67,63453.67,0.0,69.44564285714243,0.0009676047619047619
2024-10-01 13:20:00+00:00,63404.85,63485.2885,63404.85,63466.198,0.0,73.08278571428569,0.0009676047619047619
2024-10-01 13:25:00+00:00,63427.0405,63451.639,63407.2035,63407.2035,0.0,74.57492857142799,0.0009676047619047619
2024-10-01 13:30:00+00:00,63427.665,63427.665,63101.65,63151.005,0.014005555,93.53596428571369,0.001630440714285714
2024-10-01 13:35:00+00:00,63106.685,63106.685,62795.09,62814.4,0.023307346,115.73685714285655,0.002740314333333333
2024-10-01 13:40:00+00:00,62788.2045,62798.178,62552.6196848635,62794.6395,0.001165787,127.37716536689238,0.0027958279999999998
2024-10-01 13:45:00+00:00,62753.845,62753.845,62540.0436848635,62743.1315,0.000575046,142.65633073378507,0.0028224643333333334
2024-10-01 13:50:00+00:00,62711.4055,62741.7195,62594.39,62652.78,0.0,145.07236644807094,0.0028224643333333334
2024-10-01 13:55:00+00:00,62677.2905,62921.1315,62647.28,62875.715,0.0,156.92125930521433,0.0028224643333333334
2024-10-01 14:00:00+00:00,62832.7435,63053.6235,62807.178,62970.883,0.00794795,169.04008073378594,0.003200938142857143
2024-10-01 14:05:00+00:00,62941.4,62970.86,62653.0125,62653.0125,0.004198228,187.87736644807177,0.003400853761904762
2024-10-01 14:10:00+00:00,62688.2485,62760.59,62544.251,62676.2735,0.74,196.87172359092907,0.038638949
2024-10-01 14:15:00+00:00,62713.25,62752.7565,62589.065,62728.018,0.003101657,203.95861644807206,0.03878664695238095
2024-10-01 14:20:00+00:00,62743.8975,63039.7535,62743.8975,62878.68,0.015490629,220.52458073378668,0.03948796123809523
2024-10-01 14:25:00+00:00,62832.71,62870.739,62685.66,62811.68,0.002070332,229.2452950195007,0.039586548476190475
2024-10-01 14:30:00+00:00,62774.1,62774.1,62578.9685,62628.8,0.009440681,240.12193787664313,0.04003610471428571
2024-10-01 14:35:00+00:00,62597.2925,62758.865,62422.765,62668.45,0.016348828,259.9151878766435,0.04081462033333333
2024-10-01 14:40:00+00:00,62712.7045,62917.887,62712.7045,62784.98,0.004610274,254.44533073378676,0.040332434333333333
2024-10-01 14:45:00+00:00,62746.7,62784.98,62518.365,62609.175,0.026216366,248.06675930521564,0.041580085238095234
2024-10-01 14:50:00+00:00,62578.9325,62605.7635,62459.6,62557.8255,0.00387383,240.05209393832305,0.041540595666666666
2024-10-01 14:55:00+00:00,62614.255,62614.255,62531.6345,62593.68,0.0,227.76814285714448,0.041540595666666666
2024-10-01 15:00:00+00:00,62628.93,62645.5135,62150.753,62150.753,0.001042794,252.48378571428734,0.04159025252380952
2024-10-01 15:05:00+00:00,62116.2895,62147.6,61901.305,61901.305,0.016141129,250.74067857142967,0.04235887771428572
2024-10-01 15:10:00+00:00,61946.075,62150.235,61817.2005,62150.235,0.550063001,256.9256071428582,0.06855235395238096
2024-10-01 15:15:00+00:00,62107.9345,62197.59,62036.34,62174.335,0.006433378,245.73842857142932,0.06819177409523809
2024-10-01 15:20:00+00:00,62201.094,62233.12,62160.35,62164.4,0.015886331,235.48350000000104,0.06783839242857143
2024-10-01 15:25:00+00:00,62109.041,62331.295,62056.5285,62331.295,0.0,243.4174285714294,0.06778287876190477
2024-10-01 15:30:00+00:00,62378.347,62526.6955,62378.347,62516.5435,0.0,235.10778571428662,0.06775549561904762
2024-10-01 15:35:00+00:00,62535.614,62627.235,62493.8745,62585.14,0.035694092,230.84639285714417,0.0694552142857143
2024-10-01 15:40:00+00:00,62620.657,62781.158,62544.9,62688.731,0.0,231.0997142857159,0.0694552142857143
2024-10-01 15:45:00+00:00,62655.795,62763.945,62614.9705,62677.025,0.0,217.7336071428586,0.06907674047619047
2024-10-01 15:50:00+00:00,62637.19,62709.204,62610.182,62610.182,0.0,206.98967857142947,0.06887682485714286
2024-10-01 15:55:00+00:00,62652.697,62711.4795,62614.166,62614.166,0.0,195.18128571428628,0.033638729619047625
2024-10-01 16:00:00+00:00,62639.0,62758.87,62529.7145,62732.959,0.002749225,200.86560714285744,0.03362194714285714
2024-10-01 16:05:00+00:00,62685.4595,62758.4,62593.0685,62593.0685,0.003077472,206.77353571428623,0.03303084442857144
2024-10-01 16:10:00+00:00,62628.728,62700.7,62536.725,62536.725,0.0,183.14600000000013,0.0329322571904762
2024-10-01 16:15:00+00:00,62577.169,62606.75,62506.964,62506.964,0.0,172.4558571428575,0.03248270095238096
2024-10-01 16:20:00+00:00,62475.43,62496.6,62433.6375,62496.6,0.0,153.90528571428618,0.031704185333333336
2024-10-01 16:25:00+00:00,62467.6195,62467.6195,62207.8595,62328.1,0.0,163.01175000000043,0.03148464847619048
2024-10-01 16:30:00+00:00,62289.2635,62333.0915,61943.065,62156.37,0.011308631,185.6729285714287,0.030774756333333337
2024-10-01 16:35:00+00:00,62164.4975,62307.59,62164.4975,62187.16,0.0,176.84817857142843,0.030590288238095245
2024-10-01 16:40:00+00:00,62146.915,62233.345,61977.8405,62027.65,0.0,181.14132142857125,0.030590288238095245
2024-10-01 16:45:00+00:00,61993.15,62057.72,61906.175,61966.97,0.0,182.4402142857138,0.03054063138095239
2024-10-01 16:50:00+00:00,61997.65,62259.755,61997.65,62224.313,0.0,186.47785714285627,0.029772006190476194
2024-10-01 16:55:00+00:00,62193.57,62509.55,62144.43,62443.945,0.0,201.91682142857098,0.0035785299523809523
2024-10-01 17:00:00+00:00,62412.92,62446.78,62191.86,62191.86,1.6013e-05,213.05239285714248,0.003272941142857142
2024-10-01 17:05:00+00:00,62156.45,62167.4115,62044.4505,62110.16,0.078383151,216.34610714285685,0.00624898019047619
2024-10-01 17:10:00+00:00,62086.75,62086.75,61947.4385,61948.65,0.0,211.60082142857158,0.00624898019047619
2024-10-01 17:15:00+00:00,61912.94,61951.5545,61560.6507692305,61620.551,0.013531394,227.7131236263927,0.006893332285714285
2024-10-01 17:20:00+00:00,61596.621,61596.621,61089.594,61381.9,0.173084077,253.92612362639298,0.013435712523809524
2024-10-01 17:25:00+00:00,61402.5755,61551.245,61157.555,61551.245,0.050474972,274.919266483536,0.01583928261904762
2024-10-01 17:30:00+00:00,61525.62,61809.35,61472.99,61740.7395,0.0,293.70737362639295,0.01583928261904762
2024-10-01 17:35:00+00:00,61694.6525,61713.7,61537.6115,61591.1155,0.016676848,287.5921950549647,0.01663341823809524
2024-10-01 17:40:00+00:00,61560.275,61801.85,61524.181,61791.4,0.009455792,279.5666593406791,0.017083694047619048
2024-10-01 17:45:00+00:00,61819.405,61969.5,61760.375,61869.6915,0.0,283.702730769251,0.01695277857142857
2024-10-01 17:50:00+00:00,61899.7095,62053.635,61899.7095,62049.25,0.0,278.5912307692509,0.016806232285714286
2024-10-01 17:55:00+00:00,62091.904,62211.43,62091.904,62133.6135,0.085603148,279.3508736263939,0.02088257266666667
2024-10-01 18:00:00+00:00,62167.327,62219.9,62054.0445,62219.9,1.6085e-05,270.28448076925116,0.02088333861904762
2024-10-01 18:05:00+00:00,62233.2935,62358.89,62108.052,62358.89,0.667702486,262.1214807692507,0.0526786950952381
2024-10-01 18:10:00+00:00,62322.771,62367.31,62224.8,62255.435,0.01562153,254.09219505496472,0.05342257747619048
2024-10-01 18:15:00+00:00,62220.43,62220.43,62151.9095,62182.375,0.0,250.9576236263929,0.05288407123809525
2024-10-01 18:20:00+00:00,62165.535,62266.85,62122.4335,62230.245,1.0,249.65012362639234,0.10050311885714287
2024-10-01 18:25:00+00:00,62246.25,62333.985,62246.25,62333.985,0.0,229.1384285714282,0.10050311885714287
2024-10-01 18:30:00+00:00,62305.51,62392.9865,62270.1995,62314.355,0.0,199.9834285714278,0.10050311885714287
2024-10-01 18:35:00+00:00,62265.1,62265.1,62078.14,62125.65,0.0,188.73521428571362,0.10050311885714287
2024-10-01 18:40:00+00:00,62128.6055,62128.6055,62023.42,62023.42,0.0,172.22274999999925,0.10050311885714287
2024-10-01 18:45:00+00:00,61984.975,62018.08,61887.49,61921.54,0.0,167.42289285714182,0.10050235633333332
2024-10-01 18:50:00+00:00,61946.045,61992.75,61860.1625,61901.1275,0.0,157.05992857142752,0.09676982533333334
2024-10-01 18:55:00+00:00,61915.76,62032.101,61915.76,61962.7955,0.012652445,151.47767857142753,0.09737232271428573
2024-10-01 19:00:00+00:00,61987.18,61987.18,61867.05,61867.05,4.575e-05,146.91957142857012,0.09673014919047619
2024-10-01 19:05:00+00:00,61835.04,61898.7215,61835.04,61868.96,0.0,139.88396428571286,0.0884880502857143
2024-10-01 19:10:00+00:00,61854.504,61854.504,61745.4,61781.8745,8.379e-05,136.86285714285572,0.08608847019047619
2024-10-01 19:15:00+00:00,61812.315,61823.381,61620.991,61823.381,0.0,133.40228571428452,0.08608847019047619
2024-10-01 19:20:00+00:00,61856.951,61950.625,61856.951,61950.625,0.0,132.31185714285624,0.08529433457142857
2024-10-01 19:25:00+00:00,61981.3895,62050.2635,61978.114,62020.08,0.0,132.03421428571372,0.08484405876190476
2024-10-01 19:30:00+00:00,61996.83,62039.95,61872.026,61872.026,0.0,133.71332142857085,0.08484405876190476
2024-10-01 19:35:00+00:00,61896.767,62058.395,61844.85,62017.6985,0.0,141.55653571428516,0.08484405876190476
2024-10-01 19:40:00+00:00,62054.86,62054.86,61867.5215,61867.5215,1.0,146.16735714285667,0.12838676599999999
2024-10-01 19:45:00+00:00,61822.828,61855.835,61740.3065,61740.3065,8.379e-05,138.3816428571424,0.12838999004761906
2024-10-01 19:50:00+00:00,61783.245,61867.16,61746.46,61821.274,0.010068101,139.92935714285704,0.09707406695238095
2024-10-01 19:55:00+00:00,61850.4895,61850.4895,61692.5,61716.392,0.0,141.50503571428584,0.09633018457142856
2024-10-01 20:00:00+00:00,61749.175,61749.175,61641.303,61646.734,0.022634217,139.73964285714308,0.09740800442857141
2024-10-01 20:05:00+00:00,61608.8705,61608.8705,61286.195,61314.0,0.01,156.1371785714286,0.05026514728571428
2024-10-01 20:10:00+00:00,61346.848,61456.48,61178.3935,61307.7925,0.0,167.41978571428626,0.05026514728571428
2024-10-01 20:15:00+00:00,61268.5345,61373.17,60908.2,60995.5355,0.006149836,196.08325000000073,0.05055799661904761
2024-10-01 20:20:00+00:00,60956.755,61156.637,60830.896,60891.5775,0.0,210.524750000001,0.05055799661904761
2024-10-01 20:25:00+00:00,60855.247,60943.185,60630.279900744,60738.44,0.017183186,218.41868566114394,0.051376243571428566
2024-10-01 20:30:00+00:00,60761.659,60897.895,60593.5,60636.101,0.0,231.07232851828667,0.051376243571428566
2024-10-01 20:35:00+00:00,60668.5945,60687.68,60311.585,60379.2865,0.001696161,250.81922137542955,0.051457013142857146
2024-10-01 20:40:00+00:00,60353.535,60651.935,60190.355,60603.16,0.001096763,271.79464994685776,0.05090674257142857
2024-10-01 20:45:00+00:00,60551.331,60732.4,60397.4395,60732.4,0.0,280.4671856611437,0.050904564
2024-10-01 20:50:00+00:00,60767.66,60828.758,60638.384,60738.412,0.0,280.6840070897155,0.050904564
2024-10-01 20:55:00+00:00,60759.6895,60821.67,60712.01,60792.1585,0.0,279.4300785182864,0.050900574000000004
2024-10-01 21:00:00+00:00,60820.7,60890.475,60783.35,60889.675,1.6441e-05,278.02089994685747,0.050901356904761906
2024-10-01 21:05:00+00:00,60858.7785,60886.1895,60704.138,60704.138,0.0,279.9885785182861,0.050901356904761906
2024-10-01 21:10:00+00:00,60669.3,60915.97,60653.552,60915.97,0.001600354,291.02757851828574,0.05097756423809524
2024-10-01 21:15:00+00:00,60937.165,60937.165,60814.275,60814.275,0.0,274.05264994685734,0.05097756423809524
2024-10-01 21:20:00+00:00,60794.633,60846.9,60726.6425,60846.9,0.0,262.779149946857,0.05097756423809524
2024-10-01 21:25:00+00:00,60881.9165,60881.9165,60776.4225,60847.37,0.0,237.10229280399966,0.0033585166190476193
2024-10-01 21:30:00+00:00,60813.2345,60851.58,60774.3,60796.935,0.0,219.35507851828515,0.003354526619047619
2024-10-01 21:35:00+00:00,60748.15,60835.57,60734.024,60835.57,0.0,204.25799999999956,0.0028750932380952384
2024-10-01 21:40:00+00:00,60807.59,60930.965,60807.59,60916.413,0.0006,191.32799999999978,0.002903664666666667
2024-10-01 21:45:00+00:00,60931.2394206545,61014.51,60931.2394206545,61003.1,1.0,171.4709999999998,0.049444892428571426
2024-10-01 21:50:00+00:00,61047.15,61156.0685,61047.15,61156.0685,0.0028,149.42732142857182,0.04910203528571429
2024-10-01 21:55:00+00:00,61186.856,61215.58,61060.735,61162.35,0.0,136.56192857142898,0.04910203528571429
2024-10-01 22:00:00+00:00,61126.8635,61143.927,60872.045,60872.045,9.9146e-05,143.69985714285733,0.04881390719047619
2024-10-01 22:05:00+00:00,60837.3825,60939.595,60781.818,60781.818,5.6e-05,147.1367857142863,0.04881657385714285
2024-10-01 22:10:00+00:00,60809.2665,60868.3875,60809.2665,60868.3875,0.0,145.66853571428615,0.0479983269047619
2024-10-01 22:15:00+00:00,60839.95,60961.4535,60831.212,60896.097,2.8e-05,141.71885714285756,0.04799966023809523
2024-10-01 22:20:00+00:00,60858.925,60858.925,60808.73,60832.045,0.0,129.21521428571472,0.047918890666666665
2024-10-01 22:25:00+00:00,60870.45,60900.6,60823.52,60858.195,8.3e-05,125.94307142857204,0.047870616238095236
2024-10-01 22:30:00+00:00,60824.6205,60831.9845,60755.595,60825.645,8.3e-05,124.68182142857196,0.04787456861904762
2024-10-01 22:35:00+00:00,60782.494,60782.494,60732.51,60732.51,0.0,123.79903571428596,0.04787456861904762
2024-10-01 22:40:00+00:00,60693.639,60693.639,60673.4515,60674.489,0.0,122.49750000000027,0.04787456861904762
2024-10-01 22:45:00+00:00,60697.8,60731.32,60635.0,60652.3645,0.0,122.12421428571439,0.04787378571428572
2024-10-01 22:50:00+00:00,60683.085,60819.75,60683.085,60776.698,0.0,125.2678214285713,0.04787378571428572
2024-10-01 22:55:00+00:00,60755.01,60800.725,60732.2,60746.55,0.0,123.15553571428556,0.04779757838095239
2024-10-01 23:00:00+00:00,60771.9,60771.9,60659.05,60753.696,1.6454e-05,120.28992857142813,0.04779836190476191
2024-10-01 23:05:00+00:00,60786.815,60843.315,60786.815,60843.315,0.0,115.63092857142796,0.04779836190476191
2024-10-01 23:10:00+00:00,60823.513,60832.85,60706.5245,60787.6,0.0,104.66560714285671,0.04779836190476191
2024-10-01 23:15:00+00:00,60813.1245,60867.999,60800.574,60800.574,0.0,99.13860714285693,0.04779836190476191
2024-10-01 23:20:00+00:00,60829.38,60834.8975,60803.85,60834.8975,0.0,95.40674999999985,0.04779836190476191
2024-10-01 23:25:00+00:00,60814.11,60835.4945,60690.262,60690.262,0.0,96.47753571428517,0.04776979047619049
2024-10-01 23:30:00+00:00,60720.79,60818.74,60720.79,60818.74,0.0,99.41403571428496,0.00015074285714286243
2024-10-01 23:35:00+00:00,60841.63,61002.62,60841.63,61002.62,0.0,107.0426071428566,1.7409523809529096e-05
2024-10-01 23:40:00+00:00,60961.566,61002.78,60960.092,60960.092,8.2e-05,102.76317857142827,2.1314285714291e-05
2024-10-01 23:45:00+00:00,60920.2305,60957.5,60920.115,60920.115,0.001696544,98.96617857142857,9.738085714286243e-05
2024-10-01 23:50:00+00:00,60878.3705,60941.7425,60878.3705,60884.075,0.00812725,99.27428571428598,0.0004817260952381006
2024-10-01 23:55:00+00:00,60853.125,60853.125,60798.113,60798.113,0.0,98.53442857142883,0.0004817260952381006
2024-10-02 00:00:00+00:00,60772.751,60864.579,60758.05,60817.506,0.00810974,94.18753571428586,0.0008665708571428625
2024-10-02 00:05:00+00:00,60847.2735,60920.4515,60847.2735,60920.4515,0.0,96.646142857143,0.0008665708571428625
2024-10-02 00:10:00+00:00,60949.1905,60949.1905,60816.922,60816.922,0.0,98.0331785714287,0.0008626184761904816
2024-10-02 00:15:00+00:00,60784.9725,60919.455,60716.2295,60919.455,0.0,106.14792857142882,0.0008586660952381006
2024-10-02 00:20:00+00:00,60881.875,60881.875,60734.01,60783.21,0.0,109.62325000000003,0.0008586660952381006
2024-10-02 00:25:00+00:00,60808.05,61013.815,60808.05,60986.32,0.0,120.35224999999991,0.0008586660952381006
2024-10-02 00:30:00+00:00,60956.534,61049.619,60956.534,61016.705,0.00079,124.54949999999995,0.0008962851428571482
2024-10-02 00:35:00+00:00,61051.617,61134.01,61028.928,61115.613,0.0,122.55467857142867,0.0008962851428571482
2024-10-02 00:40:00+00:00,61081.262,61187.28,61081.262,61124.43,0.0,120.95039285714302,0.0008962851428571482
2024-10-02 00:45:00+00:00,61098.65,61098.65,61004.64,61048.684,0.0,116.3725357142856,0.0008955016190476244
2024-10-02 00:50:00+00:00,61027.746,61089.655,61011.35,61024.49,0.015,118.91660714285692,0.001609787333333339
2024-10-02 00:55:00+00:00,60984.78,61059.073,60984.78,61027.36,0.0,121.36774999999969,0.001609787333333339
2024-10-02 01:00:00+00:00,61064.35,61187.335,61003.9115,61187.335,1.6376e-05,129.9428571428564,0.0016105671428571482
2024-10-02 01:05:00+00:00,61227.6225,61253.2155,61199.0895,61233.107,0.0,128.50846428571353,0.0016105671428571482
2024-10-02 01:10:00+00:00,61256.474,61259.8965,61256.474,61259.8965,0.0,122.81278571428525,0.0016105671428571482
2024-10-02 01:15:00+00:00,61238.214,61262.28,61189.725,61203.065,0.0,120.64203571428516,0.0016105671428571482
2024-10-02 01:20:00+00:00,61233.709,61268.73,61233.709,61268.73,0.0,115.88464285714248,0.0016105671428571482
2024-10-02 01:25:00+00:00,61304.97,61417.875,61304.97,61417.875,0.0,112.02174999999936,0.0016066623809523864
2024-10-02 01:30:00+00:00,61408.342,61429.095,61348.3905,61348.3905,0.0158795,104.54028571428509,0.002282041238095244
2024-10-02 01:35:00+00:00,61387.22,61428.925,61358.496,61389.685,0.0,93.82096428571354,0.001895029333333339
2024-10-02 01:40:00+00:00,61429.21,61429.21,61337.7,61372.31,0.0,93.70846428571375,0.001895029333333339
2024-10-02 01:45:00+00:00,61394.8535,61418.2245,61394.8535,61418.2245,0.0,88.60914285714223,0.0015088512380952435
2024-10-02 01:50:00+00:00,61450.104,61495.7725,61450.104,61484.285,0.00109402,86.57557142857124,0.0015609474285714336
2024-10-02 01:55:00+00:00,61512.05,61512.05,61453.3715,61477.24,0.0,82.21046428571415,0.001560947428571434
2024-10-02 02:00:00+00:00,61502.73,61504.45,61424.135,61456.105,9.9259e-05,82.35403571428522,0.0015656740476190532
2024-10-02 02:05:00+00:00,61482.1,61544.645,61482.1,61544.645,0.0,83.37167857142776,0.0015656740476190532
2024-10-02 02:10:00+00:00,61520.825,61543.3,61482.05,61522.945,0.0,74.7410714285704,0.0015656740476190532
2024-10-02 02:15:00+00:00,61544.45,61544.45,61488.565,61530.5145,0.015820669,74.02710714285578,0.0022814201904761957
2024-10-02 02:20:00+00:00,61513.974,61513.974,61513.974,61513.974,0.0,73.29503571428411,0.0022814201904761957
2024-10-02 02:25:00+00:00,61485.5225,61632.675,61485.5225,61632.675,0.0,78.62342857142721,0.0022814201904761957
2024-10-02 02:30:00+00:00,61587.67,61603.475,61567.29,61603.475,8.2792e-05,78.6034285714273,0.0022853626666666715
2024-10-02 02:35:00+00:00,61569.668,61695.38,61569.668,61665.713,0.0,76.92964285714177,0.0015710769523809575
2024-10-02 02:40:00+00:00,61621.8305,61625.16,61598.35,61625.16,0.0,75.97667857142785,0.0015710769523809575
2024-10-02 02:45:00+00:00,61673.5395,61726.14,61673.5395,61704.3525,0.0,77.4370714285703,0.001570297142857148
2024-10-02 02:50:00+00:00,61721.195,61810.612,61721.195,61797.35,0.015742267,78.49060714285588,0.00231992890476191
2024-10-02 02:55:00+00:00,61808.078,61808.078,61778.045,61778.045,0.0,77.35621428571332,0.00231992890476191
2024-10-02 03:00:00+00:00,61800.49,61800.49,61730.665,61730.665,1.6181e-05,76.80457142857007,0.002320699428571434
2024-10-02 03:05:00+00:00,61738.25,61793.66,61733.0,61778.53,8.379e-05,77.11289285714156,0.002324689428571434
2024-10-02 03:10:00+00:00,61830.4,61830.4,61690.195,61757.909,0.0,81.39074999999919,0.002324689428571434
2024-10-02 03:15:00+00:00,61791.295,61814.7915,61780.585,61814.7915,0.0,79.12949999999962,0.0015685227619047669
2024-10-02 03:20:00+00:00,61793.818,61793.818,61793.818,61793.818,0.0,76.15653571428577,0.0015685227619047669
2024-10-02 03:25:00+00:00,61752.554,61756.347,61691.5135,61733.2895,0.0,79.4722142857146,0.0015685227619047669
2024-10-02 03:30:00+00:00,61698.4795,61745.7645,61655.42,61723.401,8.2792e-05,84.74392857142915,0.0015724652380952433
2024-10-02 03:35:00+00:00,61759.691,61793.9,61759.691,61793.9,0.0,79.26867857142913,0.0015203690476190532
2024-10-02 03:40:00+00:00,61759.0,61872.45,61759.0,61872.45,8.2792e-05,82.70189285714306,0.0015243115238095292
2024-10-02 03:45:00+00:00,61838.66,61838.66,61804.126,61804.126,0.0,78.60275000000027,0.00151958490476191
2024-10-02 03:50:00+00:00,61766.325,61787.25,61748.369,61748.369,0.0179625,77.77374999999977,0.002374942047619053
2024-10-02 03:55:00+00:00,61792.385,61792.385,61714.49,61754.15,0.0029925,76.12482142857178,0.0025174420476190527
2024-10-02 04:00:00+00:00,61760.3,61760.3,61753.5925,61753.5925,1.6191e-05,69.01396428571492,0.0017648478571428625
2024-10-02 04:05:00+00:00,61748.0,61748.0,61644.045,61670.053,0.003499257,74.69357142857189,0.0019314791428571483
2024-10-02 04:10:00+00:00,61627.3955,61676.8555,61627.3955,61676.8555,0.001388674,73.23892857142917,0.0019976064761904814
2024-10-02 04:15:00+00:00,61637.8185,61646.404,61615.9,61646.404,0.0029955,73.09325000000015,0.0021363068571428625
2024-10-02 04:20:00+00:00,61627.594,61627.594,61510.325,61510.325,0.017179795,72.79853571428612,0.002954392333333339
2024-10-02 04:25:00+00:00,61538.965,61647.685,61538.965,61647.685,0.0,78.54692857142904,0.002954392333333339
2024-10-02 04:30:00+00:00,61610.345,61610.345,61557.75,61557.75,0.0,83.47275000000029,0.002954392333333339
2024-10-02 04:35:00+00:00,61541.685,61541.685,61468.2,61506.325,0.0059955,82.5617142857149,0.002490260571428577
2024-10-02 04:40:00+00:00,61474.7,61511.1,61467.545,61511.1,0.0,79.21960714285784,0.002490260571428577
2024-10-02 04:45:00+00:00,61475.7065,61475.7065,61469.922,61469.922,0.0,77.12525000000043,0.0024894900476190533
2024-10-02 04:50:00+00:00,61510.65,61577.55,61467.8905,61565.855,0.0,76.85450000000075,0.002485500047619053
2024-10-02 04:55:00+00:00,61522.789,61522.789,61471.71,61492.05,0.0,78.69885714285816,0.002485500047619053
2024-10-02 05:00:00+00:00,61492.095,61538.42,61462.165,61538.42,1.6255e-05,80.16300000000099,0.002486274095238101
2024-10-02 05:05:00+00:00,61566.239,61566.239,61535.0145,61535.0145,0.0,76.82939285714383,0.002486274095238101
2024-10-02 05:10:00+00:00,61563.7665,61563.7665,61518.75,61518.75,0.0,79.56575000000053,0.002486274095238101
2024-10-02 05:15:00+00:00,61508.1175,61584.425,61508.1175,61584.425,0.0,77.19146428571496,0.0024823316190476243
2024-10-02 05:20:00+00:00,61535.0215,61567.733,61507.862,61507.862,0.007902184,79.12739285714373,0.0028586260952381004
2024-10-02 05:25:00+00:00,61477.66,61477.66,61394.0455,61409.26,0.0,82.90317857142976,0.0028546836190476246
2024-10-02 05:30:00+00:00,61431.829,61473.045,61401.445,61401.445,0.0,78.29753571428644,0.0028546836190476246
2024-10-02 05:35:00+00:00,61423.749,61441.957,61423.749,61441.957,0.0,71.37982142857228,0.0019993264761904816
2024-10-02 05:40:00+00:00,61470.675,61470.675,61470.675,61470.675,0.0,67.00717857142965,0.0018568264761904814
2024-10-02 05:45:00+00:00,61434.1055,61476.5875,61434.1055,61440.858,0.0,63.645178571429696,0.0018560554761904815
2024-10-02 05:50:00+00:00,61419.975,61419.975,61343.405,61343.405,0.0,67.49503571428691,0.001689424190476196
2024-10-02 05:55:00+00:00,61361.423,61487.136,61361.423,61487.136,0.011939209,74.8202500000012,0.0021918306190476244
2024-10-02 06:00:00+00:00,61504.322,61564.577,61487.136,61564.577,1.6259e-05,72.51892857142957,0.0020499620000000054
2024-10-02 06:05:00+00:00,61560.4475,61560.4475,61369.705,61410.5815,0.0002,79.71371428571469,0.0012414003333333385
2024-10-02 06:10:00+00:00,61443.475,61545.495,61443.475,61545.495,0.0,83.90360714285791,0.0012414003333333385
2024-10-02 06:15:00+00:00,61554.01,61564.4755,61490.362,61522.495,0.0,86.96710714285759,0.0012414003333333385
2024-10-02 06:20:00+00:00,61487.0435,61525.22,61462.32,61525.22,8.2792e-05,88.2445000000007,0.0009598428095238148
2024-10-02 06:25:00+00:00,61558.65,61596.622,61558.65,61596.622,0.0,87.89410714285779,0.0009598428095238148
2024-10-02 06:30:00+00:00,61609.307,61678.095,61609.307,61678.095,0.0,88.2448214285718,0.0009598428095238148
2024-10-02 06:35:00+00:00,61711.695,61737.095,61660.648,61683.8,0.004026168,85.57557142857175,0.0011515650952381004
2024-10-02 06:40:00+00:00,61709.2325,61758.2905,61709.2325,61755.9145,0.007912211,85.78203571428614,0.0015283370476190529
2024-10-02 06:45:00+00:00,61730.665,61730.665,61689.797,61729.556,0.0,87.61100000000026,0.0015275630000000052
2024-10-02 06:50:00+00:00,61770.15,61770.15,61694.8305,61737.29,0.0,90.93967857142914,0.0015275630000000052
2024-10-02 06:55:00+00:00,61724.397,61724.397,61708.6035,61709.245,0.0,89.95428571428627,0.0015275630000000052
2024-10-02 07:00:00+00:00,61732.19,61732.19,61702.9255,61702.9255,1.6199e-05,85.08367857142937,0.0015283343809523863
2024-10-02 07:05:00+00:00,61672.2095,61672.2095,61630.106,61648.85,0.012,80.01857142857209,0.0017234684761904813
2024-10-02 07:10:00+00:00,61622.041,61670.05,61622.041,61670.05,0.0,77.91628571428684,0.0017234684761904813
2024-10-02 07:15:00+00:00,61694.78,61715.51,61691.809,61691.809,0.0,67.24400000000138,0.0017234684761904813
2024-10-02 07:20:00+00:00,61661.945,61677.965,61616.8825,61616.8825,0.0,62.95921428571559,0.0017234684761904813
2024-10-02 07:25:00+00:00,61649.8,61764.4,61649.8,61738.72,0.015754046,68.20235714285862,0.0024736611428571482
2024-10-02 07:30:00+00:00,61763.4715,61815.9,61763.4715,61811.88,0.0001,69.22235714285853,0.002478423047619053
2024-10-02 07:35:00+00:00,61840.0,61934.266,61811.88,61902.405,0.010227611,72.8640714285731,0.002965452142857148
2024-10-02 07:40:00+00:00,61864.0485,61864.0485,61839.875,61856.3215,0.0,71.51100000000172,0.0023969183809523864
2024-10-02 07:45:00+00:00,61829.446,61899.715,61829.446,61841.86,0.0,71.06971428571549,0.002396144142857148
2024-10-02 07:50:00+00:00,61793.0875,61799.181,61734.3875,61734.3875,0.0,73.4255714285729,0.0023866203333333382
2024-10-02 08:00:00+00:00,61705.355,61741.2,61665.545,61727.592,1.6196e-05,74.10682142857279,0.0023873915714285763
2024-10-02 08:05:00+00:00,61745.375,61745.375,61589.518,61589.518,0.0,79.85950000000126,0.0023873915714285763
2024-10-02 08:10:00+00:00,61624.858,61657.3185,61624.858,61638.94,0.0,82.6533571428585,0.0023834490952381
2024-10-02 08:15:00+00:00,61644.75,61667.25,61630.4915,61630.4915,0.0,83.18864285714413,0.0023834490952381
2024-10-02 08:20:00+00:00,61666.2475,61692.412,61666.2475,61692.412,0.0,82.4101428571443,0.0023834490952381
2024-10-02 08:25:00+00:00,61730.3165,61730.3165,61730.3165,61730.3165,0.0,81.68839285714421,0.002191726809523815
2024-10-02 08:30:00+00:00,61703.465,61863.5,61703.465,61863.5,0.0,89.87232142857309,0.0018149548571428622
2024-10-02 08:35:00+00:00,61826.05,61863.045,61826.05,61863.045,0.0,87.19542857142993,0.0018149548571428622
2024-10-02 08:40:00+00:00,61897.719,61897.719,61848.75,61848.75,0.0,80.15625000000104,0.0018149548571428622
2024-10-02 08:45:00+00:00,61858.25,61858.25,61789.945,61789.945,0.0,79.52232142857247,0.0018149548571428622
2024-10-02 08:50:00+00:00,61830.9815,61830.9815,61768.39,61768.39,0.0,75.2512857142865,0.0018141834761904812
2024-10-02 08:55:00+00:00,61798.2455,61824.748,61782.523,61782.523,0.0,74.81042857142945,0.0012427549047619101
2024-10-02 09:00:00+00:00,61816.94,61816.94,61717.645,61717.645,1.6176e-05,76.88371428571607,0.0012435251904761957
2024-10-02 09:05:00+00:00,61727.285,61727.285,61708.6075,61708.6075,0.0,70.54121428571618,0.0012435251904761957
2024-10-02 09:10:00+00:00,61679.1635,61687.918,61641.23,61661.808,0.0,69.94996428571592,0.0012435251904761957
2024-10-02 09:15:00+00:00,61692.716,61692.716,61588.035,61645.392,0.000993658,66.29453571428687,0.0005406495714285765
2024-10-02 09:20:00+00:00,61647.025,61647.025,61518.9965,61542.64,0.0,70.59653571428655,0.0005358876666666717
2024-10-02 09:25:00+00:00,61518.472,61545.285,61480.6835,61520.685,0.007906191,72.58532142857231,0.00042534385714286223
2024-10-02 09:30:00+00:00,61532.69,61532.69,61474.97,61503.9,0.0,72.28528571428667,0.00042534385714286223
2024-10-02 09:35:00+00:00,61480.286,61484.256,61440.7655,61484.256,0.0,74.08742857142923,0.00042534385714286223
2024-10-02 09:40:00+00:00,61449.055,61449.055,61333.565,61407.72,0.0,73.42000000000033,0.00042534385714286223
2024-10-02 09:45:00+00:00,61374.255,61374.255,61174.7495,61180.85,8.2792e-05,87.38575000000075,0.0004285150952381003
2024-10-02 09:50:00+00:00,61215.374,61215.374,61142.377,61188.7645,0.0,89.10203571428688,0.0004285150952381003
2024-10-02 09:55:00+00:00,61206.15,61305.0075,61206.15,61238.5345,0.0,92.52617857142988,0.0004285150952381003
2024-10-02 10:00:00+00:00,61214.678,61247.03,61152.1865,61187.5105,1.6328e-05,94.82989285714368,0.0004292926190476241
2024-10-02 10:05:00+00:00,61212.6625,61279.8205,61187.999,61225.08,0.0,97.39789285714402,0.0004292926190476241
2024-10-02 10:10:00+00:00,61199.835,61202.395,61182.28,61182.28,0.0,93.36253571428668,0.0004292926190476241
2024-10-02 10:15:00+00:00,61200.4375,61322.7,61200.4375,61322.7,0.0,102.05842857142905,0.0004292926190476241
2024-10-02 10:20:00+00:00,61286.221,61352.917,61286.221,61352.917,0.0,102.00975000000108,0.0004292926190476241
2024-10-02 10:25:00+00:00,61397.065,61473.1885,61397.065,61473.1885,0.0,103.12335714285811,0.0004292926190476241
2024-10-02 10:30:00+00:00,61451.76,61540.481,61451.76,61492.155,0.015820283,100.31567857142934,0.0011826394285714336
2024-10-02 10:35:00+00:00,61459.54,61459.54,61361.2825,61392.11,0.0,105.04932142857173,0.0011826394285714336
2024-10-02 10:40:00+00:00,61375.55,61394.8775,61375.55,61394.8775,0.0,102.30700000000017,0.0011826394285714336
2024-10-02 10:45:00+00:00,61366.4,61432.4495,61353.21,61381.348,0.0,103.45735714285755,0.0011818691428571479
2024-10-02 10:50:00+00:00,61351.3095,61351.3095,61299.9485,61299.9485,0.0,98.50796428571473,0.0011818691428571479
2024-10-02 10:55:00+00:00,61253.684,61253.684,61169.8,61169.8,0.0,91.16353571428564,0.0011818691428571479
2024-10-02 11:00:00+00:00,61213.333,61360.41,61203.2,61254.4155,1.6329e-05,99.56446428571404,0.0011353296666666718
2024-10-02 11:05:00+00:00,61224.685,61224.685,60906.839,60906.839,0.0,116.0882857142855,0.0011353296666666718
2024-10-02 11:10:00+00:00,60873.45,61223.05,60873.45,61223.05,6.5485e-05,134.2851785714291,0.0007619627142857194
2024-10-02 11:15:00+00:00,61191.4255,61318.4495,61068.6475,61068.6475,0.0,145.53460714285757,0.0007619627142857194
2024-10-02 11:20:00+00:00,61088.4365,61178.393,61088.4365,61178.393,0.0,150.3164285714286,0.0007619627142857194
2024-10-02 11:25:00+00:00,61207.845,61282.44,61207.845,61282.44,0.0,147.7183571428577,0.0007619627142857194
2024-10-02 11:30:00+00:00,61316.2165,61342.2,61213.0015,61300.9395,0.0,152.18282142857166,0.000758020238095243
2024-10-02 11:35:00+00:00,61346.98,61346.98,61275.99,61275.99,0.0,148.66271428571523,0.000758020238095243
2024-10-02 11:40:00+00:00,61243.567,61281.25,61243.567,61276.888,0.0,145.01714285714374,0.000758020238095243
2024-10-02 11:45:00+00:00,61236.8795,61236.8795,61144.378,61229.779,0.0,145.13410714285834,0.0007572427142857193
2024-10-02 11:50:00+00:00,61208.4485,61208.4485,61112.7885,61150.3135,0.0,152.11003571428697,0.0007572427142857193
2024-10-02 11:55:00+00:00,61176.926,61176.926,61155.0655,61155.0655,0.0,148.3509642857155,0.0007572427142857193
2024-10-02 12:00:00+00:00,61187.081,61187.081,61109.21,61133.6225,1.6343e-05,148.09892857142975,0.0007580209523809575
2024-10-02 12:05:00+00:00,61103.6,61103.6,60949.048,61015.1685,0.007977281,151.98650000000114,0.0011378914761904812
2024-10-02 12:10:00+00:00,60983.058,60984.45,60903.19,60903.19,0.0,146.3699642857152,0.0011378914761904812
2024-10-02 12:15:00+00:00,60928.45,60982.515,60894.75,60967.85,0.0,127.81200000000068,0.0003845446666666716
2024-10-02 12:20:00+00:00,60999.2425,61113.6675,60968.535,61080.333,8.2792e-05,113.25610714285774,0.00038848714285714774
2024-10-02 12:25:00+00:00,61106.5,61106.5,60981.15,60981.15,0.0,104.36667857142882,0.00038848714285714774
2024-10-02 12:30:00+00:00,61006.91,61118.6565,61006.91,61117.8045,0.0,106.3496071428573,0.00038848714285714774
2024-10-02 12:35:00+00:00,61090.09,61121.2295,61079.03,61121.2295,0.0,101.93192857142847,0.00038848714285714774
2024-10-02 12:40:00+00:00,61149.155,61189.041,61082.4335,61082.4335,0.0,100.3182857142856,0.00038848714285714774
2024-10-02 12:45:00+00:00,61039.7235,61039.7235,60957.4495,60985.18,0.0,104.17499999999927,0.0003877095714285763
2024-10-02 12:50:00+00:00,60943.82,60982.359,60834.89,60834.89,0.015957707,112.21835714285668,0.0011476003809523859
2024-10-02 12:55:00+00:00,60879.88,60879.88,60717.0535,60804.9425,0.0,114.3838214285705,0.0011444820476190526
2024-10-02 13:00:00+00:00,60838.685,60838.685,60744.705,60785.228,0.00485377,112.74021428571307,0.0013756139523809574
2024-10-02 13:05:00+00:00,60747.95,60904.315,60678.5495,60783.3925,0.0,126.96542857142724,0.0013756139523809574
2024-10-02 13:10:00+00:00,60810.585,60943.2005,60754.417,60907.375,0.004000287,134.88774999999856,0.0015661038095238146
2024-10-02 13:15:00+00:00,60882.255,60882.255,60790.2,60868.89,1.6446e-05,130.07349999999911,0.0015668869523809573
2024-10-02 13:20:00+00:00,60887.26,60990.525,60887.26,60990.525,9.9405e-05,130.76324999999946,0.0015716205238095289
2024-10-02 13:25:00+00:00,60958.7945,60991.68,60873.7,60873.7,0.006119244,132.921464285714,0.0018630130952381001
2024-10-02 13:30:00+00:00,60892.334,60892.334,60728.62,60782.66,8.2792e-05,134.1997857142851,0.0018669555714285766
2024-10-02 13:35:00+00:00,60813.0475,60819.16,60574.252853598,60578.725,0.0,142.73958188585675,0.0018669555714285766
2024-10-02 13:40:00+00:00,60623.376,60745.794,60566.547853598,60729.747,0.0,145.72098520028572,0.0018669555714285766
2024-10-02 13:45:00+00:00,60703.889,61213.4425,60703.889,61173.574,0.0,179.10341377171375,0.0018661773333333385
2024-10-02 13:50:00+00:00,61200.2815,61304.2205,61112.195,61274.367,0.0,185.2046994859998,0.0014863068095238147
2024-10-02 13:55:00+00:00,61238.967,61441.451,61238.967,61345.52,0.002854037,190.74041377171463,0.0016222133333333385
2024-10-02 14:00:00+00:00,61374.19,61513.487,61323.387,61460.313,0.350016293,193.5839852002859,0.018289655857142862
2024-10-02 14:05:00+00:00,61432.405,61549.009,61359.795,61466.3805,0.003925262,195.46880662885764,0.018472630619047622
2024-10-02 14:10:00+00:00,61425.73,61554.22,61264.2575,61264.2575,0.0,209.46755662885803,0.018472630619047622
2024-10-02 14:15:00+00:00,61224.55,61611.535,61180.88,61611.535,0.0,224.10252091457264,0.018472630619047622
2024-10-02 14:20:00+00:00,61636.05,61667.055,61122.256,61122.256,0.007986349,249.5321994860013,0.018852932952380958
2024-10-02 14:25:00+00:00,61142.425,61337.17,61142.425,61225.3935,0.0,256.51355662885805,0.018852932952380958
2024-10-02 14:30:00+00:00,61194.11,61360.43,61154.7,61299.005,0.00793462,262.52034234314385,0.019230772000000004
2024-10-02 14:35:00+00:00,61269.256,61426.86,61210.65,61426.86,0.0,269.5367709145721,0.018470881190476195
2024-10-02 14:40:00+00:00,61462.9,61507.53,61411.3,61441.875,0.021072169,264.7164852002861,0.019474317809523817
2024-10-02 14:45:00+00:00,61406.18,61527.275,61329.13,61522.968,0.047946081,261.3763318858577,0.02152633261904762
2024-10-02 14:50:00+00:00,61486.945,61486.945,61181.6625,61181.6625,0.0,272.9520000000006,0.02152633261904762
2024-10-02 14:55:00+00:00,61155.56,61268.094,61098.35,61098.35,0.0005,248.67989285714378,0.02135965228571429
2024-10-02 15:00:00+00:00,61062.11,61407.8405,61062.11,61407.8405,1.6371e-05,259.65882142857197,0.02135964871428572
2024-10-02 15:05:00+00:00,61432.66,61497.78,61350.22,61411.815,8.6e-05,255.73567857142865,0.021359010380952385
2024-10-02 15:10:00+00:00,61449.305,61452.265,61342.842,61400.616,0.0,249.97303571428606,0.021067617809523813
2024-10-02 15:15:00+00:00,61446.995,61635.205,61446.995,61635.205,0.0,253.2141071428575,0.021063675333333337
2024-10-02 15:20:00+00:00,61661.252,61705.9725,61545.602,61705.9725,8.7e-05,243.95753571428628,0.021067818190476196
2024-10-02 15:25:00+00:00,61667.41,61745.8,61614.35,61745.8,0.0,222.58575000000044,0.021067818190476196
2024-10-02 15:30:00+00:00,61713.7635,61809.75,61704.44,61791.615,0.008044337,191.19367857142893,0.02145088185714286
2024-10-02 15:35:00+00:00,61833.659,61869.9335,61798.741,61825.85,0.0,181.4368571428578,0.02145088185714286
2024-10-02 15:40:00+00:00,61787.8875,61830.9995,61777.417,61830.9995,0.0,170.56917857142875,0.021314975333333337
2024-10-02 15:45:00+00:00,61861.11,61926.877,61752.075,61926.877,0.0,167.6114642857148,0.0046475328095238145
2024-10-02 15:50:00+00:00,61897.356,61926.71,61801.9035,61801.9035,0.0,169.6645714285722,0.004460615571428577
2024-10-02 15:55:00+00:00,61771.7345,61890.1,61756.125,61890.1,0.0,165.0810000000004,0.004460615571428577
2024-10-02 16:00:00+00:00,61854.51,62181.495,61852.88,62181.495,0.001072114,164.17453571428632,0.004511668619047625
2024-10-02 16:05:00+00:00,62211.4195,62364.36,62200.5,62200.5,0.00191381,165.11175000000054,0.004222500095238101
2024-10-02 16:10:00+00:00,62234.25,62234.25,62104.773,62135.3835,0.0,149.66507142857205,0.004222500095238101
2024-10-02 16:15:00+00:00,62172.1465,62208.1265,62087.725,62127.0455,0.007887547,147.72517857142935,0.00422025852380953
2024-10-02 16:20:00+00:00,62089.8305,62268.05,62089.8305,62225.94,0.0,152.63921428571535,0.00422025852380953
2024-10-02 16:25:00+00:00,62260.5255,62260.5255,62076.475,62076.475,0.0,149.02932142857284,0.0032168219047619103
2024-10-02 16:30:00+00:00,62033.0095,62107.915,62033.0095,62054.41,0.0,142.92467857142972,0.0009336751904761957
2024-10-02 16:35:00+00:00,62084.82,62118.03,62014.861,62014.861,0.004330428,140.9046071428581,0.001139886047619053
2024-10-02 16:40:00+00:00,61987.4985,62014.6165,61884.769,61927.06,0.001937377,142.6747500000009,0.0012083325714285767
2024-10-02 16:45:00+00:00,61892.835,61976.75,61834.745,61933.929,0.0,147.22378571428635,0.0012075530000000053
2024-10-02 16:50:00+00:00,61971.235,62001.782,61964.2655,61971.322,0.0,148.2431071428582,0.0012034577619047671
2024-10-02 16:55:00+00:00,61932.8245,61932.8245,61803.75,61815.4815,0.0048,147.7266785714294,0.0014320291904761956
2024-10-02 17:00:00+00:00,61844.363,61863.1,61610.0815,61610.0815,0.00086553,156.8727500000007,0.00147324490476191
2024-10-02 17:05:00+00:00,61598.1305,61774.3155,61598.1305,61705.9045,0.000113058,159.88775000000064,0.0014744857619047671
2024-10-02 17:10:00+00:00,61681.16,61746.69,61660.244,61746.69,0.0,142.5899642857148,0.0014744857619047671
2024-10-02 17:15:00+00:00,61710.6,61777.2865,61679.225,61747.55,0.0,136.53257142857234,0.0010914220952381005
2024-10-02 17:20:00+00:00,61716.876,61731.88,61670.063,61670.063,0.0,132.81900000000107,0.0010914220952381005
2024-10-02 17:25:00+00:00,61644.0015,61715.6745,61608.61,61687.2135,0.008676038,131.86635714285825,0.0015045667619047669
2024-10-02 17:30:00+00:00,61639.935,61683.7,61320.1275,61320.1275,0.0,145.35682142857175,0.0015045667619047669
2024-10-02 17:35:00+00:00,61301.1857320095,61491.0185,61270.471464019,61491.0185,8.6782e-05,147.9637168557856,0.0015086992380952432
2024-10-02 17:40:00+00:00,61522.362,61522.362,61442.2155,61485.0525,0.0,148.33807399864287,0.0015086992380952432
2024-10-02 17:45:00+00:00,61509.96,61578.6915,61509.96,61565.485,0.0,147.65735971292867,0.0014576461904761957
2024-10-02 17:50:00+00:00,61527.7645,61637.77,61527.7645,61637.77,8.6e-05,146.22260971292886,0.0013706076190476242
2024-10-02 17:55:00+00:00,61609.6745,61678.755,61579.002,61627.065,0.0,143.20460971292883,0.0013706076190476242
2024-10-02 18:00:00+00:00,61651.2,61686.605,61514.3,61514.3,0.00010322,150.66546685578578,0.0009999253809523862
2024-10-02 18:05:00+00:00,61498.9,61518.605,61416.223,61483.44,8.7e-05,146.00903828435756,0.0010040682380952435
2024-10-02 18:10:00+00:00,61448.85,61448.85,61096.16,61096.16,0.012841186,155.59914542721475,0.0016155532857142908
2024-10-02 18:15:00+00:00,61122.41,61180.1945,60861.5925,60920.517,0.008018181,165.77178828435768,0.001997371428571434
2024-10-02 18:20:00+00:00,60946.971,61230.205,60871.7675,61230.205,5.6492e-05,185.19975257007172,0.0017938506666666718
2024-10-02 18:25:00+00:00,61242.075,61257.8505,61083.213,61176.641,0.0,190.66946685578554,0.001701594619047624
2024-10-02 18:30:00+00:00,61152.75,61183.561,61052.1,61150.9705,0.0,194.5247525700714,0.001701594619047624
2024-10-02 18:35:00+00:00,61127.359,61158.7145,61073.305,61158.7145,0.0,192.97796685578578,0.001701594619047624
2024-10-02 18:40:00+00:00,61129.55,61235.56,61062.48,61235.56,0.0,179.12039542721428,0.0014730231904761955
2024-10-02 18:45:00+00:00,61180.301,61180.301,60999.15,60999.15,0.0,180.25346428571407,0.0014318074761904814
2024-10-02 18:50:00+00:00,60967.045,60982.339,60871.865,60982.339,0.0,183.62049999999985,0.0014264237619047672
2024-10-02 18:55:00+00:00,60932.672,60943.7305,60771.3955,60771.3955,0.0007989,191.9993928571426,0.0014644666190476243
2024-10-02 19:00:00+00:00,60746.1615,60907.105,60700.4715,60710.4,1.6455e-05,198.9013928571429,0.0014652501904761956
2024-10-02 19:05:00+00:00,60681.95,60783.85,60551.752853598,60726.68,0.0,208.35454617157146,0.0014652501904761956
2024-10-02 19:10:00+00:00,60746.725,60845.193,60683.205,60845.193,0.0,207.6176176001427,0.001052105523809529
2024-10-02 19:15:00+00:00,60823.814,60823.814,60352.6135,60352.6135,0.026724892,235.48886760014233,0.002324719428571434
2024-10-02 19:20:00+00:00,60382.46,60565.7675,60313.1443746895,60435.804,0.0,225.87051940803525,0.0023205869523809574
2024-10-02 19:25:00+00:00,60405.137,60421.0355,60253.05,60261.565,0.005,216.1670908366063,0.0025586821904761956
2024-10-02 19:30:00+00:00,60298.355,60439.6045,60195.0925,60269.934,0.014119706,208.02955512232074,0.0032310491428571477
2024-10-02 19:35:00+00:00,60308.05,60325.8,60094.66,60325.8,0.002447948,212.06544797946376,0.003343522857142862
2024-10-02 19:40:00+00:00,60298.735,60368.085,60027.4,60094.25,0.0,227.01001940803482,0.003343522857142862
2024-10-02 19:45:00+00:00,60062.737,60231.745,59970.561,60025.08,0.016595389,239.56534083660623,0.004128864238095243
2024-10-02 19:50:00+00:00,60048.2625,60328.16,60019.075,60298.45,0.0147557,249.27998369374993,0.004827373761904767
2024-10-02 19:55:00+00:00,60260.1,60357.0925,60128.455,60187.6295,0.0,248.7248051223214,0.004215888714285719
2024-10-02 20:00:00+00:00,60223.48,60349.1515,60129.235,60279.4095,1.6598e-05,255.34134083660683,0.0038348609523809573
2024-10-02 20:05:00+00:00,60247.45,60421.241,60206.3,60421.241,0.050300798,255.62687655089238,0.006227446952380957
2024-10-02 20:10:00+00:00,60452.7,60474.9295,60226.0765,60309.484,0.02,258.6425551223204,0.007179827904761909
2024-10-02 20:15:00+00:00,60332.75,60355.89,60263.075,60320.185,0.0,248.6938303793208,0.007179827904761909
2024-10-02 20:20:00+00:00,60285.5795,60355.951,60222.385,60284.7175,0.0,246.663687522178,0.007179827904761909
2024-10-02 20:25:00+00:00,60247.129,60382.334,60193.665,60382.334,0.0,224.95579466503528,0.007179827904761909
2024-10-02 20:30:00+00:00,60406.5545,60630.6,60352.555,60572.3475,0.0,226.77164285714233,0.007179827904761909
2024-10-02 20:35:00+00:00,60536.945,60670.75,60536.945,60670.75,0.0,223.27528571428567,0.007179827904761909
2024-10-02 20:40:00+00:00,60648.996,60774.636,60572.2,60774.636,0.0,220.26985714285703,0.007141785047619052
2024-10-02 20:45:00+00:00,60810.2355,60872.105,60710.2,60800.904,0.0,215.32450000000037,0.007141001476190481
2024-10-02 20:50:00+00:00,60841.633,60950.943,60841.633,60898.6295,8.4787e-05,201.7069285714289,0.007145038952380957
2024-10-02 20:55:00+00:00,60862.945,60983.625,60761.8755,60899.217,8.6e-05,198.89017857142866,0.007149134190476196
2024-10-02 21:00:00+00:00,60919.64,60938.565,60866.8,60871.94,1.6415e-05,181.9387499999996,0.005877301952380958
2024-10-02 21:05:00+00:00,60841.1435,60841.1435,60660.0555,60660.0555,0.0,180.74210714285695,0.005877301952380958
2024-10-02 21:10:00+00:00,60691.6,60754.275,60691.6,60727.446,0.0,171.76374999999982,0.00563920671428572
2024-10-02 21:15:00+00:00,60680.2145,60718.795,60649.425,60685.11,0.0,161.98374999999993,0.004966839761904767
2024-10-02 21:20:00+00:00,60709.438,60768.73,60709.438,60768.73,0.0,150.1813928571433,0.004850270809523815
2024-10-02 21:25:00+00:00,60793.25,60871.02,60793.25,60871.02,0.0,150.8581785714284,0.004850270809523815
2024-10-02 21:30:00+00:00,60908.45,60910.655,60832.2395,60856.603,0.015988596,146.91885714285672,0.0048213759047619105
2024-10-02 21:35:00+00:00,60817.875,60817.875,60723.8625,60777.9,0.0,142.92396428571374,0.004118723523809529
2024-10-02 21:40:00+00:00,60784.595,60787.8825,60715.9,60770.64,0.0,128.20521428571374,0.004118723523809529
2024-10-02 21:45:00+00:00,60798.5695,60868.715,60798.5695,60861.581,0.0,125.65307142857066,0.004117933142857149
2024-10-02 21:50:00+00:00,60840.095,60840.095,60810.5045,60810.5045,0.0,114.84167857142737,0.001722657047619053
2024-10-02 21:55:00+00:00,60827.9,60880.24,60827.9,60831.25,0.0,108.25814285714088,0.0007702760952381006
2024-10-02 22:00:00+00:00,60861.9,60861.9,60688.9485,60716.653,1.643e-05,109.89474999999844,0.0007710584761904816
2024-10-02 22:05:00+00:00,60760.705,60760.705,60570.765,60591.23,0.0,107.6226428571416,0.0007710584761904816
2024-10-02 22:10:00+00:00,60578.895,60584.237,60463.05,60526.06,0.0,111.65228571428452,0.0007710584761904816
2024-10-02 22:15:00+00:00,60489.2485,60626.65,60489.2485,60550.821,0.0,106.33207142857022,0.0007710584761904816
2024-10-02 22:20:00+00:00,60538.175,60544.336,60453.119,60457.36,0.0,106.58082142857062,0.0007710584761904816
2024-10-02 22:25:00+00:00,60488.8,60565.385,60488.8,60565.385,0.0,108.72396428571354,0.0007710584761904816
2024-10-02 22:30:00+00:00,60598.3275,60660.184,60598.3275,60614.815,0.0,109.52246428571327,0.0007710584761904816
2024-10-02 22:35:00+00:00,60651.322,60713.99,60651.322,60685.89,0.0,109.29996428571341,0.0007670210000000054
2024-10-02 22:40:00+00:00,60722.1005,60743.213,60674.7815,60674.7815,0.0,108.58682142857131,0.0007629257619047674
2024-10-02 22:45:00+00:00,60701.6755,60737.0305,60701.6755,60728.776,0.0,103.55171428571443,0.0007621440952381006
2024-10-02 22:50:00+00:00,60762.63,60762.63,60723.9645,60762.08,0.0,101.17192857142852,0.0007621440952381006
2024-10-02 22:55:00+00:00,60773.4815,60822.985,60773.4815,60822.985,0.0,98.51692857142864,0.0007621440952381006
2024-10-02 23:00:00+00:00,60851.64,60851.64,60731.008,60819.3,0.005672595,103.4851785714288,0.001032267666666672
2024-10-02 23:05:00+00:00,60815.479,60818.58,60790.1,60818.58,0.0002,100.58978571428659,0.0010417914761904814
2024-10-02 23:10:00+00:00,60794.2855,60852.655,60783.1,60792.02,0.0,93.20432142857213,0.0010417914761904814
2024-10-02 23:15:00+00:00,60775.46,60807.3,60775.46,60788.4455,0.0,81.91146428571508,0.00028042976190476715
2024-10-02 23:20:00+00:00,60818.763,60818.763,60726.3295,60726.3295,0.0,79.35814285714358,0.00028042976190476715
2024-10-02 23:25:00+00:00,60758.901,60768.82,60737.062,60753.477,0.000743008,72.57878571428644,0.0003158110952381005
2024-10-02 23:30:00+00:00,60721.05,60739.264,60702.315,60702.315,0.0,69.25450000000014,0.0003158110952381005
2024-10-02 23:35:00+00:00,60672.371,60708.73,60670.115,60670.115,0.0,64.29664285714327,0.0003158110952381005
2024-10-02 23:40:00+00:00,60636.935,60670.577,60636.935,60670.577,0.0,59.928285714286176,0.0003158110952381005
2024-10-02 23:45:00+00:00,60692.498,60759.455,60638.564,60638.564,0.0,61.47942857142958,0.00031502871428571957
2024-10-02 23:50:00+00:00,60670.736,60670.736,60667.65,60667.65,0.0,58.889464285714766,0.00031502871428571957
2024-10-02 23:55:00+00:00,60634.533,60705.215,60634.533,60638.6975,0.0,59.49182142857119,0.00031502871428571957
2024-10-03 00:00:00+00:00,60658.23,60715.3105,60540.445,60540.445,1.6485e-05,69.22039285714293,0.00031581371428571957
2024-10-03 00:05:00+00:00,60578.4105,60703.243,60578.4105,60702.8105,0.0,76.49846428571462,0.00031581371428571957
2024-10-03 00:10:00+00:00,60745.08,60816.365,60745.08,60792.5,0.0,75.99292857142895,0.00031581371428571957
2024-10-03 00:15:00+00:00,60763.114,60797.485,60663.5495,60663.5495,0.0,83.47403571428575,0.00031581371428571957
2024-10-03 00:20:00+00:00,60697.88,60698.862,60546.9625,60588.8,0.006472575,89.3557857142857,0.0006240315714285767
2024-10-03 00:25:00+00:00,60598.95,60750.12,60551.2365,60747.158,0.0,101.28746428571425,0.0006240315714285767
2024-10-03 00:30:00+00:00,60781.41,60953.95,60773.175,60953.95,0.0,109.45592857142817,0.0006240315714285767
2024-10-03 00:35:00+00:00,60929.3605,61057.2,60885.6545,61057.2,0.0,118.67414285714247,0.0006240315714285767
2024-10-03 00:40:00+00:00,61086.405,61102.85,60857.6145,60857.6145,0.000152131,132.53653571428524,0.0006312759047619101
2024-10-03 00:45:00+00:00,60897.65,61050.745,60897.65,60961.6595,0.0,143.57335714285622,0.00036115233333333863
2024-10-03 00:50:00+00:00,61005.98,61041.6,60921.1735,60921.1735,0.008030524,149.77224999999922,0.0007340344285714339
2024-10-03 00:55:00+00:00,60899.585,60986.189,60855.525,60986.189,0.00092936,150.4703214285702,0.0007782896666666721
2024-10-03 01:00:00+00:00,61007.153,61129.6895,60986.189,61125.738,1.6391e-05,158.42235714285613,0.0007790701904761959
2024-10-03 01:05:00+00:00,61097.1405,61097.1405,60996.275,60996.275,0.141014333,162.62099999999919,0.007494038428571434
2024-10-03 01:10:00+00:00,61024.521,61099.2555,61024.521,61099.2555,0.0,157.48635714285618,0.007458657095238101
2024-10-03 01:15:00+00:00,61072.57,61091.83,60997.4725,60997.4725,0.0,153.12814285714143,0.007458657095238101
2024-10-03 01:20:00+00:00,61046.084,61100.274,61046.084,61095.19,0.0,152.36007142856968,0.007458657095238101
2024-10-03 01:25:00+00:00,61128.14,61161.567,61068.8495,61161.567,0.0,149.4159285714273,0.007458657095238101
2024-10-03 01:30:00+00:00,61147.445,61147.445,61116.4305,61141.4575,0.0,141.7899999999988,0.007458657095238101
2024-10-03 01:35:00+00:00,61118.46,61169.135,61070.0045,61169.135,0.0,134.6647857142842,0.007458657095238101
2024-10-03 01:40:00+00:00,61149.2,61149.2,61042.37,61042.37,0.0,128.94857142857032,0.007458657095238101
2024-10-03 01:45:00+00:00,61007.4455,61018.9025,60915.202,61018.9025,0.0,125.77874999999923,0.007457872095238101
2024-10-03 01:50:00+00:00,61044.5,61093.4035,61044.5,61069.73,0.0,113.58342857142841,0.007457872095238101
2024-10-03 01:55:00+00:00,61047.328,61047.328,61006.2185,61006.2185,0.0,104.3249285714285,0.007457872095238101
2024-10-03 02:00:00+00:00,61022.3,61064.413,61004.65,61005.685,1.6387e-05,99.99182142857119,0.007458652428571434
2024-10-03 02:05:00+00:00,61030.5945,61167.968,61030.5945,61167.968,0.0,102.25032142857162,0.007150434571428577
2024-10-03 02:10:00+00:00,61184.09,61184.09,61102.504,61165.55,0.0,97.8278571428569,0.007150434571428577
2024-10-03 02:15:00+00:00,61191.461,61191.461,61124.72,61162.876,0.0,93.34771428571445,0.007150434571428577
2024-10-03 02:20:00+00:00,61189.965,61189.965,61097.5445,61097.5445,0.0,92.59342857142838,0.007150434571428577
2024-10-03 02:30:00+00:00,61129.53,61189.195,61063.975,61163.2275,0.0,94.26750000000018,0.007143190238095244
2024-10-03 02:35:00+00:00,61127.923,61127.923,61089.2945,61089.2945,0.0,92.2054642857147,0.007143190238095244
2024-10-03 02:40:00+00:00,61115.348,61115.348,61073.288,61096.0325,0.0,88.58707142857124,0.00676078433333334
2024-10-03 02:45:00+00:00,61124.6,61248.75,61124.6,61229.2995,0.0,96.27142857142826,0.006716529095238101
2024-10-03 02:50:00+00:00,61187.9665,61232.1995,61187.9665,61232.1995,0.0,92.35017857142832,0.006715748571428577
2024-10-03 02:55:00+00:00,61252.014,61252.014,61152.99,61191.5735,0.03,90.36867857142872,0.001429351761904767
2024-10-03 03:00:00+00:00,61236.747,61236.747,61114.565,61131.525,1.633e-05,90.01253571428553,0.001430129380952386
2024-10-03 03:05:00+00:00,61173.149,61173.149,61108.1385,61142.65,0.0,89.33464285714217,0.001430129380952386
2024-10-03 03:10:00+00:00,61119.6615,61119.6615,61097.25,61097.25,0.0,88.04096428571367,0.001430129380952386
2024-10-03 03:15:00+00:00,61136.59,61247.72,61099.385,61247.72,0.0,94.52003571428524,0.001430129380952386
2024-10-03 03:20:00+00:00,61223.049,61309.75,61223.049,61261.3715,0.000159932,89.12132142857081,0.0014377451904761956
2024-10-03 03:25:00+00:00,61227.006,61313.8905,61227.006,61279.6345,0.0,89.49978571428541,0.0014377451904761956
2024-10-03 03:30:00+00:00,61314.2885,61378.068,61314.2885,61315.32,0.007998135,91.76353571428523,0.0018186087619047671
2024-10-03 03:35:00+00:00,61281.25,61321.6665,61194.8535,61194.8535,0.0,94.22014285714302,0.0018186087619047671
2024-10-03 03:40:00+00:00,61220.7545,61239.353,61220.7545,61239.353,0.0,88.4543928571433,0.0018186087619047671
2024-10-03 03:45:00+00:00,61291.1,61298.657,61251.55,61298.657,0.0,87.40946428571468,0.0018186087619047671
2024-10-03 03:50:00+00:00,61326.34,61356.4,61326.34,61342.55,0.0,88.52967857142929,0.0018178284285714338
2024-10-03 03:55:00+00:00,61360.004,61448.51,61360.004,61448.51,0.0,85.18985714285789,0.0018178284285714338
2024-10-03 04:00:00+00:00,61464.0,61464.0,61399.919,61427.9435,1.6269e-05,86.60757142857203,0.001818603142857148
2024-10-03 04:05:00+00:00,61396.2115,61409.1565,61335.085,61371.691,0.0,86.16717857142898,0.001818603142857148
2024-10-03 04:10:00+00:00,61370.7,61430.92,61343.281,61343.281,0.0,83.69982142857147,0.001818603142857148
2024-10-03 04:15:00+00:00,61373.7005,61373.7005,61353.45,61353.45,0.0,81.22903571428573,0.001818603142857148
2024-10-03 04:20:00+00:00,61310.725,61335.01,61310.725,61335.01,0.0,81.0379642857141,0.001818603142857148
2024-10-03 04:25:00+00:00,61318.1,61389.96,61318.1,61372.1155,0.015650512,75.42296428571406,0.002563865619047624
2024-10-03 04:30:00+00:00,61391.5105,61429.5885,61391.5105,61409.465,0.020749351,73.33524999999956,0.003551929952380957
2024-10-03 04:35:00+00:00,61390.65,61422.775,61390.65,61422.775,0.0,69.4238571428567,0.003551929952380957
2024-10-03 04:40:00+00:00,61396.35,61399.5,61383.5545,61393.66,0.0,65.19435714285699,0.002123358523809529
2024-10-03 04:45:00+00:00,61405.025,61435.473,61393.1765,61403.9705,0.0,59.15746428571375,0.0021225809047619097
2024-10-03 04:50:00+00:00,61377.75,61377.75,61353.097,61353.097,0.0,59.612749999999195,0.0021225809047619097
2024-10-03 04:55:00+00:00,61332.39,61355.2705,61291.0205,61355.2705,0.0,59.96603571428516,0.0021225809047619097
2024-10-03 05:00:00+00:00,61386.541,61394.58,61282.45,61282.45,0.001393721,63.85082142857105,0.0021889485714285764
2024-10-03 05:05:00+00:00,61259.9845,61259.9845,61259.9845,61259.9845,0.0,57.88692857142814,0.002181332761904767
2024-10-03 05:10:00+00:00,61287.941,61287.941,61244.882,61244.882,0.0,56.38535714285691,0.002181332761904767
2024-10-03 05:15:00+00:00,61226.2665,61226.2665,61191.8565,61224.645,0.0,53.5401428571422,0.0018004691904761957
2024-10-03 05:20:00+00:00,61188.227,61188.227,61145.635,61184.0955,0.001140932,52.923785714284996,0.0018547992857142908
2024-10-03 05:30:00+00:00,61155.421,61189.729,61133.6915,61133.6915,0.0,54.7536428571423,0.0018547992857142908
2024-10-03 05:35:00+00:00,61170.7395,61170.7395,61108.55,61108.55,0.0,56.143964285713864,0.0018547992857142908
2024-10-03 05:40:00+00:00,61152.675,61219.545,61152.675,61219.545,0.0,58.93932142857063,0.0018547992857142908
2024-10-03 05:45:00+00:00,61182.884,61182.884,61157.72,61157.72,0.0,59.250178571427696,0.0018547992857142908
2024-10-03 05:50:00+00:00,61119.915,61187.929,61119.915,61187.929,0.0,61.81367857142738,0.0018540245714285765
2024-10-03 05:55:00+00:00,61159.2825,61195.765,61159.2825,61195.765,0.0,61.61810714285561,0.0018540245714285765
2024-10-03 06:00:00+00:00,61161.0555,61180.831,61122.725,61155.65,1.6344e-05,63.81407142857019,0.0018548028571428623
2024-10-03 06:05:00+00:00,61124.6205,61226.135,61124.6205,61226.135,0.0,67.43128571428471,0.0018548028571428623
2024-10-03 06:10:00+00:00,61245.7535,61280.295,61245.7535,61247.97,0.0,66.71057142857015,0.0018548028571428623
2024-10-03 06:15:00+00:00,61288.6095,61288.6095,61257.7725,61257.7725,0.0,61.604107142855355,0.0011095403809523862
2024-10-03 06:20:00+00:00,61290.477,61307.6805,61265.6015,61265.6015,0.0,63.56428571428426,0.00012147604761905291
2024-10-03 06:25:00+00:00,61256.955,61288.75,61256.955,61288.75,0.0,62.759714285712626,0.00012147604761905291
2024-10-03 06:30:00+00:00,61256.8185,61315.9,61256.8185,61313.7075,0.0,63.19228571428435,0.00012147604761905291
2024-10-03 06:35:00+00:00,61307.4115,61307.4115,61287.05,61287.05,0.0,59.452821428570005,0.00012147604761905291
2024-10-03 06:40:00+00:00,61300.8965,61386.19,61300.8965,61386.19,0.0,62.53157142857007,0.00012147604761905291
2024-10-03 06:45:00+00:00,61363.61,61398.12,61363.61,61398.12,0.000775057,60.55446428571304,0.0001583835238095291
2024-10-03 06:50:00+00:00,61376.84,61376.84,61349.75,61349.75,0.0,56.08124999999927,9.201585714286243e-05
2024-10-03 06:55:00+00:00,61330.185,61356.475,61330.185,61332.1155,0.0,53.54303571428526,9.201585714286243e-05
2024-10-03 07:00:00+00:00,61360.531,61360.531,61317.965,61346.78,1.6297e-05,51.725321428571725,9.279190476191005e-05
2024-10-03 07:05:00+00:00,61384.255,61418.511,61251.8595,61251.8595,0.0,61.02310714285756,9.279190476191005e-05
2024-10-03 07:10:00+00:00,61289.43,61289.43,61224.275,61224.275,0.0,60.45989285714313,3.8461809523814807e-05
2024-10-03 07:15:00+00:00,61185.8215,61193.917,61146.76,61193.917,5.9298e-05,58.74564285714275,4.128552380952909e-05
2024-10-03 07:20:00+00:00,61244.76,61289.6,61204.1925,61275.1315,0.0,61.711571428571396,4.128552380952909e-05
2024-10-03 07:25:00+00:00,61225.095,61235.771,61157.74,61224.6535,0.0,67.19385714285765,4.128552380952909e-05
2024-10-03 07:30:00+00:00,61192.6135,61230.426,61159.285,61230.426,0.0,68.71050000000001,4.128552380952909e-05
2024-10-03 07:35:00+00:00,61252.7,61252.7,61178.153,61244.155,0.000571883,71.76421428571432,6.851804761905292e-05
2024-10-03 07:40:00+00:00,61221.6,61244.99,61091.61,61091.61,0.0,78.49982142857127,6.851804761905292e-05
2024-10-03 07:45:00+00:00,61054.735,61123.4445,61047.375,61047.375,0.0,82.02925000000012,6.773976190476719e-05
2024-10-03 07:50:00+00:00,61023.385,61023.385,60829.77,60973.998,0.0,90.4910357142861,6.773976190476719e-05
2024-10-03 07:55:00+00:00,60925.455,61003.145,60908.165,60927.1255,0.0,94.81032142857137,6.773976190476719e-05
2024-10-03 08:00:00+00:00,60965.785,60965.785,60845.595,60962.445,0.002540907,99.94032142857135,0.0001887353333333386
2024-10-03 08:05:00+00:00,60933.74,60933.74,60781.2,60781.2,0.0,111.00853571428577,0.0001887353333333386
2024-10-03 08:10:00+00:00,60820.2075,60820.2075,60564.0455,60564.0455,0.001074074,126.26539285714223,0.00023988171428571955
2024-10-03 08:15:00+00:00,60588.34,60627.3,60312.42,60380.255,1.8181e-05,136.85314285714256,0.00024074747619048145
2024-10-03 08:20:00+00:00,60412.723,60514.7655,60284.311,60514.7655,0.0,148.66024999999976,0.00024074747619048145
2024-10-03 08:25:00+00:00,60474.3,60474.3,60353.145,60353.145,0.0,154.66778571428586,0.00024074747619048145
2024-10-03 08:30:00+00:00,60324.3,60324.3,60214.1,60280.72,0.0,157.76507142857164,0.00020384000000000526
2024-10-03 08:35:00+00:00,60253.695,60314.05,60183.72,60314.05,0.0,158.68924999999996,0.00020384000000000526
2024-10-03 08:40:00+00:00,60355.0,60435.87,60350.4985,60367.4775,0.0,162.30917857142882,0.00020384000000000526
2024-10-03 08:45:00+00:00,60398.1025,60430.325,60230.35,60251.4725,0.0,171.26832142857165,0.00020306395238095764
2024-10-03 08:50:00+00:00,60217.04,60255.185,60149.4835,60255.185,0.0,167.8627142857144,0.00020306395238095764
2024-10-03 08:55:00+00:00,60231.8,60343.0105,60188.75,60343.0105,0.0,173.44778571428574,0.00020306395238095764
2024-10-03 09:00:00+00:00,60305.6,60332.3,60140.841,60192.145,1.6565e-05,172.34524999999954,0.00020102904761905288
2024-10-03 09:05:00+00:00,60246.015,60355.9,60215.4,60269.805,0.034812536,177.25775000000016,0.0018587688571428623
2024-10-03 09:10:00+00:00,60313.0265,60434.85,60313.0265,60434.85,0.0,180.46167857142842,0.0018587688571428623
2024-10-03 09:15:00+00:00,60405.337,60502.52,60343.05,60501.473,0.016103196,178.90632142857066,0.0026255877142857195
2024-10-03 09:20:00+00:00,60533.155,60586.2805,60526.4105,60586.2805,0.0,166.66671428571394,0.0025983551904761957
2024-10-03 09:25:00+00:00,60621.0315,60653.525,60585.0025,60644.85,0.0,149.06974999999926,0.0025983551904761957
2024-10-03 09:30:00+00:00,60662.6,60716.15,60622.0855,60651.226,0.000777,139.32760714285646,0.0026353551904761954
2024-10-03 09:35:00+00:00,60626.03,60696.0945,60605.665,60658.15,0.0,134.24253571428457,0.0026353551904761954
2024-10-03 09:40:00+00:00,60628.3105,60630.084,60595.245,60630.084,0.0,128.8039642857132,0.0026353551904761954
2024-10-03 09:45:00+00:00,60659.96,60701.985,60659.96,60665.9525,0.0,124.63046428571293,0.0025143596190476242
2024-10-03 09:50:00+00:00,60699.84,60717.0515,60624.2655,60657.048,0.0,122.55660714285581,0.0025143596190476242
2024-10-03 09:55:00+00:00,60702.3865,60711.0975,60702.3865,60711.0975,0.0,112.13335714285598,0.0024632132380952433
2024-10-03 10:00:00+00:00,60736.08,60738.155,60665.67,60665.67,1.6464e-05,109.7607499999992,0.0024631314761904815
2024-10-03 10:05:00+00:00,60704.4235,60716.649,60654.735,60713.56,0.0,103.16457142857065,0.0024631314761904815
2024-10-03 10:10:00+00:00,60685.65,60729.64,60685.65,60729.64,0.0,91.86603571428506,0.0024631314761904815
2024-10-03 10:15:00+00:00,60692.15,60692.15,60692.15,60692.15,0.0,82.847107142856,0.0024631314761904815
2024-10-03 10:20:00+00:00,60723.1815,60781.573,60723.1815,60773.9,0.001600878,77.44553571428436,0.0025393637619047674
2024-10-03 10:25:00+00:00,60762.4985,60789.22,60720.695,60789.22,0.0,70.94946428571347,0.0025393637619047674
2024-10-03 10:30:00+00:00,60813.426,60935.82,60813.426,60862.44,0.0,75.36321428571318,0.0025393637619047674
2024-10-03 10:35:00+00:00,60839.545,60883.41,60813.4045,60874.46,0.0,75.46914285714229,0.0025393637619047674
2024-10-03 10:40:00+00:00,60906.8,60909.995,60874.46,60881.3355,0.000319517,71.28846428571394,0.0025545788571428624
2024-10-03 10:45:00+00:00,60917.785,60942.3455,60886.695,60920.286,0.0,69.18707142857134,0.0025537900476190526
2024-10-03 10:50:00+00:00,60951.7845,60951.7845,60919.0,60919.0,0.0,67.03560714285724,0.0008960502380952433
2024-10-03 10:55:00+00:00,60953.872,61010.2825,60953.872,61010.2825,0.0,68.42000000000033,0.0008960502380952433
2024-10-03 11:00:00+00:00,61040.381,61073.207,61000.0545,61000.0545,1.6373e-05,67.01760714285774,0.0001300110476190529
2024-10-03 11:05:00+00:00,61029.469,61029.469,60992.525,61018.1185,0.004783128,65.79578571428594,0.0003577790476190529
2024-10-03 11:10:00+00:00,60990.337,61030.5,60990.337,61030.5,0.00077805,63.48707142857165,0.00039482904761905293
2024-10-03 11:15:00+00:00,60983.735,60983.735,60906.63,60906.63,0.0,67.91250000000062,0.0003578290476190529
2024-10-03 11:20:00+00:00,60880.01,60880.01,60695.97,60695.97,0.0,79.81750000000049,0.0003578290476190529
2024-10-03 11:25:00+00:00,60712.109,60788.819,60712.109,60729.21,0.0,83.77171428571508,0.0003578290476190529
2024-10-03 11:30:00+00:00,60688.35,60751.3895,60589.35,60620.93,0.0,88.9586071428582,0.0003578290476190529
2024-10-03 11:35:00+00:00,60656.295,60772.534,60651.5025,60743.25,0.0,94.89282142857233,0.0003578290476190529
2024-10-03 11:40:00+00:00,60777.7,60798.35,60777.7,60798.35,0.0,88.35710714285804,0.0003578290476190529
2024-10-03 11:45:00+00:00,60836.3535,60836.3535,60763.0495,60789.672,0.0,88.59271428571446,0.0003570450476190529
2024-10-03 11:50:00+00:00,60757.75,60785.135,60743.6,60785.133,1.5958e-05,89.34535714285708,0.00035780495238095766
2024-10-03 11:55:00+00:00,60765.995,60765.995,60765.995,60765.995,0.0,86.35449999999972,0.00035780495238095766
2024-10-03 12:00:00+00:00,60799.0,60799.0,60556.3885,60563.689,0.008084363,101.3421428571424,0.0007427746190476243
2024-10-03 12:05:00+00:00,60535.35,60558.9105,60388.25,60452.48,0.000777,107.35332142857078,0.0007035423333333386
2024-10-03 12:10:00+00:00,60487.85,60596.4,60487.85,60580.0,0.0,112.40814285714181,0.0007035423333333386
2024-10-03 12:15:00+00:00,60545.585,60631.575,60509.521,60519.33,0.0,118.48742857142757,0.0007035423333333386
2024-10-03 12:20:00+00:00,60534.9265,60551.0005,60418.968,60551.0005,0.0,125.04953571428476,0.0007035423333333386
2024-10-03 12:25:00+00:00,60566.93,60570.538,60543.964,60544.535,0.0,118.09982142857032,0.0006883272380952434
2024-10-03 12:30:00+00:00,60570.4685,60667.734,60443.0065,60443.0065,0.0,119.10464285714157,0.0006883272380952434
2024-10-03 12:35:00+00:00,60472.426,60577.634,60446.475,60480.898,0.0,122.08882142856964,0.0006883272380952434
2024-10-03 12:40:00+00:00,60444.026,60550.0275,60423.525,60455.967,0.0,119.55046428571222,0.0006883272380952434
2024-10-03 12:45:00+00:00,60488.485,60540.826,60475.371,60488.8705,0.0,114.78296428571255,0.0006875475714285767
2024-10-03 12:50:00+00:00,60447.025,60447.087,60394.7435,60447.087,0.0,117.57060714285555,0.00045977957142857666
2024-10-03 12:55:00+00:00,60477.501,60595.0,60460.57,60460.57,0.002007259,122.89982142857012,0.0005183133333333386
2024-10-03 13:00:00+00:00,60492.15,60506.275,60428.48,60428.48,1.6531e-05,125.16574999999855,0.000519100523809529
2024-10-03 13:05:00+00:00,60475.58,60501.8335,60336.745,60336.745,0.001771968,135.5907857142842,0.0006034799523809577
2024-10-03 13:10:00+00:00,60295.3245,60330.515,60171.1,60216.115,0.0,130.09317857142742,0.0006034799523809577
2024-10-03 13:15:00+00:00,60172.05,60172.05,59869.758312655,60147.6185,0.025008894,142.30158481035582,0.001794379666666672
2024-10-03 13:20:00+00:00,60166.315,60377.5,60166.315,60342.805,0.0,148.44169195321334,0.001794379666666672
2024-10-03 13:25:00+00:00,60367.6,60551.515,60367.6,60455.875,0.0,154.6314062389278,0.001794379666666672
2024-10-03 13:30:00+00:00,60497.195,60563.42,60313.185,60501.596,0.0,163.07444195321347,0.001794379666666672
2024-10-03 13:35:00+00:00,60477.12,60477.12,60160.902,60173.82,0.0,185.511584810356,0.0017936197619047671
2024-10-03 13:40:00+00:00,60127.4975,60413.954,60041.5955,60246.226,0.0,196.0566562389275,0.0017936197619047671
2024-10-03 13:45:00+00:00,60276.8975,60329.0,60217.445,60289.82,0.008074799,194.40862052464217,0.0017931643333333387
2024-10-03 13:50:00+00:00,60254.381,60291.49,60051.0635,60137.3895,0.0,202.5460490960712,0.0017561643333333387
2024-10-03 13:55:00+00:00,60167.5485,60483.45,60167.5485,60351.7935,0.0,221.20329909607088,0.0017561643333333387
2024-10-03 14:00:00+00:00,60392.0,60579.522,60344.485,60481.952,1.6528e-05,231.26829909607062,0.0017569513809523863
2024-10-03 14:05:00+00:00,60504.7005,60756.75,60504.7005,60661.725,0.0,240.33151338178504,0.0017569513809523863
2024-10-03 14:10:00+00:00,60703.464,60869.515,60431.79,60431.79,0.0,266.04079909607077,0.0017569513809523863
2024-10-03 14:15:00+00:00,60453.039,60780.505,60453.039,60672.6335,0.016016979,279.15697766749923,0.002519664666666672
2024-10-03 14:20:00+00:00,60651.63,60679.7475,60321.6965,60343.3,0.0,292.9002633817846,0.002519664666666672
2024-10-03 14:25:00+00:00,60312.576,60374.135,60145.35,60266.7,0.0,284.50228571428516,0.002519664666666672
2024-10-03 14:30:00+00:00,60247.8915,60419.6,60199.2645,60419.6,0.0,283.82042857142784,0.002519664666666672
2024-10-03 14:35:00+00:00,60466.155,60498.8975,60345.93,60451.2985,0.0,279.83882142857067,0.002519664666666672
2024-10-03 14:40:00+00:00,60488.2,60514.855,60283.535,60382.7095,0.0,278.4877499999992,0.00242408090476191
2024-10-03 14:45:00+00:00,60347.463,60457.03,60255.224,60318.521,0.0,268.56717857142786,0.0024232937142857195
2024-10-03 14:50:00+00:00,60339.7395,60442.55,60252.251,60282.46,0.0,255.56292857142867,0.002338914285714291
2024-10-03 14:55:00+00:00,60263.7725,60344.8385,60159.181,60159.181,0.0,260.85596428571444,0.002338914285714291
2024-10-03 15:00:00+00:00,60178.325,60192.896,60043.705,60135.069,1.6617e-05,254.33914285714283,0.0011488058571428625
2024-10-03 15:05:00+00:00,60115.595,60300.72,60056.365,60131.985,0.0,247.07446428571453,0.0011488058571428625
2024-10-03 15:10:00+00:00,60144.19,60207.119,60059.9,60207.119,0.047309938,240.80175000000028,0.003401660047619053
2024-10-03 15:15:00+00:00,60229.765,60368.39,60192.48,60219.575,0.009419352,233.73832142857125,0.0038502006190476246
2024-10-03 15:20:00+00:00,60191.077,60383.17,60124.02,60311.41,0.0,220.98296428571433,0.0038502006190476246
2024-10-03 15:25:00+00:00,60295.1695,60295.1695,60087.6985,60140.5335,0.001615475,212.0541428571435,0.003927128000000005
2024-10-03 15:30:00+00:00,60116.0025,60308.81,60116.0025,60260.733,0.0,200.25103571428605,0.0035426137619047667
2024-10-03 15:35:00+00:00,60292.024,60354.2515,60156.575,60182.235,0.002345367,198.0290000000002,0.00365429790476191
2024-10-03 15:40:00+00:00,60205.0685,60284.1185,60160.335,60257.87,0.076744727,191.13242857142853,0.007308808714285721
2024-10-03 15:45:00+00:00,60306.7245,60517.5,60306.7245,60378.819,0.0,198.75117857142843,0.007308021666666672
2024-10-03 15:50:00+00:00,60417.355,60684.1175,60417.355,60575.25,0.0,204.0353571428568,0.007308021666666672
2024-10-03 15:55:00+00:00,60613.835,60638.067,60541.323,60638.067,0.0,196.5309285714289,0.007308021666666672
2024-10-03 16:00:00+00:00,60664.169,60696.79,60589.935,60641.606,0.000674001,190.57064285714296,0.006577403666666671
2024-10-03 16:05:00+00:00,60599.28,60745.35,60568.71,60728.818,0.002194808,189.92653571428568,0.006681918333333338
2024-10-03 16:10:00+00:00,60682.845,60722.54,60598.471,60598.471,0.0,188.58053571428587,0.006681918333333338
2024-10-03 16:15:00+00:00,60551.25,60638.2,60523.575,60523.575,0.011594572,179.31410714285707,0.007234040809523816
2024-10-03 16:20:00+00:00,60489.605,60500.7585,60392.4725,60437.5715,0.0,178.16292857142824,0.007234040809523816
2024-10-03 16:25:00+00:00,60391.49,60404.4,60201.4535,60227.9945,0.019099283,182.46349999999958,0.008143530476190482
2024-10-03 16:30:00+00:00,60199.43,60202.175,60091.0835,60202.175,0.0,173.73214285714235,0.008143530476190482
2024-10-03 16:35:00+00:00,60238.055,60316.7805,60238.055,60285.55,0.0,165.9388571428561,0.008143530476190482
2024-10-03 16:40:00+00:00,60262.07,60298.0595,60116.655,60171.8515,0.0,165.12435714285675,0.008143530476190482
2024-10-03 16:45:00+00:00,60206.2975,60232.5445,60138.0,60172.635,0.0,157.7577857142855,0.008142739190476197
2024-10-03 16:50:00+00:00,60153.8515,60209.64,60075.99,60139.4355,0.0,158.46253571428574,0.008142739190476197
2024-10-03 16:55:00+00:00,60114.3295,60234.395,60102.269,60162.913,0.0028,149.35510714285712,0.006023218333333338
2024-10-03 17:00:00+00:00,60132.023,60166.9,59923.276,60079.45,0.002789916,144.94978571428615,0.005707530904761909
2024-10-03 17:05:00+00:00,60109.581,60301.4055,60109.581,60301.4055,0.0,153.89346428571454,0.005707530904761909
2024-10-03 17:10:00+00:00,60325.175,60419.519,60325.175,60359.24,0.0,154.69764285714285,0.005630603523809528
2024-10-03 17:15:00+00:00,60390.363,60452.815,60353.895,60421.69,0.0,149.1462142857147,0.005630603523809528
2024-10-03 17:20:00+00:00,60449.395,60602.19,60449.395,60602.19,0.0,152.72857142857174,0.005518919380952386
2024-10-03 17:25:00+00:00,60564.7,60705.46,60564.7,60629.208,0.0,154.5953571428576,0.0018644085714285767
2024-10-03 17:30:00+00:00,60667.65,60699.685,60575.434,60575.434,0.0,154.10596428571495,0.0018644085714285767
2024-10-03 17:35:00+00:00,60533.4,60533.4,60403.0,60403.0,0.0,149.55710714285826,0.0018644085714285767
2024-10-03 17:40:00+00:00,60428.64,60567.05,60355.855,60567.05,0.00041886,154.86310714285824,0.001884354285714291
2024-10-03 17:45:00+00:00,60521.82,60634.1685,60521.82,60542.76,0.020887359,154.7018928571441,0.0028468951428571483
2024-10-03 17:50:00+00:00,60525.9605,60660.36,60483.265,60660.36,0.0,154.39407142857246,0.0027423804761904816
2024-10-03 17:55:00+00:00,60693.9115,60693.9115,60565.9835,60617.546,0.0,156.7786071428579,0.0027423804761904816
2024-10-03 18:00:00+00:00,60659.592,60659.592,60557.3895,60623.458,1.6485e-05,154.53235714285776,0.0021910430000000054
2024-10-03 18:05:00+00:00,60599.46,60633.2765,60546.714,60546.714,0.0,151.27782142857228,0.0021910430000000054
2024-10-03 18:10:00+00:00,60572.4,60613.525,60572.4,60613.525,0.0,138.64832142857216,0.0012815533333333387
2024-10-03 18:15:00+00:00,60637.02,60729.861,60637.02,60729.861,0.0,131.1040714285716,0.0012815533333333387
2024-10-03 18:20:00+00:00,60773.56,60827.3365,60681.4685,60681.4685,0.01541113,133.08653571428553,0.002015416666666672
2024-10-03 18:25:00+00:00,60727.598,60727.598,60659.6,60661.47,0.000320531,130.87782142857083,0.002030680047619053
2024-10-03 18:30:00+00:00,60637.39,60637.39,60513.6,60540.41,0.00263281,128.54710714285673,0.002156051952380958
2024-10-03 18:35:00+00:00,60567.429,60633.25,60567.429,60628.3845,0.0001,125.1242499999992,0.0021608138571428625
2024-10-03 18:40:00+00:00,60585.1605,60706.895,60585.1605,60640.2,0.0,124.94449999999935,0.0020274805238095295
2024-10-03 18:45:00+00:00,60615.3895,60747.4995,60615.3895,60716.3125,0.0,122.06421428571359,0.0018946273809523862
2024-10-03 18:50:00+00:00,60749.0005,60774.12,60722.53,60722.53,0.0,111.1079642857138,0.0018946273809523862
2024-10-03 18:55:00+00:00,60746.0235,60777.951,60721.4875,60721.4875,0.0,107.11617857142794,0.0018946273809523862
2024-10-03 19:00:00+00:00,60742.905,60742.905,60693.598,60736.345,1.6462e-05,97.98846428571362,0.001895411285714291
2024-10-03 19:05:00+00:00,60690.1,60690.1,60590.856,60590.856,0.0,99.24282142857088,0.001895411285714291
2024-10-03 19:10:00+00:00,60583.424,60661.2065,60553.558,60636.8,0.016865478,99.63182142857113,0.0026985292857142915
2024-10-03 19:15:00+00:00,60675.335,60702.3765,60653.853,60702.3765,0.0,98.13282142857081,0.0026985292857142915
2024-10-03 19:20:00+00:00,60680.3125,60762.738,60680.3125,60762.738,0.0,99.24814285714196,0.0026985292857142915
2024-10-03 19:25:00+00:00,60800.5225,60832.931,60731.728,60731.728,0.0,98.16721428571327,0.0026785835714285768
2024-10-03 19:30:00+00:00,60760.405,60887.58,60760.405,60887.58,0.0,98.88035714285641,0.001683947428571434
2024-10-03 19:35:00+00:00,60862.135,60898.05,60862.135,60895.935,0.0,96.58871428571365,0.001683947428571434
2024-10-03 19:40:00+00:00,60876.795,60876.795,60811.249,60811.249,0.0,92.0755714285702,0.001683947428571434
2024-10-03 19:45:00+00:00,60837.565,60931.95,60837.565,60931.95,0.0,94.06564285714141,0.0016831624285714342
2024-10-03 19:50:00+00:00,60956.75,60994.525,60863.148,60994.525,0.005391331,94.75439285714154,0.001939892476190482
2024-10-03 19:55:00+00:00,60971.9395,61035.807,60935.465,61035.807,0.0,92.48524999999894,0.001939892476190482
2024-10-03 20:00:00+00:00,61000.5,61000.5,60908.5685,60998.62,0.00806414,97.44460714285586,0.0023238991428571483
2024-10-03 20:05:00+00:00,61032.61,61062.0265,60975.899,60975.899,0.0,99.56346428571331,0.001590035809523815
2024-10-03 20:10:00+00:00,61003.98,61003.98,60920.56,60934.985,0.65,102.00010714285652,0.03252715338095239
2024-10-03 20:15:00+00:00,60963.575,60998.923,60938.9,60938.9,0.0,96.17503571428513,0.03240178147619048
2024-10-03 20:20:00+00:00,60897.6755,60938.9265,60793.445,60832.115,0.0,98.87739285714217,0.03239701957142858
2024-10-03 20:30:00+00:00,60859.78,60859.78,60667.9055,60667.9055,0.0,107.89867857142806,0.03239701957142858
2024-10-03 20:35:00+00:00,60705.7,60801.85,60705.7,60801.85,0.0,111.57860714285665,0.03239701957142858
2024-10-03 20:40:00+00:00,60786.3935,60786.3935,60751.3515,60759.667,0.0,107.95685714285719,0.03239701957142858
2024-10-03 20:45:00+00:00,60769.194,60784.2335,60729.106,60757.066,0.0,100.7622500000003,0.03239701957142858
2024-10-03 20:50:00+00:00,60751.1605,60766.211,60751.1605,60766.211,0.0,99.27192857142914,0.032396235666666676
2024-10-03 20:55:00+00:00,60795.17,60795.17,60723.8285,60752.6005,0.000415815,98.31875000000062,0.03241603638095239
2024-10-03 21:00:00+00:00,60787.7,60808.566,60660.125,60660.125,1.645e-05,100.30017857142957,0.03161370171428572
2024-10-03 21:05:00+00:00,60631.5875,60752.2115,60631.5875,60752.2115,0.0,99.53210714285784,0.03161370171428572
2024-10-03 21:10:00+00:00,60784.4,60845.65,60764.795,60845.65,0.0,99.03900000000067,0.03161370171428572
2024-10-03 21:15:00+00:00,60888.25,60936.08,60888.25,60936.08,0.0,96.40982142857216,0.03161370171428572
2024-10-03 21:20:00+00:00,60909.1,60909.1,60886.835,60908.997,0.0,93.77535714285789,0.03161370171428572
2024-10-03 21:25:00+00:00,60917.945,60917.945,60834.5675,60860.5,0.001,93.77232142857194,0.03166132076190477
2024-10-03 21:30:00+00:00,60852.676,60863.7555,60788.094,60820.7495,0.0009975,94.60971428571482,0.03170882076190477
2024-10-03 21:35:00+00:00,60840.55,60862.5,60736.44,60759.1245,0.0019975,93.22246428571452,0.03180393980952382
2024-10-03 21:40:00+00:00,60774.08,60774.08,60726.165,60726.165,0.0,82.9396428571433,0.03154720976190477
2024-10-03 21:45:00+00:00,60739.2155,60771.7,60739.2155,60771.7,0.0,76.6246785714289,0.03154720976190477
2024-10-03 21:50:00+00:00,60761.858,60788.7085,60732.535,60777.455,0.0,77.03003571428573,0.031163203095238103
2024-10-03 21:55:00+00:00,60773.415,60824.151,60773.415,60824.151,0.0,76.71635714285678,0.031163203095238103
2024-10-03 22:00:00+00:00,60855.101,60855.101,60763.6785,60803.456,1.6432e-05,82.17149999999934,0.00021160461904762433
2024-10-03 22:05:00+00:00,60851.1,60852.25,60745.2215,60852.25,0.0,84.72057142857115,0.00021160461904762433
2024-10-03 22:10:00+00:00,60817.1385,60821.86,60781.341,60821.86,0.0,79.18257142857121,0.00021160461904762433
2024-10-03 22:15:00+00:00,60789.012,60848.39,60734.465,60763.68,0.079964867,78.70407142857168,0.0040194554285714335
2024-10-03 22:20:00+00:00,60803.5965,60848.8,60803.5965,60828.2775,0.0,78.10989285714302,0.0040194554285714335
2024-10-03 22:25:00+00:00,60859.6875,60897.015,60822.636,60890.399,0.0,76.96339285714306,0.0040194554285714335
2024-10-03 22:30:00+00:00,60911.85,60969.615,60911.85,60969.615,0.0,79.10417857142862,0.0040194554285714335
2024-10-03 22:35:00+00:00,60918.55,60918.55,60825.005,60841.285,0.0,83.47792857142849,0.0040194554285714335
2024-10-03 22:40:00+00:00,60797.385,60826.16,60776.124,60806.6755,0.0,82.72789285714263,0.003999654714285719
2024-10-03 22:45:00+00:00,60837.03,60843.345,60799.35,60843.345,0.0,76.86610714285727,0.003998871380952386
2024-10-03 22:50:00+00:00,60872.925,60898.4945,60872.925,60898.4945,0.0,77.38285714285719,0.003998871380952386
2024-10-03 22:55:00+00:00,60861.094,60896.775,60861.094,60896.775,0.0,76.80182142857198,0.003998871380952386
2024-10-03 23:00:00+00:00,60925.35,60953.26,60864.04,60864.04,1.6413e-05,79.16228571428655,0.003999652952380957
2024-10-03 23:05:00+00:00,60893.345,60931.5515,60826.4,60826.4,0.0,83.04910714285818,0.003999652952380957
2024-10-03 23:10:00+00:00,60863.538,60863.538,60821.446,60821.446,0.0,79.52550000000078,0.00395203390476191
2024-10-03 23:15:00+00:00,60786.08,60786.08,60748.669,60758.789,0.0,77.07896428571517,0.00390453390476191
2024-10-03 23:20:00+00:00,60803.4325,60803.4325,60694.845,60763.37,0.0,79.77028571428673,0.0038094148571428624
2024-10-03 23:25:00+00:00,60743.2145,60771.8,60743.2145,60766.995,0.0,73.67460714285802,0.0038094148571428624
2024-10-03 23:30:00+00:00,60803.8135,60803.8135,60762.925,60762.925,0.0,70.51521428571452,0.0038094148571428624
2024-10-03 23:35:00+00:00,60719.519,60782.0355,60719.519,60782.0355,0.0,69.66789285714289,0.0038094148571428624
2024-10-03 23:40:00+00:00,60759.725,60824.15,60759.725,60790.455,0.0,68.61139285714307,0.0038094148571428624
2024-10-03 23:50:00+00:00,60761.7635,60792.355,60727.598,60792.355,0.0,62.90760714285768,0.003808632380952386
2024-10-03 23:55:00+00:00,60751.884,60781.02,60751.884,60760.54,0.0,61.1440357142866,0.003808632380952386
2024-10-04 00:00:00+00:00,60792.4,60792.4,60737.7825,60763.491,0.004819048,61.90278571428644,0.004038110857142862
2024-10-04 00:05:00+00:00,60731.5475,60770.68,60698.915,60739.15,0.0,63.08960714285786,0.00023026004761905291
2024-10-04 00:10:00+00:00,60774.05,60806.286,60707.8265,60729.24,0.0,67.45096428571456,0.00023026004761905291
2024-10-04 00:15:00+00:00,60693.09,60714.6365,60642.49,60672.55,0.0,67.2745357142859,0.00023026004761905291
2024-10-04 00:20:00+00:00,60640.33,60640.33,60578.35,60637.87,0.0,66.49228571428623,0.00023026004761905291
2024-10-04 00:25:00+00:00,60608.2,60727.13,60608.2,60727.13,0.0,71.98071428571504,0.00023026004761905291
2024-10-04 00:30:00+00:00,60700.0955,60761.7465,60693.024,60750.834,0.0,71.691107142858,0.00023026004761905291
2024-10-04 00:35:00+00:00,60696.699,60696.699,60575.224,60575.224,0.016049258,76.47842857142938,0.0009945104285714339
2024-10-04 00:40:00+00:00,60553.445,60626.5305,60553.445,60626.5305,0.0,79.6570000000008,0.0009945104285714339
2024-10-04 00:45:00+00:00,60651.15,60675.867,60582.95,60582.95,0.0,83.37332142857278,0.0009945104285714339
2024-10-04 00:50:00+00:00,60559.6155,60559.6155,60453.235,60500.6955,0.003,88.17321428571553,0.0011365860000000052
2024-10-04 00:55:00+00:00,60519.2415,60531.855,60489.24,60500.57,0.0,86.61535714285856,0.0011365860000000052
2024-10-04 01:00:00+00:00,60529.1815,60580.7965,60493.93,60580.7965,0.0,88.19460714285795,0.0011365860000000052
2024-10-04 01:05:00+00:00,60562.435,60578.2455,60528.1525,60578.2455,0.0,89.0641071428576,0.0011365860000000052
2024-10-04 01:10:00+00:00,60612.8,60614.764,60549.7925,60614.764,0.0,89.80367857142899,0.0011365860000000052
2024-10-04 01:15:00+00:00,60656.3,60741.413,60656.3,60741.413,0.0,93.72396428571457,0.0011365860000000052
2024-10-04 01:20:00+00:00,60710.975,60960.145,60710.975,60957.5485,0.0,104.48900000000036,0.0011365860000000052
2024-10-04 01:25:00+00:00,60928.295,61198.44,60901.6,61081.9165,0.01297304,119.4954285714292,0.0017543498095238146
2024-10-04 01:30:00+00:00,61108.352,61182.1405,61045.15,61045.15,0.0,122.55189285714316,0.0017543498095238146
2024-10-04 01:35:00+00:00,61018.13,61069.001,60989.3235,60989.3235,0.0,119.748142857143,0.0017543498095238146
2024-10-04 01:40:00+00:00,60949.91,61051.6785,60949.91,61051.6785,0.0,122.1085714285712,0.0017543498095238146
2024-10-04 01:45:00+00:00,61022.347,61183.09,61022.347,61183.09,0.0,121.04664285714223,0.001524871333333339
2024-10-04 01:50:00+00:00,61141.488,61208.5,61140.035,61208.5,0.0,120.71660714285619,0.001524871333333339
2024-10-04 01:55:00+00:00,61230.532,61246.085,61186.7515,61223.058,0.0,118.31778571428471,0.001524871333333339
2024-10-04 02:00:00+00:00,61191.56,61244.2,61132.549,61132.549,0.0,117.02749999999911,0.001524871333333339
2024-10-04 02:05:00+00:00,61162.289,61247.15,61120.853,61155.152,0.0,123.00478571428435,0.001524871333333339
2024-10-04 02:10:00+00:00,61204.2335,61204.2335,61109.55,61141.87,0.0,123.56314285714168,0.001524871333333339
2024-10-04 02:15:00+00:00,61093.07,61093.07,61068.97,61068.97,0.0,125.00999999999893,0.001524871333333339
2024-10-04 02:20:00+00:00,61047.25,61047.25,60976.057,60976.057,0.0,127.0058214285704,0.0007606209523809577
2024-10-04 02:25:00+00:00,60953.7,61010.199,60940.17,61010.199,0.0029955,122.96153571428502,0.0009032638095238148
2024-10-04 02:30:00+00:00,60978.462,61071.737,60978.462,61071.737,0.0,111.82617857142812,0.0009032638095238148
2024-10-04 02:35:00+00:00,61041.2,61136.0,61041.2,61136.0,0.0,97.39474999999948,0.0007604066666666721
2024-10-04 02:40:00+00:00,61113.295,61113.295,61071.003,61071.003,0.0,92.25235714285684,0.0007604066666666721
2024-10-04 02:45:00+00:00,61040.8265,61110.828,61040.8265,61110.828,0.0,91.56121428571403,0.0007604066666666721
2024-10-04 02:50:00+00:00,61083.8,61083.8,61046.854,61046.854,0.0,88.86160714285714,0.0007604066666666721
2024-10-04 02:55:00+00:00,61081.438,61081.438,61051.735,61051.735,0.0,79.85025000000054,0.0007604066666666721
2024-10-04 03:05:00+00:00,61012.645,61012.645,60965.8,60965.8,0.0,81.09810714285777,0.0007604066666666721
2024-10-04 03:10:00+00:00,60966.9215,60981.34,60956.638,60964.423,0.0,78.62442857142898,0.0007604066666666721
2024-10-04 03:15:00+00:00,60960.2805,60978.55,60950.781,60952.9685,0.0,72.6328571428577,0.00014264285714286242
2024-10-04 03:20:00+00:00,60969.5975,60970.855,60965.075,60970.6325,0.0,64.8892500000007,0.00014264285714286242
2024-10-04 03:25:00+00:00,60950.0,60950.0,60903.095,60903.095,0.003,62.95025000000065,0.00028550000000000526
2024-10-04 03:30:00+00:00,60938.1155,60938.1155,60909.495,60925.015,0.0,60.24457142857188,0.00028550000000000526
2024-10-04 03:35:00+00:00,60947.7295,60961.63,60922.828,60946.302,0.0,56.379500000000135,0.00028550000000000526
2024-10-04 03:40:00+00:00,60926.55,60926.55,60926.55,60926.55,0.0,52.78828571428572,0.00028550000000000526
2024-10-04 03:45:00+00:00,60896.6,60937.5985,60896.6,60937.5985,0.000775057,49.05425000000001,0.0003224074761904815
2024-10-04 03:50:00+00:00,60982.765,60982.765,60968.25,60968.25,0.0,45.50899999999975,0.0003224074761904815
2024-10-04 03:55:00+00:00,60924.333,60924.333,60924.333,60924.333,0.0,44.00328571428535,0.0003224074761904815
2024-10-04 04:00:00+00:00,60965.0,60990.455,60965.0,60990.455,0.0,43.72617857142853,0.0003224074761904815
2024-10-04 04:05:00+00:00,61013.0,61055.99,61008.955,61008.955,0.001,43.837678571428114,0.0003700265238095291
2024-10-04 04:10:00+00:00,60999.073,61002.81,60999.073,60999.35,0.0,42.073249999999724,0.0003700265238095291
2024-10-04 04:15:00+00:00,60975.2165,61018.43,60970.483,61004.657,0.0,39.35982142857132,0.00022738366666667195
2024-10-04 04:20:00+00:00,61031.839,61102.95,61026.135,61102.95,0.0,44.61632142857135,0.00022738366666667195
2024-10-04 04:25:00+00:00,61134.35,61157.8695,61134.35,61157.8695,0.0,46.55564285714302,0.00022738366666667195
2024-10-04 04:30:00+00:00,61191.2265,61193.356,61158.612,61193.356,0.0,47.81278571428577,0.00022738366666667195
2024-10-04 04:35:00+00:00,61233.932,61233.932,61143.49,61143.49,0.00078,49.44882142857178,0.0002645265238095291
2024-10-04 04:40:00+00:00,61124.433,61124.433,61106.93,61106.93,0.0,49.558785714285996,0.0002645265238095291
2024-10-04 04:45:00+00:00,61058.7075,61067.5,60943.3375,60943.3375,0.002254955,58.47239285714334,0.0003719053333333386
2024-10-04 04:50:00+00:00,60980.9305,60984.767,60961.365,60979.075,0.0,60.02078571428605,0.0003719053333333386
2024-10-04 04:55:00+00:00,61002.378,61025.9315,60993.7285,61011.465,0.0,60.439214285714634,0.0003719053333333386
2024-10-04 05:00:00+00:00,60993.89,61019.77,60993.89,61019.77,0.0,59.06160714285735,0.0003719053333333386
2024-10-04 05:05:00+00:00,61032.8365,61130.564,61017.6,61130.564,0.0,63.99353571428583,0.0003719053333333386
2024-10-04 05:10:00+00:00,61154.3055,61154.3055,61115.975,61132.55,0.0,62.00842857142873,0.00022904819047619575
2024-10-04 05:15:00+00:00,61143.252,61157.9505,61133.5,61157.9505,0.0,59.14167857142872,0.00022904819047619575
2024-10-04 05:20:00+00:00,61180.582,61180.582,61158.591,61158.591,0.0,60.052357142857154,0.00022904819047619575
2024-10-04 05:25:00+00:00,61160.3635,61192.85,61131.7765,61190.335,0.0,60.98996428571419,0.00022904819047619575
2024-10-04 05:30:00+00:00,61182.649,61182.8665,61147.02,61147.02,0.0,57.06296428571451,0.00019214071428571956
2024-10-04 05:35:00+00:00,61163.345,61163.345,61137.417,61159.35,3.01e-06,54.99214285714282,0.0001922840476190529
2024-10-04 05:40:00+00:00,61193.178,61202.112,61193.178,61199.1,0.0,55.51182142857163,0.0001922840476190529
2024-10-04 05:45:00+00:00,61197.0105,61197.0105,61197.0105,61197.0105,0.0,49.20092857142871,0.0001922840476190529
2024-10-04 05:50:00+00:00,61234.121,61234.121,61204.4745,61223.61,0.0,49.24025000000048,0.00014466500000000527
2024-10-04 05:55:00+00:00,61209.8995,61209.8995,61209.8995,61209.8995,0.0,38.534392857143494,0.00014466500000000527
2024-10-04 06:00:00+00:00,61184.952,61184.952,61130.844,61130.844,0.0,41.2219642857152,0.00014466500000000527
2024-10-04 06:10:00+00:00,61146.037,61146.037,61146.037,61146.037,0.0,38.96028571428646,0.00014466500000000527
2024-10-04 06:15:00+00:00,61121.585,61217.705,61121.585,61217.705,0.0,43.97742857142969,0.00014466500000000527
2024-10-04 06:20:00+00:00,61208.535,61337.758,61208.535,61321.55,0.000162425,45.138785714286705,0.0001523995238095291
2024-10-04 06:25:00+00:00,61340.135,61341.48,61235.205,61235.205,0.0,49.99196428571512,0.00011525666666667194
2024-10-04 06:30:00+00:00,61279.978,61318.2795,61279.978,61284.514,0.0,54.11153571428648,0.00011525666666667194
2024-10-04 06:35:00+00:00,61308.6265,61308.6265,61254.485,61254.485,0.0,56.362250000000394,7.87785714286243e-06
2024-10-04 06:40:00+00:00,61221.05,61258.8,61136.55,61136.55,0.027111904,60.73200000000049,0.00129892090476191
2024-10-04 06:45:00+00:00,61177.39,61197.63,61090.391,61197.63,0.003993,65.2979999999999,0.0014890637619047668
2024-10-04 06:50:00+00:00,61177.42,61177.42,61155.76,61155.76,0.0,66.43671428571386,0.0014890637619047668
2024-10-04 06:55:00+00:00,61123.55,61123.55,61123.55,61123.55,0.0,65.68299999999934,0.0014890637619047668
2024-10-04 07:00:00+00:00,61108.3935,61145.241,61070.53,61145.241,0.0,70.87024999999942,0.0014890637619047668
2024-10-04 07:05:00+00:00,61122.928,61122.928,61122.2435,61122.2435,0.0,69.86217857142817,0.0014890637619047668
2024-10-04 07:10:00+00:00,61093.1,61188.5905,61057.361,61188.5905,0.0,78.25639285714247,0.0014890637619047668
2024-10-04 07:15:00+00:00,61235.433,61271.846,61185.585,61185.585,0.009528414,78.77107142857078,0.0019427977619047672
2024-10-04 07:20:00+00:00,61230.282,61328.008,61230.282,61328.008,0.0,87.85892857142815,0.0019427977619047672
2024-10-04 07:25:00+00:00,61353.2,61353.2,61327.0195,61327.0195,0.000317192,82.86324999999904,0.001957758809523815
2024-10-04 07:30:00+00:00,61301.63,61332.05,61301.63,61332.05,0.0,75.80589285714242,0.001957758809523815
2024-10-04 07:35:00+00:00,61359.96,61359.96,61359.96,61359.96,0.0,70.20839285714204,0.001957758809523815
2024-10-04 07:40:00+00:00,61328.85,61400.2725,61328.85,61400.2725,0.0,69.37610714285672,0.001957758809523815
2024-10-04 07:45:00+00:00,61417.115,61439.8575,61417.115,61419.78,0.0,68.33635714285681,0.001957758809523815
2024-10-04 07:50:00+00:00,61440.7,61452.14,61440.7,61452.14,0.0,61.915642857142565,0.001957758809523815
2024-10-04 07:55:00+00:00,61451.15,61451.15,61417.533,61417.533,0.0,56.72764285714272,0.001957758809523815
2024-10-04 08:00:00+00:00,61388.566,61442.2,61359.8,61359.8,0.001778191,59.62264285714264,0.002042434571428577
2024-10-04 08:05:00+00:00,61360.4,61382.91,61346.9405,61382.91,0.0,59.89117857142888,0.0020347000476190528
2024-10-04 08:10:00+00:00,61396.2,61418.692,61386.096,61390.475,0.003168544,57.11053571428575,0.002185583095238101
2024-10-04 08:15:00+00:00,61359.2505,61514.2115,61355.65,61514.2115,0.001102926,66.79367857142799,0.0022381033809523864
2024-10-04 08:20:00+00:00,61486.25,61601.64,61486.25,61579.03,0.659423998,65.66228571428499,0.03363924614285715
2024-10-04 08:25:00+00:00,61610.6865,61624.471,61561.8,61561.8,0.0,63.977285714284726,0.0323482030952381
2024-10-04 08:30:00+00:00,61598.5925,61598.5925,61566.7,61581.873,0.0,56.43224999999854,0.03215806023809524
2024-10-04 08:35:00+00:00,61625.8085,61625.8085,61549.705,61549.705,0.001252817,59.99817857142729,0.0322177181904762
2024-10-04 08:40:00+00:00,61602.3565,61627.451,61577.35,61577.35,0.0,63.37860714285541,0.0322177181904762
2024-10-04 08:45:00+00:00,61561.5505,61575.985,61534.4135,61575.985,0.0,64.45192857142683,0.0322177181904762
2024-10-04 08:50:00+00:00,61547.1095,61547.1095,61529.43,61529.43,0.0,62.675678571426815,0.0322177181904762
2024-10-04 08:55:00+00:00,61482.3145,61482.3145,61467.0,61467.0,0.0,64.30746428571261,0.0322177181904762
2024-10-04 09:00:00+00:00,61438.165,61468.399,61426.04,61468.399,0.0,65.02167857142662,0.03176398419047619
2024-10-04 09:05:00+00:00,61482.0235,61546.635,61482.0235,61540.25,0.0,68.13803571428434,0.03176398419047619
2024-10-04 09:10:00+00:00,61534.097,61546.395,61505.86,61505.86,0.0,65.14767857142735,0.03174887980952381
2024-10-04 09:15:00+00:00,61508.6975,61585.33,61508.6975,61521.2005,0.003949963,68.25485714285553,0.031936973285714286
2024-10-04 09:20:00+00:00,61483.38,61488.2565,61460.6,61460.7,0.0,70.02760714285562,0.031936973285714286
2024-10-04 09:25:00+00:00,61442.77,61442.77,61396.2095,61417.8695,0.0,63.30824999999874,0.031936973285714286
2024-10-04 09:30:00+00:00,61368.13,61402.16,61368.13,61373.598,0.110928907,58.618928571427595,0.037219302190476186
2024-10-04 09:35:00+00:00,61359.105,61411.071,61359.105,61411.071,0.0,57.85428571428513,0.037219302190476186
2024-10-04 09:40:00+00:00,61418.545,61418.545,61359.1,61359.1,0.0,59.472321428571114,0.037219302190476186
2024-10-04 09:50:00+00:00,61335.231,61335.231,61303.68,61303.68,0.0,57.99492857142832,0.037134626428571425
2024-10-04 09:55:00+00:00,61338.018,61338.018,61338.018,61338.018,0.0,54.89435714285667,0.037134626428571425
2024-10-04 10:00:00+00:00,61307.08,61405.3195,61307.08,61339.915,0.0,58.844571428570944,0.03698374338095238
2024-10-04 10:05:00+00:00,61307.099,61307.099,61276.007,61282.355,0.0,60.08407142857114,0.036931223095238094
2024-10-04 10:10:00+00:00,61310.2225,61310.2225,61310.2225,61310.2225,0.0,57.61532142857114,0.005530080333333338
2024-10-04 10:15:00+00:00,61284.5065,61284.5065,61284.5065,61284.5065,0.0,56.42653571428569,0.005530080333333338
2024-10-04 10:20:00+00:00,61308.385,61337.2985,61303.0925,61303.0925,0.0,54.609107142856374,0.005530080333333338
2024-10-04 10:25:00+00:00,61286.0215,61286.0215,61286.0215,61286.0215,0.0,52.93310714285638,0.005470422380952386
2024-10-04 10:30:00+00:00,61305.61,61335.703,61305.61,61335.703,0.0,50.80535714285621,0.005470422380952386
2024-10-04 10:35:00+00:00,61372.905,61411.7785,61372.905,61411.7785,0.0,51.91071428571325,0.005470422380952386
2024-10-04 10:40:00+00:00,61374.4555,61374.4555,61356.1745,61360.5,0.0,51.27596428571321,0.005470422380952386
2024-10-04 10:45:00+00:00,61341.65,61341.65,61330.7,61330.7,0.0,49.85171428571318,0.005470422380952386
2024-10-04 10:50:00+00:00,61306.992,61306.992,61299.8925,61299.8925,0.0,48.340392857141396,0.005470422380952386
2024-10-04 10:55:00+00:00,61275.55,61275.55,61275.55,61275.55,0.0,45.8330714285699,0.005470422380952386
2024-10-04 11:00:00+00:00,61296.705,61345.98,61265.2635,61334.55,0.000793074,47.63996428571305,0.005508187809523815
2024-10-04 11:05:00+00:00,61365.375,61365.375,61365.375,61365.375,0.0,47.389035714284546,0.005320094333333338
2024-10-04 11:10:00+00:00,61393.5355,61393.5355,61393.5355,61393.5355,0.0,42.383392857141835,0.005320094333333338
2024-10-04 11:15:00+00:00,61423.705,61425.1535,61423.705,61425.1535,0.0,40.0769642857132,0.005320094333333338
2024-10-04 11:20:00+00:00,61420.755,61427.4345,61331.8815,61331.8815,0.0,44.91164285714175,3.776542857143386e-05
2024-10-04 11:25:00+00:00,61355.712,61355.712,61320.585,61320.585,0.0,45.58385714285604,3.776542857143386e-05
2024-10-04 11:30:00+00:00,61342.3,61342.3,61300.235,61313.6145,0.0,44.817642857142346,3.776542857143386e-05
2024-10-04 11:35:00+00:00,61349.119,61362.225,61292.705,61362.225,0.015860687,48.563999999999524,0.0007930362380952434
2024-10-04 11:40:00+00:00,61404.555,61404.555,61386.545,61386.545,0.0,48.03889285714259,0.0007930362380952434
2024-10-04 11:45:00+00:00,61410.41,61453.0085,61410.41,61441.15,0.0,47.352321428571614,0.0007930362380952434
2024-10-04 11:55:00+00:00,61433.267,61446.3495,61397.5145,61433.8,0.008813143,46.8688214285716,0.0012127097142857195
2024-10-04 12:00:00+00:00,61442.4625,61480.3005,61442.4625,61444.1575,0.0,48.06171428571387,0.0012127097142857195
2024-10-04 12:05:00+00:00,61476.31,61476.31,61405.2025,61405.2025,0.015947478,50.9402857142855,0.0019721134285714337
2024-10-04 12:10:00+00:00,61423.85,61457.8295,61400.639,61400.639,0.0,53.28657142857109,0.0019721134285714337
2024-10-04 12:15:00+00:00,61434.8,61467.5075,61434.8,61467.5075,0.0,52.29742857142784,0.0019721134285714337
2024-10-04 12:20:00+00:00,61508.0135,61550.1385,61455.3,61550.1385,0.0,56.869821428570766,0.0019721134285714337
2024-10-04 12:25:00+00:00,61493.98,61561.95,61493.98,61561.95,0.0,59.713357142856175,0.0019721134285714337
2024-10-04 12:30:00+00:00,61605.086,61781.63,61203.8645,61332.9775,0.0,98.72389285714131,0.0019721134285714337
2024-10-04 12:35:00+00:00,61351.3855,61555.68,61351.3855,61550.8155,0.018968957,107.80599999999842,0.0028753970952381004
2024-10-04 12:40:00+00:00,61503.567,61503.567,61342.286,61345.9515,0.0,120.19189285714103,0.0028753970952381004
2024-10-04 12:45:00+00:00,61362.7805,61638.417,61362.7805,61592.7635,0.007896911,138.07764285714075,0.0032514404761904816
2024-10-04 12:50:00+00:00,61558.3415,61744.5795,61558.3415,61744.5795,0.0,146.4146428571408,0.003213675047619053
2024-10-04 12:55:00+00:00,61765.433,61901.0175,61744.5795,61901.0175,0.000155017,154.56521428571224,0.0032210568095238142
2024-10-04 13:00:00+00:00,61923.972,61960.275,61742.9,61742.9,0.0,165.34460714285473,0.0032210568095238142
2024-10-04 13:05:00+00:00,61782.3055,61782.3055,61678.325,61735.128,0.0,169.28357142856945,0.0032210568095238142
2024-10-04 13:10:00+00:00,61768.4135,61838.61,61738.94,61772.85,0.0,173.35367857142722,0.0032210568095238142
2024-10-04 13:15:00+00:00,61808.697,61808.697,61639.45,61639.45,0.0,180.36364285714185,0.0032210568095238142
2024-10-04 13:20:00+00:00,61621.346,61621.346,61519.65,61519.65,0.0,184.83574999999888,0.0032210568095238142
2024-10-04 13:25:00+00:00,61489.8415,61587.085,61489.8415,61559.7685,0.0,187.00539285714174,0.0024657860000000054
2024-10-04 13:30:00+00:00,61526.79,61634.911,61491.255,61634.911,0.0,190.49235714285638,0.0024657860000000054
2024-10-04 13:35:00+00:00,61680.205,61798.1,61645.2605,61769.45,0.0006928,197.29371428571383,0.002498776476190482
2024-10-04 13:40:00+00:00,61812.37,61873.4085,61765.35,61827.0,0.0,163.7432142857142,0.0020791030000000053
2024-10-04 13:45:00+00:00,61788.762,61821.14,61684.205,61722.85,0.048967627,158.03553571428554,0.004410894761904767
2024-10-04 13:50:00+00:00,61753.39,61802.925,61635.27,61635.27,0.0,155.11592857142907,0.003651491047619053
2024-10-04 13:55:00+00:00,61664.044,61664.044,61547.9,61547.9,0.0,142.52153571428633,0.003651491047619053
2024-10-04 14:00:00+00:00,61515.777,61515.777,61370.2195,61370.2195,0.0,141.91028571428666,0.003651491047619053
2024-10-04 14:05:00+00:00,61420.9,61506.8925,61245.65,61245.65,5.6295e-05,149.39632142857226,0.003654171761904767
2024-10-04 14:10:00+00:00,61233.5835,61328.105,61151.2035,61328.105,0.0,146.50535714285797,0.003654171761904767
2024-10-04 14:15:00+00:00,61285.9,61420.8555,61285.9,61414.99,0.0,148.71785714285735,0.003654171761904767
2024-10-04 14:20:00+00:00,61374.5025,61374.5025,61025.45,61025.45,0.120577638,169.15057142857145,0.008492680380952387
2024-10-04 14:25:00+00:00,61053.325,61136.8005,60852.7855,60945.2,0.00798879,177.34828571428548,0.008873098952380958
2024-10-04 14:30:00+00:00,60917.2055,60933.51,60778.6475,60865.234,0.0,180.6877499999999,0.008497055571428578
2024-10-04 14:35:00+00:00,60892.0345,61032.7505,60892.0345,60932.59,0.0,185.70725000000053,0.008497055571428578
2024-10-04 14:40:00+00:00,60958.084,61110.915,60958.084,61110.915,0.0,188.18360714285777,0.008489673809523816
2024-10-04 14:45:00+00:00,61075.837,61179.77,61075.837,61179.77,0.0,183.95103571428626,0.008489673809523816
2024-10-04 14:50:00+00:00,61208.79,61264.059,61150.19,61189.585,0.0,184.36607142857196,0.008489673809523816
2024-10-04 14:55:00+00:00,61209.225,61209.225,61110.457,61207.71,0.000415815,181.2212857142861,0.00850947452380953
2024-10-04 15:00:00+00:00,61231.668,61497.4695,61231.668,61497.4695,0.0,189.94303571428568,0.00850947452380953
2024-10-04 15:05:00+00:00,61528.93,61721.375,61526.4915,61677.1,0.0,197.6402857142857,0.00850947452380953
2024-10-04 15:10:00+00:00,61720.095,61775.819,61604.12,61604.12,0.008323403,197.21303571428558,0.008905827047619054
2024-10-04 15:15:00+00:00,61643.759,61753.2715,61588.001,61615.473,4.22e-06,190.35789285714313,0.008906028000000007
2024-10-04 15:20:00+00:00,61600.155,61645.535,61527.44,61640.5415,4.13e-06,186.15742857142894,0.008873234190476195
2024-10-04 15:25:00+00:00,61610.345,61610.345,61517.675,61567.831,0.0,185.29392857142895,0.008873234190476195
2024-10-04 15:30:00+00:00,61524.2195,61550.29,61482.385,61550.29,0.0,163.5729285714286,0.006541442428571434
2024-10-04 15:35:00+00:00,61590.069,61590.069,61505.545,61546.822,0.0,149.32357142857185,0.006541442428571434
2024-10-04 15:40:00+00:00,61561.45,61670.325,61476.759,61667.18,0.0,151.25310714285766,0.006541442428571434
2024-10-04 15:45:00+00:00,61708.32,61727.0,61644.9,61644.9,0.0,145.1519285714286,0.006541442428571434
2024-10-04 15:50:00+00:00,61612.971,61733.665,61612.971,61733.665,0.0,141.03542857142853,0.00653876171428572
2024-10-04 15:55:00+00:00,61734.4,61843.635,61734.4,61843.635,0.003482015,141.46664285714309,0.006704571952380957
2024-10-04 16:00:00+00:00,61815.767,61856.3065,61789.48,61809.455,0.002612403,138.10646428571428,0.006828972095238101
2024-10-04 16:05:00+00:00,61784.27,61807.9035,61643.575,61643.575,0.0,142.90017857142917,0.001087179809523815
2024-10-04 16:10:00+00:00,61681.95,61737.325,61681.95,61737.325,0.0,128.8995000000006,0.0007067612380952434
2024-10-04 16:15:00+00:00,61777.79,61887.04,61777.79,61836.905,0.0,123.60017857142937,0.0007067612380952434
2024-10-04 16:20:00+00:00,61886.124,61921.7735,61883.965,61883.965,0.000190463,117.39800000000105,0.00071583090476191
2024-10-04 16:25:00+00:00,61851.8075,62002.95,61851.8075,62002.95,0.001071388,116.38885714285736,0.0007668493809523862
2024-10-04 16:30:00+00:00,62023.0745,62223.2345,62023.0745,62223.2345,6.0537e-05,123.68810714285739,0.0007697320952381005
2024-10-04 16:35:00+00:00,62212.75,62274.5,62212.75,62235.1505,0.02543265,119.32264285714336,0.001980810666666672
2024-10-04 16:40:00+00:00,62216.529,62252.65,62179.205,62204.595,0.0,118.46542857142933,0.0019610099523809576
2024-10-04 16:45:00+00:00,62177.3905,62252.15,62140.072,62252.15,0.0,120.43357142857192,0.0019610099523809576
2024-10-04 16:50:00+00:00,62219.9095,62238.329,62153.8675,62238.329,0.000851343,113.6276071428578,0.0020015500952381008
2024-10-04 16:55:00+00:00,62203.9,62276.205,62203.9,62242.455,0.0001,112.92796428571508,0.0016099594761904814
2024-10-04 17:00:00+00:00,62262.11,62276.7855,62201.83,62276.7855,0.65,109.66092857142887,0.03256213947619048
2024-10-04 17:05:00+00:00,62286.0,62325.66,62246.005,62319.7845,0.000468663,107.49557142857209,0.032584260095238106
2024-10-04 17:10:00+00:00,62295.02,62295.02,62197.963,62197.963,0.0,111.42378571428655,0.032584260095238106
2024-10-04 17:15:00+00:00,62230.255,62230.255,62166.9195,62166.9195,0.0,104.09917857142864,0.032584260095238106
2024-10-04 17:20:00+00:00,62128.2775,62128.2775,62128.2775,62128.2775,0.0,100.16289285714343,0.032584260095238106
2024-10-04 17:25:00+00:00,62093.166,62093.166,62066.607,62066.607,0.0,93.8739999999998,0.032584260095238106
2024-10-04 17:30:00+00:00,62030.185,62130.132,62008.79,62008.79,0.0,96.47924999999928,0.032584260095238106
2024-10-04 17:35:00+00:00,61986.085,61997.5095,61885.35,61991.761,0.005387517,94.50049999999985,0.03284080852380953
2024-10-04 17:40:00+00:00,62035.07,62156.065,62035.07,62156.065,0.0,90.50189285714285,0.03267499828571429
2024-10-04 17:45:00+00:00,62137.3705,62191.88,62137.3705,62150.16,0.0,89.98471428571429,0.03255059814285715
2024-10-04 17:50:00+00:00,62133.14,62133.14,62014.552,62031.955,0.0,94.42492857142861,0.03255059814285715
2024-10-04 17:55:00+00:00,62050.6785,62050.6785,62004.6275,62004.6275,0.0,89.7087142857142,0.03255059814285715
2024-10-04 18:00:00+00:00,61979.0485,61979.0485,61941.4535,61941.4535,0.0,87.20096428571404,0.03255059814285715
2024-10-04 18:05:00+00:00,61918.117,62004.95,61918.117,61998.028,2.077e-05,88.23867857142821,0.03254251752380953
2024-10-04 18:10:00+00:00,61963.2,61972.4775,61934.77,61972.4775,0.0,87.40314285714287,0.032491499047619055
2024-10-04 18:15:00+00:00,62012.135,62102.7115,62012.135,62102.7115,0.0,91.01592857142792,0.03248861633333334
2024-10-04 18:20:00+00:00,62053.625,62102.123,62031.89,62102.123,0.0,87.37307142857078,0.03127753776190477
2024-10-04 18:25:00+00:00,62132.7665,62158.7535,62132.7665,62135.8485,0.0,86.8941428571426,0.03127753776190477
2024-10-04 18:30:00+00:00,62161.4265,62225.5855,62161.4265,62225.5855,0.0,90.54378571428502,0.03127753776190477
2024-10-04 18:35:00+00:00,62254.53,62254.53,62219.4855,62219.4855,0.0,88.64192857142812,0.031236997619047625
2024-10-04 18:40:00+00:00,62260.49,62297.01,62172.1295,62172.1295,0.015744201,88.89467857142829,0.031981959571428575
2024-10-04 18:45:00+00:00,62199.81,62273.506,62172.1295,62193.165,0.001,87.31871428571374,0.001077197666666672
2024-10-04 18:50:00+00:00,62219.85,62278.25,62219.85,62278.25,0.0,81.66021428571341,0.0010548803809523862
2024-10-04 18:55:00+00:00,62254.2,62331.825,62254.2,62331.825,0.0,83.31132142857054,0.0010548803809523862
2024-10-04 19:00:00+00:00,62365.206,62443.941926952,62305.389,62305.389,0.0,83.52167335371321,0.0010548803809523862
2024-10-04 19:05:00+00:00,62332.175,62341.825,62309.9405,62309.9405,0.0,82.83488763942712,0.0010548803809523862
2024-10-04 19:10:00+00:00,62344.65,62356.005,62317.5765,62356.005,0.0,81.61278049657007,0.0010548803809523862
2024-10-04 19:15:00+00:00,62358.793,62393.63,62358.793,62393.63,0.0,78.09792335371301,0.0010548803809523862
2024-10-04 19:20:00+00:00,62433.65,62458.771926952,62433.65,62454.094426952,0.0,78.23248956457039,0.0007983319523809576
2024-10-04 19:25:00+00:00,62431.3325,62431.3325,62367.774,62408.5225,0.015590404,75.0958057754277,0.0015407321428571482
2024-10-04 19:30:00+00:00,62366.12,62413.237,62347.37,62387.866,0.008813143,74.74191291828485,0.0019604056190476245
2024-10-04 19:35:00+00:00,62352.38,62352.38,62332.4715,62332.4715,0.0,74.65362720399935,0.0019604056190476245
2024-10-04 19:40:00+00:00,62353.35,62353.35,62285.0,62285.0,0.0,73.12598434685631,0.0019604056190476245
2024-10-04 19:45:00+00:00,62312.875,62339.625,62312.875,62339.625,0.0,74.52459148971373,0.0019604056190476245
2024-10-04 19:50:00+00:00,62347.795,62388.522,62289.033,62365.604,0.007183287,72.71091291828478,0.002301477857142862
2024-10-04 19:55:00+00:00,62335.635,62457.6645,62291.9565,62394.245,0.0,77.30602006114194,0.002301477857142862
2024-10-04 20:00:00+00:00,62365.8435,62394.404,62337.2305,62392.7,0.0,75.31234148971375,0.002301477857142862
2024-10-04 20:05:00+00:00,62350.7575,62350.76,62343.32,62343.32,0.0,73.29484148971356,0.002301477857142862
2024-10-04 20:10:00+00:00,62283.7,62341.4735,62283.7,62341.4735,0.0,67.65677527885678,0.002301477857142862
2024-10-04 20:15:00+00:00,62319.818,62319.818,62266.74,62266.74,0.0,70.39231099314306,0.002301477857142862
2024-10-04 20:20:00+00:00,62235.69,62309.605,62235.69,62309.605,0.00077805,72.38163242171451,0.0023385278571428623
2024-10-04 20:25:00+00:00,62265.564,62271.61,62241.72,62241.72,0.0,74.54306099314324,0.001588804000000005
2024-10-04 20:30:00+00:00,62221.3,62221.3,62172.866,62172.866,0.0,74.808209068,0.0015411849523809579
2024-10-04 20:35:00+00:00,62216.705,62271.171,62216.705,62271.171,0.0001,75.66425000000007,0.0015459468571428624
2024-10-04 20:40:00+00:00,62295.003,62349.5955,62295.003,62348.736,0.000798368,76.56121428571454,0.0015839643809523862
2024-10-04 20:45:00+00:00,62386.3895,62415.775,62386.3895,62415.775,0.0,77.3929642857147,0.0015839643809523862
2024-10-04 20:50:00+00:00,62443.855,62443.855,62443.855,62443.855,0.0,74.51653571428635,0.0015839643809523862
2024-10-04 20:55:00+00:00,62469.2875,62469.2875,62408.88,62408.88,0.0,74.92957142857215,0.0015839643809523862
2024-10-04 21:00:00+00:00,62455.84,62455.84,62375.205,62381.064,0.0,73.58285714285792,0.0015839643809523862
2024-10-04 21:05:00+00:00,62358.9175,62371.25,62358.9175,62371.25,0.0,63.32846428571481,0.0015839643809523862
2024-10-04 21:10:00+00:00,62394.2125,62394.2125,62394.2125,62394.2125,0.0,60.88482142857174,0.0008415641904761958
2024-10-04 21:15:00+00:00,62383.6185,62424.0,62383.6185,62424.0,0.0,60.24207142857215,0.0004218907142857196
2024-10-04 21:20:00+00:00,62445.6,62445.6,62424.0,62433.9875,0.000767,57.52635714285758,0.00045841452380952904
2024-10-04 21:25:00+00:00,62394.844,62394.844,62394.844,62394.844,0.0,54.98421428571497,0.00045841452380952904
2024-10-04 21:30:00+00:00,62418.7,62418.7,62357.611,62379.45,0.078068891,54.06807142857205,0.004175980761904767
2024-10-04 21:35:00+00:00,62344.45,62344.45,62292.427,62315.795,0.0,55.435071428571455,0.003833919476190482
2024-10-04 21:40:00+00:00,62328.55,62328.55,62328.55,62328.55,0.0,51.4280000000004,0.003833919476190482
2024-10-04 21:45:00+00:00,62287.3095,62352.92,62287.3095,62332.083,0.007802675,49.092678571428614,0.004205475428571434
2024-10-04 21:50:00+00:00,62328.075,62339.742,62317.4975,62336.6195,0.0,45.07982142857145,0.004205475428571434
2024-10-04 21:55:00+00:00,62305.56,62305.56,62290.535,62295.9735,0.0,43.58307142857094,0.004205475428571434
2024-10-04 22:00:00+00:00,62339.7515,62339.7515,62284.17,62284.17,0.0,45.547464285713694,0.004205475428571434
2024-10-04 22:05:00+00:00,62262.3585,62262.3585,62262.3585,62262.3585,0.0,42.79060714285619,0.0041684254285714335
2024-10-04 22:10:00+00:00,62299.883,62299.883,62257.3895,62257.3895,0.0,40.066214285714004,0.0041684254285714335
2024-10-04 22:15:00+00:00,62259.37,62327.2435,62259.37,62327.2435,0.0,43.473892857142864,0.0041684254285714335
2024-10-04 22:20:00+00:00,62299.2255,62350.5735,62287.86,62350.5735,0.0,46.31324999999976,0.0041636635238095285
2024-10-04 22:30:00+00:00,62317.415,62317.415,62244.305,62244.305,0.0,51.0194642857137,0.004125646000000005
2024-10-04 22:35:00+00:00,62267.59,62267.59,62267.59,62267.59,0.0,51.13982142857068,0.004125646000000005
2024-10-04 22:40:00+00:00,62218.25,62218.25,62218.25,62218.25,0.0,51.86814285714146,0.004125646000000005
2024-10-04 22:50:00+00:00,62240.5,62240.5,62240.5,62240.5,0.0,49.09392857142718,0.004125646000000005
2024-10-04 22:55:00+00:00,62228.15,62228.15,62228.15,62228.15,0.0,43.76014285714181,0.004125646000000005
2024-10-04 23:00:00+00:00,62188.3055,62188.3055,62166.565,62166.565,0.0,47.247999999998555,0.004125646000000005
2024-10-04 23:05:00+00:00,62135.096,62135.096,62041.18,62041.18,0.0,51.517607142856185,0.004125646000000005
2024-10-04 23:10:00+00:00,62079.14,62119.4,62079.14,62119.4,0.0,55.51585714285621,0.004125646000000005
2024-10-04 23:15:00+00:00,62081.3415,62081.3415,62048.62,62075.6625,0.0001,57.27982142857062,0.0040938840952381
2024-10-04 23:20:00+00:00,62031.875,62062.41,62031.875,62062.41,0.0,56.43739285714192,0.0040938840952381
2024-10-04 23:25:00+00:00,62037.013,62037.013,62019.8575,62019.8575,0.0,57.91889285714257,0.0003763178571428624
2024-10-04 23:30:00+00:00,62044.3,62044.3,62000.943,62000.943,0.0,57.98057142857111,0.0003763178571428624
2024-10-04 23:35:00+00:00,62032.33,62066.83,62029.11,62029.11,0.0001,57.69721428571419,0.00038107976190476724
2024-10-04 23:40:00+00:00,61990.32,62044.343,61990.32,62044.343,0.0009975,57.0764642857144,5.702380952381481e-05
2024-10-04 23:45:00+00:00,62073.34,62073.34,62073.34,62073.34,0.0,51.55707142857136,5.702380952381481e-05
2024-10-04 23:50:00+00:00,62090.68,62136.2635,62090.1,62136.2635,0.0,54.38839285714338,5.702380952381481e-05
2024-10-04 23:55:00+00:00,62094.993,62094.993,62076.61,62076.61,0.0,55.12507142857222,5.702380952381481e-05
2024-10-05 00:00:00+00:00,62107.395,62211.1015,62107.395,62211.1015,0.0,63.14232142857197,5.702380952381481e-05
2024-10-05 00:05:00+00:00,62166.0505,62189.0755,62147.355,62185.252,0.0,66.8135000000002,5.702380952381481e-05
2024-10-05 00:10:00+00:00,62163.85,62163.85,62079.334,62079.334,0.0,69.98014285714297,5.702380952381481e-05
2024-10-05 00:15:00+00:00,62116.568,62116.801,62079.334,62110.006,0.0003,63.700285714285464,7.13095238095291e-05
2024-10-05 00:20:00+00:00,62098.3535,62098.3535,62056.514,62056.72,0.0,61.93399999999955,7.13095238095291e-05
2024-10-05 00:25:00+00:00,62092.97,62119.4585,62081.25,62119.4585,0.0,61.35960714285674,7.13095238095291e-05
2024-10-05 00:30:00+00:00,62109.905,62139.38,62104.55,62125.3495,0.0,60.71978571428502,7.13095238095291e-05
2024-10-05 00:35:00+00:00,62120.853,62120.853,62120.853,62120.853,0.0,58.00149999999849,7.13095238095291e-05
2024-10-05 00:40:00+00:00,62125.765,62175.0,62119.655,62157.534,0.0,58.85778571428403,7.13095238095291e-05
2024-10-05 00:45:00+00:00,62146.9275,62149.03,62121.0855,62121.0855,0.0,56.75503571428375,7.13095238095291e-05
2024-10-05 00:50:00+00:00,62152.3025,62163.46,62112.9175,62112.9175,0.0,56.50642857142624,7.13095238095291e-05
2024-10-05 00:55:00+00:00,62120.25,62169.28,62120.25,62169.28,0.0,58.46110714285481,7.13095238095291e-05
2024-10-05 01:00:00+00:00,62179.0065,62179.0065,62099.5,62099.5,0.0,59.645607142854715,6.654761904762433e-05
2024-10-05 01:05:00+00:00,62121.0155,62150.8175,62107.175,62107.175,0.0,59.05017857142593,6.654761904762433e-05
2024-10-05 01:10:00+00:00,62144.282,62204.313,62144.282,62162.4505,0.0,56.38207142856897,6.654761904762433e-05
2024-10-05 01:15:00+00:00,62144.351,62144.351,62111.22,62111.22,0.0,55.488071428569256,6.654761904762433e-05
2024-10-05 01:20:00+00:00,62100.0,62100.0,62035.0,62035.0,0.003,53.36678571428378,0.00020464285714286243
2024-10-05 01:25:00+00:00,62031.461,62031.461,62031.461,62031.461,0.0,50.94335714285522,0.00015714285714286242
2024-10-05 01:30:00+00:00,62001.2515,62004.835,61998.416,61998.416,0.0,49.48285714285573,0.00015714285714286242
2024-10-05 01:35:00+00:00,62026.02,62073.985,62026.02,62073.985,0.0,50.399321428570275,0.00015714285714286242
2024-10-05 01:40:00+00:00,62043.5645,62065.15,62043.5645,62065.15,0.0,50.0843571428564,0.00015714285714286242
2024-10-05 01:45:00+00:00,62089.5515,62089.5515,62089.5515,62089.5515,0.0,51.50614285714255,0.00015714285714286242
2024-10-05 01:50:00+00:00,62058.3175,62058.3175,62038.25,62038.25,0.0,51.21732142857114,0.00015714285714286242
2024-10-05 01:55:00+00:00,62062.945,62062.945,62062.945,62062.945,0.0,50.3777857142855,0.00015714285714286242
2024-10-05 02:00:00+00:00,62072.41,62072.41,62038.221,62038.221,0.0,49.20967857142906,0.00014285714285714815
2024-10-05 02:10:00+00:00,62003.89,62003.89,62003.89,62003.89,0.0,47.636000000000685,0.00014285714285714815
2024-10-05 02:15:00+00:00,62022.61,62042.761,62005.052,62042.761,0.0,44.73346428571468,0.00014285714285714815
2024-10-05 02:20:00+00:00,62039.908,62039.908,62022.5845,62028.93,0.0,42.50910714285783,0.00014285714285714815
2024-10-05 02:25:00+00:00,62031.325,62031.325,62031.325,62031.325,0.0,35.74175000000053,0.00014285714285714815
2024-10-05 02:30:00+00:00,62017.85,62017.85,62017.85,62017.85,0.0,33.044928571429146,0.00014285714285714815
2024-10-05 02:40:00+00:00,62005.845,62005.845,61998.6,61998.6,0.0,28.975642857143352,0.00014285714285714815
2024-10-05 02:45:00+00:00,61976.064,61976.064,61905.896,61905.896,0.0,35.34457142857199,0.00014285714285714815
2024-10-05 02:50:00+00:00,61887.2255,61915.4365,61861.725,61861.725,0.0,36.82075000000051,0.00014285714285714815
2024-10-05 02:55:00+00:00,61850.9955,61850.9955,61816.23,61816.23,0.0,34.672607142857096,0.00014285714285714815
2024-10-05 03:00:00+00:00,61786.5235,61790.0855,61718.3315,61790.0855,0.0,39.49246428571444,0.00014285714285714815
2024-10-05 03:05:00+00:00,61818.37,61847.6,61782.6,61810.9305,0.0,42.3923571428573,0.00014285714285714815
2024-10-05 03:10:00+00:00,61836.045,61863.57,61836.045,61863.57,0.0,42.48792857142845,0.00014285714285714815
2024-10-05 03:15:00+00:00,61831.19,61931.9295,61831.19,61931.9295,0.0,47.919678571428186,0.0
2024-10-05 03:20:00+00:00,61931.191,61938.6965,61896.6045,61919.586,0.0,48.484178571427556,0.0
2024-10-05 03:30:00+00:00,61959.223,61959.223,61902.0,61902.0,0.0,50.1193214285704,0.0
2024-10-05 03:35:00+00:00,61939.43,61939.43,61939.43,61939.43,0.0,50.01639285714191,0.0
2024-10-05 03:40:00+00:00,61952.99,61958.657,61941.25,61949.815,0.0,49.948571428570304,0.0
2024-10-05 03:45:00+00:00,61915.8715,61915.8715,61900.94,61900.94,0.0,53.26857142857053,0.0
2024-10-05 03:50:00+00:00,61941.55,61941.55,61941.55,61941.55,0.0,55.20678571428497,0.0
2024-10-05 03:55:00+00:00,61922.525,61922.525,61883.35,61883.35,0.0,57.98892857142813,0.0
2024-10-05 04:00:00+00:00,61911.32,61911.32,61868.9825,61868.9825,0.0,54.391321428571246,0.0
2024-10-05 04:05:00+00:00,61863.555,61863.555,61863.555,61863.555,0.0,50.942464285713605,0.0
2024-10-05 04:10:00+00:00,61837.915,61837.915,61837.915,61837.915,0.0,49.52424999999961,0.0
2024-10-05 04:15:00+00:00,61845.061,61852.35,61845.061,61852.35,0.0,43.562571428570664,0.0
2024-10-05 04:20:00+00:00,61885.103,61915.461,61885.103,61915.461,0.0,43.42764285714241,0.0
2024-10-05 04:25:00+00:00,61946.051,61946.051,61946.051,61946.051,0.0,41.85267857142805,0.0
2024-10-05 04:30:00+00:00,61964.373,61964.373,61964.373,61964.373,0.0,35.96571428571406,0.0
2024-10-05 04:35:00+00:00,61987.205,62004.65,61987.205,62004.65,0.0,35.83607142857155,0.0
2024-10-05 04:40:00+00:00,61999.48,62006.863,61993.4645,62006.863,0.0,32.70574999999995,0.0
2024-10-05 04:45:00+00:00,62011.071,62011.071,61979.05,61979.05,0.0,32.31939285714283,0.0
2024-10-05 04:55:00+00:00,61939.7755,61939.7755,61939.7755,61939.7755,0.0,33.75135714285716,0.0
2024-10-05 05:00:00+00:00,61981.316,61981.316,61981.316,61981.316,0.0,33.227464285713985,0.0
2024-10-05 05:05:00+00:00,61968.337,62035.975,61968.337,62035.975,0.0,35.1580357142853,0.0
2024-10-05 05:10:00+00:00,62052.61,62146.895,62052.61,62122.0515,0.0,38.923749999999146,0.0
2024-10-05 05:15:00+00:00,62084.1,62123.208,62075.7285,62075.7285,0.0,39.29103571428485,0.0
2024-10-05 05:20:00+00:00,62122.705,62126.583,62074.545,62074.545,0.0,42.620357142856456,0.0
2024-10-05 05:25:00+00:00,62085.8245,62085.8245,62061.732,62061.732,0.0,42.5098214285707,0.0
2024-10-05 05:30:00+00:00,62103.12,62103.12,62103.12,62103.12,0.0,44.435035714285085,0.0
2024-10-05 05:35:00+00:00,62105.115,62105.115,62080.022,62080.022,0.0,41.71946428571339,0.0
2024-10-05 05:40:00+00:00,62101.355,62101.355,62101.355,62101.355,0.0,41.05824999999978,0.0
2024-10-05 05:50:00+00:00,62136.303,62136.303,62136.303,62136.303,0.0,42.24582142857097,0.0
2024-10-05 05:55:00+00:00,62140.624,62150.669,62139.4695,62139.4695,0.0,40.39503571428525,0.0
2024-10-05 06:00:00+00:00,62133.4605,62133.4605,62102.9025,62102.9025,0.0,42.04992857142861,0.0
2024-10-05 06:05:00+00:00,62079.4275,62079.4275,62079.25,62079.25,0.0,41.45217857142831,0.0
2024-10-05 06:15:00+00:00,62114.285,62114.285,62114.285,62114.285,0.0,41.14935714285717,0.0
2024-10-05 06:20:00+00:00,62100.175,62115.575,62100.175,62114.2505,0.0,39.2821785714285,0.0
2024-10-05 06:25:00+00:00,62132.83,62132.83,62132.83,62132.83,0.0,35.777999999999984,0.0
2024-10-05 06:30:00+00:00,62120.187,62120.187,62116.03,62116.03,0.0,29.055142857143178,0.0
2024-10-05 06:35:00+00:00,62151.865,62200.855,62151.865,62200.855,0.0,31.72267857142911,0.0
2024-10-05 06:40:00+00:00,62199.8945,62226.4,62199.8945,62218.305,0.003127416,29.89892857142903,0.00014892457142857672
2024-10-05 06:45:00+00:00,62218.475,62242.39,62201.77,62201.77,0.0,31.079464285715012,0.00014892457142857672
2024-10-05 06:50:00+00:00,62196.825,62212.656,62190.25,62212.656,0.0,29.723607142858132,0.00014892457142857672
2024-10-05 06:55:00+00:00,62235.842,62235.842,62219.81,62219.81,0.0,29.58739285714338,0.00014892457142857672
2024-10-05 07:00:00+00:00,62252.3695,62272.25,62232.5195,62232.5195,0.0,31.80932142857169,0.00014892457142857672
2024-10-05 07:05:00+00:00,62209.68,62209.68,62194.471,62194.471,0.0,32.03078571428653,0.00014892457142857672
2024-10-05 07:10:00+00:00,62178.75,62178.75,62178.75,62178.75,0.0,32.127571428571954,0.00014892457142857672
2024-10-05 07:15:00+00:00,62218.3,62218.3,62218.3,62218.3,0.0,32.34064285714339,0.00014892457142857672
2024-10-05 07:20:00+00:00,62185.4585,62185.4585,62185.4585,62185.4585,0.0,32.997000000000945,0.00014892457142857672
2024-10-05 07:25:00+00:00,62154.317,62154.317,62154.317,62154.317,0.0,32.71889285714341,0.00014892457142857672
2024-10-05 07:35:00+00:00,62183.4425,62183.4425,62174.5545,62174.5545,0.0,33.6992857142863,0.00014892457142857672
2024-10-05 07:40:00+00:00,62163.4125,62163.4125,62128.8735,62128.8735,0.0,35.635107142857514,0.00014892457142857672
2024-10-05 07:45:00+00:00,62102.4445,62102.4445,62102.4445,62102.4445,0.0,36.32289285714329,0.00014892457142857672
2024-10-05 07:50:00+00:00,62104.695,62104.695,62099.315,62099.315,0.0,30.64824999999993,0.00014892457142857672
2024-10-05 08:20:00+00:00,62131.436,62169.085,62131.436,62166.694,0.0,33.73857142857118,0.00014892457142857672
2024-10-05 08:25:00+00:00,62168.855,62201.84,62165.164,62165.164,0.0,33.45685714285667,0.00014892457142857672
2024-10-05 08:30:00+00:00,62175.88,62175.88,62175.88,62175.88,0.0,32.621857142856506,0.00014892457142857672
2024-10-05 08:35:00+00:00,62139.115,62139.115,62139.115,62139.115,0.0,33.59178571428544,0.00014892457142857672
2024-10-05 08:40:00+00:00,62100.849,62100.849,62100.849,62100.849,0.0,32.579357142856416,0.00014892457142857672
2024-10-05 08:50:00+00:00,62101.985,62167.777,62069.094,62126.0105,0.001528087,36.91039285714214,0.00022169061904762433
2024-10-05 08:55:00+00:00,62136.49,62161.85,62136.129,62161.85,0.0,38.34742857142815,0.00022169061904762433
2024-10-05 09:00:00+00:00,62163.042,62175.124,62163.042,62175.124,0.0,36.47057142857115,7.276604761905291e-05
2024-10-05 09:05:00+00:00,62178.755,62208.8655,62176.831,62200.7,0.0,36.534857142856445,7.276604761905291e-05
2024-10-05 09:10:00+00:00,62191.8505,62237.555,62191.8505,62237.555,0.0,37.57507142857087,7.276604761905291e-05
2024-10-05 09:15:00+00:00,62226.717,62226.717,62196.05,62196.05,0.0,38.459321428571066,7.276604761905291e-05
2024-10-05 09:20:00+00:00,62231.2,62251.535,62231.2,62251.535,0.0,39.15960714285705,7.276604761905291e-05
2024-10-05 09:25:00+00:00,62258.65,62258.65,62238.71,62238.71,0.0,38.696107142856945,7.276604761905291e-05
2024-10-05 09:30:00+00:00,62214.8435,62221.76,62210.964,62219.5305,0.0,40.29367857142851,7.276604761905291e-05
2024-10-05 09:35:00+00:00,62247.8605,62285.632,62247.8605,62285.632,0.0,40.031642857142806,7.276604761905291e-05
2024-10-05 09:40:00+00:00,62306.61,62306.61,62306.61,62306.61,0.0,38.91035714285733,7.276604761905291e-05
2024-10-05 09:45:00+00:00,62293.72,62293.72,62276.1605,62293.1965,0.0,40.319892857143195,7.276604761905291e-05
2024-10-05 09:50:00+00:00,62262.847,62262.847,62262.847,62262.847,0.0,39.861642857142996,7.276604761905291e-05
2024-10-05 09:55:00+00:00,62261.35,62261.35,62248.38,62248.38,0.0,38.16171428571501,7.276604761905291e-05
2024-10-05 10:05:00+00:00,62216.5565,62255.5355,62216.5565,62255.5355,0.0,33.89714285714321,7.276604761905291e-05
2024-10-05 10:15:00+00:00,62227.205,62231.564,62227.205,62231.564,0.0,33.360785714285676,7.276604761905291e-05
2024-10-05 10:25:00+00:00,62225.2,62232.2,62224.4125,62232.2,0.0,32.968892857142365,7.276604761905291e-05
2024-10-05 10:30:00+00:00,62222.065,62222.065,62222.065,62222.065,0.0,31.282714285713674,7.276604761905291e-05
2024-10-05 10:35:00+00:00,62207.401,62252.315,62207.401,62252.315,0.0,31.22624999999971,7.276604761905291e-05
2024-10-05 10:40:00+00:00,62252.06,62274.3435,62252.06,62274.3435,0.002031448,29.853285714285967,0.00016950166666667194
2024-10-05 10:45:00+00:00,62283.195,62283.195,62245.645,62250.8795,0.0,28.572214285714704,0.00016950166666667194
2024-10-05 10:50:00+00:00,62231.9615,62255.395,62231.9615,62244.93,0.0,28.821750000000197,9.673561904762433e-05
2024-10-05 10:55:00+00:00,62220.5085,62230.4515,62218.4545,62218.4545,0.0,28.731000000000286,9.673561904762433e-05
2024-10-05 11:00:00+00:00,62176.151,62176.151,62176.151,62176.151,0.0,27.031142857143486,9.673561904762433e-05
2024-10-05 11:05:00+00:00,62208.862,62237.75,62208.862,62237.118,0.0,29.932642857143428,9.673561904762433e-05
2024-10-05 11:15:00+00:00,62212.9275,62213.572,62189.936,62196.09,0.0,31.127821428571874,9.673561904762433e-05
2024-10-05 11:20:00+00:00,62178.865,62198.8885,62178.865,62192.821,0.0,30.390250000000897,9.673561904762433e-05
2024-10-05 11:25:00+00:00,62212.459,62212.459,62212.459,62212.459,0.0,30.75960714285767,9.673561904762433e-05
2024-10-05 11:30:00+00:00,62212.5355,62243.55,62198.83,62227.1305,0.0001,31.169678571429227,0.00010149752380952908
2024-10-05 11:35:00+00:00,62227.214,62237.796,62218.415,62226.5165,0.0,30.530428571429574,0.00010149752380952908
2024-10-05 11:40:00+00:00,62219.932,62234.4105,62219.25,62228.59,0.0,31.057071428572403,0.00010149752380952908
2024-10-05 11:45:00+00:00,62226.6325,62230.0,62192.775,62205.219,0.0,32.99207142857267,0.00010149752380952908
2024-10-05 11:50:00+00:00,62218.229,62227.3,62196.115,62208.9735,0.000860026,32.01142857142986,0.00014245114285714816
2024-10-05 11:55:00+00:00,62189.602,62195.1645,62186.9575,62191.6395,0.0,31.99232142857259,0.00014245114285714816
2024-10-05 12:00:00+00:00,62190.088,62233.8285,62190.088,62233.8285,0.0,32.434500000000945,0.00014245114285714816
2024-10-05 12:05:00+00:00,62248.86,62260.815,62247.84,62250.32,0.0,32.68828571428666,0.00014245114285714816
2024-10-05 12:10:00+00:00,62218.145,62223.65,62199.2,62199.2,0.0,34.448607142858236,0.00014245114285714816
2024-10-05 12:15:00+00:00,62213.7175,62213.7175,62202.5,62202.5,0.0,32.46389285714395,0.00014245114285714816
2024-10-05 12:20:00+00:00,62243.2285,62245.89,62230.2095,62245.89,0.0,31.163250000000907,0.00014245114285714816
2024-10-05 12:25:00+00:00,62239.34,62252.98,62215.245,62252.98,0.0,30.488464285715185,0.00014245114285714816
2024-10-05 12:30:00+00:00,62247.322,62285.3595,62238.589,62284.03,0.09,32.39896428571488,0.004331429809523815
2024-10-05 12:35:00+00:00,62252.991,62267.5735,62252.991,62261.12,0.0,33.21332142857188,0.004331429809523815
2024-10-05 12:40:00+00:00,62254.75,62283.7,62239.256,62254.4,0.003905673,33.19360714285722,0.004517414238095243
2024-10-05 12:45:00+00:00,62245.911,62245.911,62245.911,62245.911,0.0,32.41560714285723,0.004517414238095243
2024-10-05 12:50:00+00:00,62268.244,62305.2525,62268.244,62298.656,0.0,35.57139285714324,0.004517414238095243
2024-10-05 12:55:00+00:00,62299.555,62322.6805,62275.9745,62322.6805,0.0,36.24860714285803,0.004517414238095243
2024-10-05 13:00:00+00:00,62311.61,62322.899,62282.779,62297.25,0.0,36.88682142857163,0.004517414238095243
2024-10-05 13:05:00+00:00,62273.4315,62327.1155,62273.4315,62318.56,0.0,39.14882142857147,0.004517414238095243
2024-10-05 13:10:00+00:00,62315.82,62381.274,62298.2,62352.02,9.1e-05,41.95835714285723,0.004521747571428577
2024-10-05 13:15:00+00:00,62354.615,62372.58,62337.631,62337.631,0.0,42.52710714285734,0.004516985666666672
2024-10-05 13:20:00+00:00,62326.89,62326.89,62282.8335,62282.8335,0.0,42.78978571428576,0.004516985666666672
2024-10-05 13:25:00+00:00,62283.55,62283.55,62225.36,62225.36,0.0,45.90925000000009,0.004516985666666672
2024-10-05 13:30:00+00:00,62198.666,62226.0,62198.666,62225.8085,0.000156371,44.762392857143176,0.004524431904761909
2024-10-05 13:35:00+00:00,62191.987,62262.575,62191.987,62262.575,0.016971747,47.10903571428571,0.00529165671428572
2024-10-05 13:40:00+00:00,62255.1,62255.1,62169.2525,62169.2525,0.0,50.43417857142828,0.00529165671428572
2024-10-05 13:45:00+00:00,62131.753,62131.753,62131.753,62131.753,0.0,50.895642857143166,0.00529165671428572
2024-10-05 13:50:00+00:00,62158.899,62158.899,62158.899,62158.899,0.0,49.660071428572074,0.00529165671428572
2024-10-05 14:00:00+00:00,62199.617,62199.617,62199.617,62199.617,0.0,51.96214285714346,0.00529165671428572
2024-10-05 14:05:00+00:00,62154.37,62154.37,62127.44,62153.03,5.6154e-05,52.878964285714446,0.00529433071428572
2024-10-05 14:10:00+00:00,62128.99,62160.5,62119.2,62119.2,0.007885973,52.492821428571396,0.005669853238095243
2024-10-05 14:15:00+00:00,62142.9815,62142.9815,62142.9815,62142.9815,0.0,51.32578571428634,0.005669853238095243
2024-10-05 14:20:00+00:00,62185.932,62185.932,62185.932,62185.932,0.0,50.55910714285762,0.0013841389523809576
2024-10-05 14:25:00+00:00,62171.445,62171.445,62164.225,62166.2215,0.0,46.1757500000006,0.0013841389523809576
2024-10-05 14:30:00+00:00,62204.266,62204.266,62168.205,62168.205,0.0,46.39685714285796,0.001198154523809529
2024-10-05 14:40:00+00:00,62130.78,62175.7835,62130.78,62175.4115,0.0,45.69728571428641,0.001198154523809529
2024-10-05 14:45:00+00:00,62206.042,62233.6945,62205.6,62205.6,0.0,45.7039285714288,0.001198154523809529
2024-10-05 14:50:00+00:00,62202.09,62211.016,62202.037,62211.016,0.0,44.392857142857665,0.001198154523809529
2024-10-05 14:55:00+00:00,62199.845,62199.845,62199.845,62199.845,0.0,40.14878571428666,0.001198154523809529
2024-10-05 15:00:00+00:00,62231.27,62235.585,62177.075,62205.46,0.0,37.66217857143004,0.001198154523809529
2024-10-05 15:10:00+00:00,62164.73,62164.73,62121.485,62121.485,0.0,40.981857142858125,0.0011938211904761957
2024-10-05 15:15:00+00:00,62128.9,62130.429,62128.9,62130.429,0.0,39.681714285714925,0.0011938211904761957
2024-10-05 15:20:00+00:00,62177.9,62177.9,62135.95,62147.2275,0.0,40.16407142857237,0.0011938211904761957
2024-10-05 15:25:00+00:00,62171.31,62195.983,62171.31,62195.983,0.007882533,38.49110714285832,0.0015691799047619101
2024-10-05 15:30:00+00:00,62193.655,62193.655,62169.28,62174.727,0.0,37.44846428571535,0.001561733666666672
2024-10-05 15:35:00+00:00,62162.4525,62162.4525,62156.344,62157.9045,0.0,37.06285714285799,0.0007535552380952432
2024-10-05 15:40:00+00:00,62158.06,62175.6195,62158.06,62175.6195,0.0,35.260321428572624,0.0007535552380952432
2024-10-05 15:45:00+00:00,62161.6235,62161.6235,62161.6235,62161.6235,0.0,34.709535714286694,0.0007535552380952432
2024-10-05 15:50:00+00:00,62193.164,62194.3555,62183.1095,62188.066,0.0,34.33007142857189,0.0007535552380952432
2024-10-05 15:55:00+00:00,62187.2335,62187.2335,62160.4605,62165.69,0.0,33.08735714285753,0.0007535552380952432
2024-10-05 16:00:00+00:00,62194.2,62207.7,62157.195,62157.195,0.001501676,32.531785714286215,0.0008223896190476242
2024-10-05 16:05:00+00:00,62154.035,62166.75,62116.57,62116.57,0.0,35.474714285714334,0.0004468670952381006
2024-10-05 16:10:00+00:00,62118.525,62118.525,62117.272,62117.272,0.0,34.816428571428595,0.0004468670952381006
2024-10-05 16:15:00+00:00,62056.8215,62138.298,62056.8215,62138.298,0.0,36.45689285714304,0.0004468670952381006
2024-10-05 16:20:00+00:00,62129.9,62154.355,62126.8415,62142.029,0.0,32.423928571428924,0.0004468670952381006
2024-10-05 16:25:00+00:00,62149.1415,62179.86,62149.1415,62165.8925,0.0,34.487285714286244,0.0004468670952381006
2024-10-05 16:30:00+00:00,62131.8265,62131.8265,62119.4,62119.4,0.0,34.41739285714305,0.0004468670952381006
2024-10-05 16:35:00+00:00,62081.191,62081.191,62081.191,62081.191,0.0,33.66407142857185,0.0004468670952381006
2024-10-05 16:45:00+00:00,62080.386,62080.386,62078.93,62078.93,0.0,31.918214285714516,0.0004468670952381006
2024-10-05 16:50:00+00:00,62051.6555,62071.001,62015.136,62023.2,0.007644091,35.16185714285738,0.000810871428571434
2024-10-05 16:55:00+00:00,62010.65,62010.65,61970.27,61970.27,0.0,37.67721428571427,0.000810871428571434
2024-10-05 17:00:00+00:00,61932.498,61933.8,61898.057,61933.8,0.0,41.83557142857119,0.000810871428571434
2024-10-05 17:05:00+00:00,61964.595,61972.04,61944.24,61952.2715,0.000215767,42.22899999999988,0.000821146047619053
2024-10-05 17:10:00+00:00,61951.61,61963.7695,61950.6085,61963.7695,0.0,41.19725000000004,0.000821146047619053
2024-10-05 17:15:00+00:00,61963.16,61963.16,61963.16,61963.16,0.0,37.63328571428584,0.0004457873333333387
2024-10-05 17:20:00+00:00,61997.8055,62000.741,61997.8055,62000.741,0.0,36.73335714285713,0.0004457873333333387
2024-10-05 17:25:00+00:00,61987.8715,61987.8715,61987.8715,61987.8715,0.0,37.5129642857142,0.0004457873333333387
2024-10-05 17:30:00+00:00,62005.694,62033.505,61992.656,62033.505,0.0,34.95274999999934,0.0004457873333333387
2024-10-05 17:35:00+00:00,61993.905,62030.0585,61993.1475,62012.755,0.0,35.87017857142772,0.0004457873333333387
2024-10-05 17:40:00+00:00,62030.2165,62030.2165,62030.165,62030.165,0.0,34.4152142857139,0.0004457873333333387
2024-10-05 17:45:00+00:00,62023.13,62036.385,62023.13,62036.385,0.0,32.04110714285707,0.0004457873333333387
2024-10-05 17:50:00+00:00,62019.2675,62035.5195,62014.775,62024.416,0.0,30.855464285714074,0.0003742789523809577
2024-10-05 17:55:00+00:00,62025.95,62035.075,62008.085,62013.335,0.0,32.621821428571174,0.0003742789523809577
2024-10-05 18:00:00+00:00,62022.4305,62058.955,62022.4305,62033.96,0.0,31.32367857142838,0.0003742789523809577
2024-10-05 18:05:00+00:00,62001.71,62001.71,61917.535,61920.9,0.0,35.85903571428519,0.0003742789523809577
2024-10-05 18:10:00+00:00,61915.92,61915.92,61903.2775,61903.2775,0.0,31.959714285714394,0.0003742789523809577
2024-10-05 18:15:00+00:00,61902.335,61964.771,61893.14,61964.771,0.0,34.344785714286054,0.0003742789523809577
2024-10-05 18:20:00+00:00,61947.046,61977.755,61947.046,61970.435,0.0,35.598214285714285,0.0003742789523809577
2024-10-05 18:25:00+00:00,61953.62,61953.62,61920.7885,61920.7885,0.0,39.1008571428569,0.0003742789523809577
2024-10-05 18:30:00+00:00,61913.91,61914.5425,61870.461,61901.635,9.975e-05,40.011321428571264,0.0003790289523809577
2024-10-05 18:35:00+00:00,61939.035,61939.035,61928.5315,61928.5315,0.0,41.763499999999894,1.5024619047624335e-05
2024-10-05 18:40:00+00:00,61897.973,61897.973,61897.973,61897.973,0.0,40.68671428571439,1.5024619047624335e-05
2024-10-05 18:45:00+00:00,61899.91,61899.91,61878.675,61878.675,0.0,39.3208214285717,1.5024619047624335e-05
2024-10-05 18:50:00+00:00,61845.94,61851.15,61838.5975,61838.5975,0.0,40.93624999999987,4.750000000005287e-06
2024-10-05 18:55:00+00:00,61885.221,61885.221,61866.954,61866.954,0.0,43.31971428571342,4.750000000005287e-06
2024-10-05 19:00:00+00:00,61857.13,61857.13,61832.117,61854.83,0.0,44.26449999999905,4.750000000005287e-06
2024-10-05 19:05:00+00:00,61839.995,61870.42,61839.995,61870.42,0.0,44.509857142856035,4.750000000005287e-06
2024-10-05 19:10:00+00:00,61880.727,61880.727,61853.365,61867.013,0.0,43.20571428571306,4.750000000005287e-06
2024-10-05 19:15:00+00:00,61845.875,61863.08,61838.375,61838.375,0.0,36.9352142857133,4.750000000005287e-06
2024-10-05 19:20:00+00:00,61825.12,61889.3295,61825.12,61831.809,0.0,40.2628571428556,4.750000000005287e-06
2024-10-05 19:25:00+00:00,61866.0905,61901.2045,61866.0905,61901.2045,0.0,40.10317857142685,4.750000000005287e-06
2024-10-05 19:30:00+00:00,61895.8355,61895.94,61858.6,61867.49,0.0,40.952857142855855,4.750000000005287e-06
2024-10-05 19:35:00+00:00,61852.69,61865.55,61821.145,61821.145,0.0,40.71703571428485,4.750000000005287e-06
2024-10-05 19:40:00+00:00,61847.2345,61850.36,61840.6285,61850.36,0.0,39.20899999999944,4.750000000005287e-06
2024-10-05 19:45:00+00:00,61821.85,61830.2,61796.779,61809.4515,0.012784517,40.364785714284935,0.0006135365238095291
2024-10-05 19:50:00+00:00,61848.4,61850.93,61785.76,61811.7955,0.004324889,42.837035714284866,0.0008194836190476243
2024-10-05 19:55:00+00:00,61850.865,61850.865,61842.2645,61848.53,0.0,44.11092857142752,0.0008194836190476243
2024-10-05 20:00:00+00:00,61832.3155,61832.3155,61804.15,61807.9275,0.0,44.41824999999881,0.0008194836190476243
2024-10-05 20:05:00+00:00,61761.8505,61761.8505,61748.5285,61748.5285,0.0,45.330785714284765,0.0008194836190476243
2024-10-05 20:10:00+00:00,61768.5425,61768.5425,61763.613,61764.2675,0.0,44.27199999999929,0.0008194836190476243
2024-10-05 20:15:00+00:00,61777.8885,61840.6,61769.385,61789.3235,0.002045502,47.55110714285651,0.0009121384761904815
2024-10-05 20:20:00+00:00,61752.4935,61753.17,61749.4,61753.17,0.0,48.44835714285624,0.0009121384761904815
2024-10-05 20:25:00+00:00,61751.0285,61797.459,61751.0285,61797.459,0.0,49.71924999999932,0.0009121384761904815
2024-10-05 20:30:00+00:00,61781.538,61786.985,61781.538,61786.985,0.0,46.2700714285711,0.0009121384761904815
2024-10-05 20:35:00+00:00,61749.3445,61757.8035,61733.404,61737.6125,0.0,45.140464285713925,0.0009121384761904815
2024-10-05 20:40:00+00:00,61741.79,61762.666,61725.7555,61762.666,0.0,44.73374999999942,0.0009121384761904815
2024-10-05 20:45:00+00:00,61758.44,61758.44,61729.71,61729.71,0.0,43.77739285714207,0.0009121384761904815
2024-10-05 20:50:00+00:00,61757.2745,61757.2745,61749.45,61749.45,0.0,43.65949999999897,0.0009121384761904815
2024-10-05 20:55:00+00:00,61736.7,61736.7,61709.445,61719.4585,0.0,42.68978571428462,0.0009121384761904815
2024-10-05 21:00:00+00:00,61723.55,61743.6275,61721.542,61743.6275,0.0,39.76114285714201,0.0009121384761904815
2024-10-05 21:05:00+00:00,61726.9845,61792.217,61712.815,61777.1725,0.0,42.64203571428464,0.0009121384761904815
2024-10-05 21:10:00+00:00,61762.05,61867.089,61762.05,61867.089,0.0,46.97482142857033,0.0009121384761904815
2024-10-05 21:15:00+00:00,61834.6,61846.56,61800.89,61846.56,0.0,47.46053571428482,0.0009121384761904815
2024-10-05 21:20:00+00:00,61869.5735,61919.485,61867.6855,61897.893,0.0,51.23989285714197,0.0009121384761904815
2024-10-05 21:25:00+00:00,61903.995,61912.1585,61880.89,61912.1585,0.032519953,48.021035714284935,0.002460707666666672
2024-10-05 21:30:00+00:00,61856.1925,61909.085,61854.1785,61906.6225,0.007755213,49.31078571428485,0.002221217000000005
2024-10-05 21:35:00+00:00,61907.595,61907.595,61893.648,61893.648,0.0,46.9905357142847,0.0020152699047619096
2024-10-05 21:40:00+00:00,61912.96,61949.187,61901.3035,61941.98,0.0,49.82039285714148,0.0020152699047619096
2024-10-05 21:45:00+00:00,61948.955,61953.2355,61890.0595,61890.38,0.0,50.505749999998706,0.0020152699047619096
2024-10-05 21:50:00+00:00,61879.6415,61879.6415,61851.7505,61858.175,0.0,50.628535714284226,0.0020152699047619096
2024-10-05 21:55:00+00:00,61849.4865,61862.344,61839.77,61862.344,0.0,49.886964285712956,0.0020152699047619096
2024-10-05 22:00:00+00:00,61894.7365,61943.1,61894.7365,61943.1,0.0,53.68635714285587,0.001917865047619053
2024-10-05 22:05:00+00:00,61995.6295,61995.6295,61951.74,61969.2095,0.0,54.5809642857135,0.001917865047619053
2024-10-05 22:10:00+00:00,61971.8025,61987.015,61966.868,61981.232,0.0,54.29367857142746,0.001917865047619053
2024-10-05 22:15:00+00:00,61956.7835,62003.875,61956.7835,62003.875,0.0,51.98578571428516,0.001917865047619053
2024-10-05 22:20:00+00:00,62047.8825,62059.8,62047.8825,62059.8,0.0,48.47764285714272,0.001917865047619053
2024-10-05 22:25:00+00:00,62036.8375,62036.8375,61981.6995,61993.7135,0.0,49.32774999999986,0.001917865047619053
2024-10-05 22:30:00+00:00,62013.72,62013.72,61989.486,61989.486,0.0,45.84982142857137,0.001917865047619053
2024-10-05 22:35:00+00:00,62019.169,62100.9665,62019.169,62060.205,0.0,51.57925000000042,0.001917865047619053
2024-10-05 22:40:00+00:00,62019.8025,62030.15,62009.61,62024.3175,0.0,51.0517500000008,0.001917865047619053
2024-10-05 22:45:00+00:00,62023.455,62023.455,61996.6405,62015.865,0.0,52.032464285714795,0.001917865047619053
2024-10-05 22:50:00+00:00,61999.235,62044.4195,61999.235,62044.4195,0.0,51.292857142858075,0.001917865047619053
2024-10-05 22:55:00+00:00,62013.753,62043.686,62013.753,62043.686,0.0,48.970750000001445,0.001917865047619053
2024-10-05 23:00:00+00:00,62013.216,62013.216,62013.216,62013.216,0.0,48.38792857143043,0.001917865047619053
2024-10-05 23:05:00+00:00,62044.4845,62044.4845,61977.9,61985.705,0.0,51.53153571428733,0.001917865047619053
2024-10-05 23:10:00+00:00,61994.11,62028.704,61979.423,62028.704,0.0,49.28332142857263,0.00036929585714286245
2024-10-05 23:15:00+00:00,62002.065,62010.4555,61986.918,61986.918,0.0,48.51592857142948,0.0
2024-10-05 23:20:00+00:00,61993.8,62043.596,61978.6,62043.596,0.0,51.71942857142962,0.0
2024-10-05 23:25:00+00:00,62013.2725,62025.985,62013.2725,62014.0535,0.0,50.52171428571507,0.0
2024-10-05 23:30:00+00:00,62008.69,62027.3775,62008.69,62027.3775,0.0,47.86189285714344,0.0
2024-10-05 23:35:00+00:00,61994.6585,62008.7075,61994.6585,62008.7075,0.0,44.62035714285802,0.0
2024-10-05 23:40:00+00:00,62018.7345,62046.325,62018.7345,62046.325,0.0,45.57632142857204,0.0
2024-10-05 23:45:00+00:00,62059.135,62067.95,62059.135,62067.95,0.0,39.15807142857167,0.0
2024-10-05 23:50:00+00:00,62074.322,62090.205,62074.322,62090.205,0.0,37.133785714286205,0.0
2024-10-05 23:55:00+00:00,62091.455,62099.191,62091.455,62093.7105,0.0,35.79871428571486,0.0
2024-10-06 00:00:00+00:00,62093.692,62093.692,62016.7025,62016.9495,0.0,38.0718214285719,0.0
2024-10-06 00:05:00+00:00,61991.29,61991.29,61952.255,61952.255,0.0,40.502392857143214,0.0
2024-10-06 00:10:00+00:00,61952.7115,61952.7115,61948.6645,61948.6645,0.0,38.615035714285895,0.0
2024-10-06 00:15:00+00:00,61988.69,62019.85,61950.0005,61950.0005,0.000425333,38.94367857142892,2.0253952380957667e-05
2024-10-06 00:20:00+00:00,61935.49,61980.73,61935.49,61969.1495,0.0,38.65503571428677,2.0253952380957667e-05
2024-10-06 00:25:00+00:00,62007.6815,62007.6815,61971.41,61981.793,0.0,38.42260714285813,2.0253952380957667e-05
2024-10-06 00:30:00+00:00,61958.0865,61961.94,61922.454,61949.2,0.0,38.01853571428676,2.0253952380957667e-05
2024-10-06 00:35:00+00:00,61911.0,61911.0,61911.0,61911.0,0.0,38.581142857143796,2.0253952380957667e-05
2024-10-06 00:40:00+00:00,61917.5595,61917.89,61884.395,61898.84,0.0,39.638821428572555,2.0253952380957667e-05
2024-10-06 00:45:00+00:00,61906.75,61906.75,61888.245,61892.735,0.0,38.62353571428633,2.0253952380957667e-05
2024-10-06 00:50:00+00:00,61899.04,61921.53,61878.195,61921.53,0.0,39.0319285714291,2.0253952380957667e-05
2024-10-06 00:55:00+00:00,61907.526,61907.526,61907.526,61907.526,0.0,38.48757142857202,2.0253952380957667e-05
2024-10-06 01:00:00+00:00,61943.29,61943.29,61943.29,61943.29,0.0,39.452500000000455,2.0253952380957667e-05
2024-10-06 01:05:00+00:00,61922.305,61923.6405,61922.305,61923.6405,0.0,40.309571428572134,2.0253952380957667e-05
2024-10-06 01:10:00+00:00,61951.88,61983.4585,61951.88,61983.4585,0.0,39.081714285714824,2.0253952380957667e-05
2024-10-06 01:15:00+00:00,62027.6815,62027.6815,61988.675,61990.645,0.0,37.61946428571433,2.0253952380957667e-05
2024-10-06 01:20:00+00:00,62026.92,62050.3225,62026.92,62047.7565,0.0,41.59307142857194,2.0253952380957667e-05
2024-10-06 01:25:00+00:00,62059.923,62152.62,62059.923,62119.5725,0.0,43.99864285714336,2.0253952380957667e-05
2024-10-06 01:30:00+00:00,62113.3825,62152.082,62113.2455,62113.2455,0.0,43.54125000000048,2.0253952380957667e-05
2024-10-06 01:35:00+00:00,62080.6755,62080.6755,62080.6755,62080.6755,0.0,43.11539285714337,2.0253952380957667e-05
2024-10-06 01:40:00+00:00,62051.969,62059.6685,62027.575,62059.6685,0.0,42.66978571428626,2.0253952380957667e-05
2024-10-06 01:45:00+00:00,62040.635,62040.635,62018.221,62021.8,0.0,42.9017500000009,2.0253952380957667e-05
2024-10-06 01:50:00+00:00,62041.961,62049.3645,62037.05,62046.3165,0.0,42.4781428571436,2.0253952380957667e-05
2024-10-06 01:55:00+00:00,62061.301,62092.63,62053.064,62092.63,0.0,44.464464285714975,2.0253952380957667e-05
2024-10-06 02:00:00+00:00,62129.166,62129.166,62034.984,62046.344,0.0,48.096392857143655,0.0
2024-10-06 02:05:00+00:00,62003.155,62008.525,62003.155,62008.525,0.0,50.181035714286345,0.0
2024-10-06 02:10:00+00:00,61988.934,61988.934,61988.934,61988.934,0.0,49.02582142857188,0.0
2024-10-06 02:15:00+00:00,62019.6605,62019.6605,62004.15,62004.15,0.0,49.72164285714306,0.0
2024-10-06 02:20:00+00:00,62021.636,62048.77,62010.3645,62048.77,0.0,48.63607142857135,0.0
2024-10-06 02:25:00+00:00,62039.8715,62039.8715,62039.8715,62039.8715,0.0,46.1128928571426,0.0
2024-10-06 02:30:00+00:00,62007.55,62017.659,61940.298,61976.163,0.000636665,48.96260714285641,3.031738095238624e-05
2024-10-06 02:35:00+00:00,61980.7,61980.7,61948.35,61968.945,0.0,43.78307142857063,3.031738095238624e-05
2024-10-06 02:40:00+00:00,61962.435,61971.7525,61962.435,61967.3805,0.0,41.674571428570616,3.031738095238624e-05
2024-10-06 02:45:00+00:00,61990.02,61990.02,61990.02,61990.02,0.0,40.965249999999024,3.031738095238624e-05
2024-10-06 02:50:00+00:00,61994.558,61994.558,61956.49,61959.68,0.0,39.89149999999894,3.031738095238624e-05
2024-10-06 02:55:00+00:00,61971.056,61978.9855,61952.925,61978.9855,0.0,38.792428571427344,3.031738095238624e-05
2024-10-06 03:00:00+00:00,61975.6335,61986.6725,61938.606,61938.606,0.0,40.25685714285594,3.031738095238624e-05
2024-10-06 03:05:00+00:00,61947.865,61948.33,61920.3405,61920.3405,0.0,38.94799999999928,3.031738095238624e-05
2024-10-06 03:10:00+00:00,61938.23,61940.497,61923.275,61940.497,0.0,33.66046428571384,3.031738095238624e-05
2024-10-06 03:15:00+00:00,61949.641,62041.036,61949.641,62041.036,0.0,37.75689285714231,3.031738095238624e-05
2024-10-06 03:25:00+00:00,61988.8965,61988.9445,61970.61,61971.04,0.0,41.38796428571368,3.031738095238624e-05
2024-10-06 03:30:00+00:00,61980.7375,62010.464,61980.7375,62010.464,0.0,42.009214285713824,3.031738095238624e-05
2024-10-06 03:35:00+00:00,61995.425,61995.425,61941.71,61941.71,0.0,43.73307142857136,3.031738095238624e-05
2024-10-06 03:40:00+00:00,61945.625,61951.7955,61945.625,61951.7955,0.0,43.817857142857456,3.031738095238624e-05
2024-10-06 03:45:00+00:00,61911.0395,61930.72,61894.295,61894.295,0.0,40.81264285714341,3.031738095238624e-05
2024-10-06 03:50:00+00:00,61909.534,61909.534,61909.534,61909.534,0.0,39.59042857142932,3.031738095238624e-05
2024-10-06 03:55:00+00:00,61899.9405,61899.9405,61899.9405,61899.9405,0.0,39.610142857143465,3.031738095238624e-05
2024-10-06 04:00:00+00:00,61926.345,61926.345,61926.345,61926.345,0.0,39.879071428572516,3.031738095238624e-05
2024-10-06 04:05:00+00:00,61950.57,61950.57,61925.0,61925.0,0.078533515,38.98635714285826,0.0037700085714285764
2024-10-06 04:10:00+00:00,61903.1,61903.1,61885.327,61885.327,0.0,39.9586785714299,0.0037700085714285764
2024-10-06 04:15:00+00:00,61931.145,61952.0475,61931.145,61952.0475,0.0,41.29110714285863,0.0037700085714285764
2024-10-06 04:20:00+00:00,61943.67,61947.258,61919.7,61919.7,0.0,41.60239285714436,0.003739691190476196
2024-10-06 04:25:00+00:00,61913.089,61944.1415,61913.089,61931.9095,0.0,42.3806785714296,0.003739691190476196
2024-10-06 04:30:00+00:00,61927.65,61933.89,61892.1605,61909.98,0.0,38.18000000000133,0.003739691190476196
2024-10-06 04:35:00+00:00,61910.5355,61910.5355,61865.682,61865.682,0.0,36.353392857144044,0.003739691190476196
2024-10-06 04:40:00+00:00,61858.56,61858.56,61810.3685,61839.8225,0.000786627,37.48835714285867,0.003777149619047624
2024-10-06 04:45:00+00:00,61871.4635,61871.4635,61871.4635,61871.4635,0.0,34.837428571429754,0.003777149619047624
2024-10-06 04:50:00+00:00,61847.848,61881.496,61847.848,61881.475,0.0,36.52046428571547,0.003777149619047624
2024-10-06 04:55:00+00:00,61877.811,61907.708,61872.44,61884.3245,0.002134132,34.932428571429355,0.0038787749523809573
2024-10-06 05:00:00+00:00,61881.425,61901.725,61872.646,61872.646,0.0,35.92100000000054,0.0038787749523809573
2024-10-06 05:05:00+00:00,61878.0575,61890.985,61844.0975,61844.0975,0.0,38.58485714285728,0.0038787749523809573
2024-10-06 05:10:00+00:00,61835.5255,61867.7445,61835.5255,61850.92,0.0,39.000178571428215,0.0038787749523809573
2024-10-06 05:15:00+00:00,61842.46,61880.8595,61834.2605,61859.101,0.0,40.50224999999981,0.0038787749523809573
2024-10-06 05:20:00+00:00,61873.0195,61965.985,61873.0195,61965.985,0.0,45.303035714285215,0.0038787749523809573
2024-10-06 05:25:00+00:00,61956.085,61966.665,61939.35,61964.75,0.0,42.48835714285659,0.0038787749523809573
2024-10-06 05:30:00+00:00,61965.8605,61972.7555,61950.326,61966.6635,0.0,41.779928571427654,0.0038787749523809573
2024-10-06 05:35:00+00:00,61928.362,61928.362,61917.1295,61925.6425,0.0,43.100035714284914,0.0038787749523809573
2024-10-06 05:40:00+00:00,61925.34,61955.3675,61925.34,61955.3675,0.0,42.264178571427955,0.0038787749523809573
2024-10-06 05:45:00+00:00,61934.3575,61980.34,61917.933,61972.267,0.0,43.51799999999951,0.0038787749523809573
2024-10-06 05:50:00+00:00,61984.995,61984.995,61940.373,61948.59,0.0,42.75432142857088,0.0001390837619047672
2024-10-06 05:55:00+00:00,61968.24,61969.006,61943.1185,61948.681,0.0,42.343357142857194,0.0001390837619047672
2024-10-06 06:00:00+00:00,61957.6,61957.6,61928.05,61950.376,0.0,42.05064285714252,0.0001390837619047672
2024-10-06 06:05:00+00:00,61949.1005,61990.521,61949.1005,61979.612,0.0,42.49010714285708,0.0001390837619047672
2024-10-06 06:10:00+00:00,61978.528,61978.528,61948.85,61962.23,0.0,42.61032142857169,0.0001390837619047672
2024-10-06 06:15:00+00:00,61986.055,61996.5675,61949.8,61991.68,0.012302663,42.601750000000074,0.0007249248571428625
2024-10-06 06:20:00+00:00,61988.45,62027.41,61988.45,62027.41,0.0,43.08325000000072,0.0007249248571428625
2024-10-06 06:25:00+00:00,62027.1045,62027.1045,62027.1045,62027.1045,0.0,39.77657142857216,0.0006874664285714338
2024-10-06 06:30:00+00:00,62007.1225,62020.3095,61998.1075,62000.905,0.0,34.21321428571537,0.0006874664285714338
2024-10-06 06:35:00+00:00,61995.3,62006.9,61980.625,61989.406,0.023538651,34.13892857142959,0.0018083545714285768
2024-10-06 06:40:00+00:00,61994.3075,62003.184,61988.38,62003.184,0.0,33.5942500000014,0.0017067292380952433
2024-10-06 06:45:00+00:00,61995.67,62005.3515,61892.58,61892.58,0.0,38.11121428571538,0.0017067292380952433
2024-10-06 06:50:00+00:00,61929.7,61981.1055,61923.125,61969.8615,0.0,42.2896428571434,0.0017067292380952433
2024-10-06 06:55:00+00:00,61972.82,61972.82,61948.0,61948.0,0.0,39.60485714285772,0.0017067292380952433
2024-10-06 07:00:00+00:00,61963.9905,61975.5275,61961.61,61975.5275,0.0,38.38382142857154,0.0017067292380952433
2024-10-06 07:05:00+00:00,61977.28,61999.445,61975.6,61999.445,0.0,38.24310714285717,0.0017067292380952433
2024-10-06 07:10:00+00:00,61980.325,62000.4575,61975.755,61983.579,0.0,37.896857142857435,0.0017067292380952433
2024-10-06 07:15:00+00:00,61992.895,62002.295,61980.465,62002.295,0.0,36.49753571428612,0.0017067292380952433
2024-10-06 07:20:00+00:00,62004.25,62004.84,61987.755,61991.0175,0.0,35.520607142857315,0.0017067292380952433
2024-10-06 07:25:00+00:00,61982.495,61992.4795,61957.6,61967.936,0.0,34.67146428571505,0.0017067292380952433
2024-10-06 07:30:00+00:00,61973.7245,61988.905,61965.443,61988.905,0.0,33.56446428571456,0.0017067292380952433
2024-10-06 07:35:00+00:00,61989.7475,61997.6915,61976.4805,61992.695,0.0,35.05771428571461,0.0017067292380952433
2024-10-06 07:40:00+00:00,61959.77,61961.95,61958.4955,61958.4955,0.0,35.42932142857171,0.0017067292380952433
2024-10-06 07:45:00+00:00,61965.37,61965.695,61964.049,61964.049,0.0,34.06678571428607,0.0017067292380952433
2024-10-06 07:50:00+00:00,61964.3885,61982.3615,61964.3885,61969.354,0.0,34.31739285714294,0.0017067292380952433
2024-10-06 07:55:00+00:00,61947.794,61958.264,61947.794,61948.85,0.0,27.802285714285972,0.0017067292380952433
2024-10-06 08:00:00+00:00,61950.705,61950.705,61941.609,61945.485,0.0,22.128750000000895,0.0011208881428571482
2024-10-06 08:05:00+00:00,61935.848,61946.87,61917.9405,61933.5855,0.0,22.42228571428703,0.0011208881428571482
2024-10-06 08:10:00+00:00,61938.3205,61958.529,61938.3205,61939.923,0.0,22.237714285715942,0.0011208881428571482
2024-10-06 08:15:00+00:00,61978.275,62009.214,61966.226,62004.6695,0.0,25.478678571429814,0.0011208881428571482
2024-10-06 08:20:00+00:00,61990.005,62017.8,61990.005,62017.8,0.0,25.69957142857311,0.0
2024-10-06 08:25:00+00:00,62038.8345,62038.8345,62021.7275,62024.769,0.0,25.642750000001147,0.0
2024-10-06 08:30:00+00:00,62036.7125,62079.93,62011.4405,62011.4405,0.0,29.31450000000145,0.0
2024-10-06 08:35:00+00:00,62018.845,62018.845,62006.365,62011.021,0.0,27.714535714287194,0.0
2024-10-06 08:40:00+00:00,61997.7,62008.5,61989.2,62002.5,0.0,27.597321428573196,0.0
2024-10-06 08:45:00+00:00,62002.4925,62023.569,62002.4925,62023.569,0.0,27.587714285716043,0.0
2024-10-06 08:50:00+00:00,62005.48,62005.48,62004.2745,62005.05,0.0,26.52307142857327,0.0
2024-10-06 08:55:00+00:00,62010.9445,62046.9,61983.4765,61989.687,0.031364635,30.53907142857341,0.001493554047619053
2024-10-06 09:00:00+00:00,61986.745,62048.5,61984.9235,62015.2745,0.000156819,33.77221428571647,0.0015010216190476245
2024-10-06 09:05:00+00:00,62002.4705,62033.9815,62002.4705,62033.9815,0.0,34.48300000000226,0.0015010216190476245
2024-10-06 09:10:00+00:00,62031.925,62031.925,61989.0665,62020.547,0.0,37.04150000000196,0.0015010216190476245
2024-10-06 09:15:00+00:00,62023.612,62033.565,62016.2905,62018.1815,0.0,36.209000000001524,0.0015010216190476245
2024-10-06 09:20:00+00:00,62016.455,62054.44,62016.455,62054.44,0.0,37.14053571428719,0.0015010216190476245
2024-10-06 09:25:00+00:00,62079.2915,62079.2915,62040.869,62054.3905,0.0,34.93564285714456,0.0015010216190476245
2024-10-06 09:30:00+00:00,62061.785,62064.155,62027.705,62039.1785,0.0,35.55385714285824,0.0015010216190476245
2024-10-06 09:35:00+00:00,62038.037,62069.52,62038.037,62057.4375,0.0,36.30017857143009,0.0015010216190476245
2024-10-06 09:40:00+00:00,62073.5265,62104.479,62055.975,62083.528,0.0,34.87264285714419,0.0015010216190476245
2024-10-06 09:45:00+00:00,62129.375,62163.2755,62129.375,62153.67,0.0,39.67746428571575,0.0015010216190476245
2024-10-06 09:50:00+00:00,62162.2,62166.245,62100.293,62104.7915,0.0,42.82967857143012,0.0015010216190476245
2024-10-06 09:55:00+00:00,62073.795,62118.9,62068.915,62073.845,0.0001,44.89457142857282,0.001505783523809529
2024-10-06 10:00:00+00:00,62080.17,62080.17,62057.245,62057.245,0.0,45.153892857143674,0.001505783523809529
2024-10-06 10:05:00+00:00,62062.362,62062.362,62024.185,62039.6,0.0,43.35057142857217,0.001505783523809529
2024-10-06 10:10:00+00:00,62042.15,62050.9345,62040.815,62047.9125,0.0,39.61900000000086,0.001505783523809529
2024-10-06 10:15:00+00:00,62053.392,62080.494,62041.606,62041.606,0.002037598,40.14592857142946,0.0016028120000000053
2024-10-06 10:20:00+00:00,62044.05,62044.05,62004.615,62004.615,0.0,39.75450000000118,0.0016028120000000053
2024-10-06 10:25:00+00:00,62022.409,62032.805,62019.67,62032.805,0.0,40.53417857142995,0.0016028120000000053
2024-10-06 10:30:00+00:00,62023.433,62023.433,62003.45,62006.6295,0.0,39.91775000000156,0.0016028120000000053
2024-10-06 10:35:00+00:00,62008.292,62008.292,62008.292,62008.292,0.0,37.29203571428713,0.0016028120000000053
2024-10-06 10:40:00+00:00,62008.54,62014.0465,61997.38,62011.1,0.0,35.87892857143015,0.00010925795238095767
2024-10-06 10:45:00+00:00,62038.247,62038.247,62038.247,62038.247,0.0,35.56921428571617,0.00010179038095238624
2024-10-06 10:55:00+00:00,62024.7955,62034.8685,62004.066,62004.066,0.0,34.54614285714498,0.00010179038095238624
2024-10-06 11:15:00+00:00,61973.471,62024.58,61973.471,62024.58,0.036083057,32.50053571428777,0.0018200311904761957
2024-10-06 11:20:00+00:00,62067.575,62067.575,62067.575,62067.575,0.0,30.860750000001385,0.0018200311904761957
2024-10-06 11:30:00+00:00,62069.876,62112.94,62069.876,62108.7755,0.0,30.530750000001717,0.0018200311904761957
2024-10-06 11:35:00+00:00,62108.197,62113.3935,62108.197,62113.3935,0.0,29.26442857143047,0.0018200311904761957
2024-10-06 11:40:00+00:00,62107.5545,62128.783,62107.5545,62128.783,0.0,28.05382142857343,0.0018200311904761957
2024-10-06 11:45:00+00:00,62135.8805,62144.205,62117.5545,62117.5545,0.0,29.147821428573348,0.0018200311904761957
2024-10-06 11:50:00+00:00,62118.885,62139.1815,62114.69,62114.69,0.0,28.11950000000174,0.0018200311904761957
2024-10-06 11:55:00+00:00,62120.215,62137.905,62096.655,62096.655,0.0,28.249142857144243,0.0018200311904761957
2024-10-06 12:00:00+00:00,62109.7745,62114.2685,62073.965,62073.965,0.0,29.114392857144203,0.0018200311904761957
2024-10-06 12:05:00+00:00,62112.703,62147.725,62112.703,62112.947,0.0,32.286178571429836,0.0018152692857142908
2024-10-06 12:10:00+00:00,62102.555,62125.98,62060.4495,62104.9145,0.084576722,36.84817857142999,0.005842732238095243
2024-10-06 12:15:00+00:00,62097.85,62104.5425,62097.85,62104.5425,0.0,36.16232142857292,0.005842732238095243
2024-10-06 12:20:00+00:00,62102.7975,62125.02,62102.7975,62112.0595,0.0,35.81057142857234,0.005842732238095243
2024-10-06 12:25:00+00:00,62162.5,62162.5,62142.08,62142.08,0.0,36.971964285714684,0.005745703761904767
2024-10-06 12:30:00+00:00,62141.8895,62154.3105,62139.955,62144.3995,0.0,34.34671428571424,0.005745703761904767
2024-10-06 12:35:00+00:00,62139.1,62139.1,62126.445,62137.02,0.0,32.558107142857416,0.005745703761904767
2024-10-06 12:40:00+00:00,62136.045,62145.45,62133.861,62145.45,0.0,30.14553571428561,0.005745703761904767
2024-10-06 12:45:00+00:00,62140.276,62140.276,62118.563,62126.6,0.0,31.694857142856822,0.005745703761904767
2024-10-06 12:50:00+00:00,62155.375,62208.5035,62138.888,62208.5035,0.000165517,36.028785714285085,0.005753585523809529
2024-10-06 12:55:00+00:00,62184.665,62257.9,62183.836,62220.65,0.02146213,39.415464285713306,0.006775591714285719
2024-10-06 13:00:00+00:00,62264.0895,62340.39,62264.0895,62340.39,0.007735824,46.218928571427696,0.007143964285714291
2024-10-06 13:05:00+00:00,62288.0,62288.0,62261.95,62261.95,0.0,48.87535714285644,0.0054257234761904815
2024-10-06 13:10:00+00:00,62277.64,62285.3295,62272.219,62272.219,0.0,47.66649999999936,0.0054257234761904815
2024-10-06 13:15:00+00:00,62296.4175,62334.205,62296.4175,62319.33,0.018737365,46.82549999999953,0.006317978952380958
2024-10-06 13:20:00+00:00,62298.226,62298.226,62281.55,62292.2265,0.0,44.843321428570825,0.006317978952380958
2024-10-06 13:25:00+00:00,62268.2095,62302.75,62266.955,62266.955,0.000624716,46.89549999999924,0.006347727333333338
2024-10-06 13:30:00+00:00,62302.51,62302.51,62302.51,62302.51,0.0,47.84782142857096,0.006347727333333338
2024-10-06 13:35:00+00:00,62328.0375,62351.035,62320.367,62320.367,0.007802911,47.71099999999985,0.0067192945238095285
2024-10-06 13:40:00+00:00,62317.61,62317.61,62292.794,62293.92,0.0,48.65510714285691,0.0067192945238095285
2024-10-06 13:45:00+00:00,62271.955,62284.19,62269.91,62284.19,0.0,49.087642857142264,0.0067192945238095285
2024-10-06 13:50:00+00:00,62302.76,62307.722,62265.488,62265.488,0.005888282,51.276571428571124,0.00699968890476191
2024-10-06 13:55:00+00:00,62267.852,62268.9545,62259.405,62259.405,0.0,50.03817857142868,0.0029722259523809573
2024-10-06 14:00:00+00:00,62238.75,62238.75,62212.408,62212.408,0.0,47.54485714285693,0.0029722259523809573
2024-10-06 14:10:00+00:00,62242.166,62292.675,62212.408,62292.675,0.020628181,47.98792857142845,0.00395452028571429
2024-10-06 14:15:00+00:00,62326.4615,62326.4615,62326.4615,62326.4615,0.0,41.84839285714251,0.00395452028571429
2024-10-06 14:20:00+00:00,62321.2015,62321.2015,62321.2015,62321.2015,0.0,36.62124999999911,0.00395452028571429
2024-10-06 14:25:00+00:00,62347.2,62417.1,62347.2,62380.535,0.0,41.80117857142717,0.00395452028571429
2024-10-06 14:30:00+00:00,62414.779,62414.779,62393.8155,62393.8155,0.0,39.81960714285534,0.00395452028571429
2024-10-06 14:35:00+00:00,62388.2925,62520.958,62388.2925,62475.65,0.001038702,46.59714285714082,0.0040039822857142904
2024-10-06 14:40:00+00:00,62447.1595,62538.8665,62447.1595,62535.5635,0.0,50.590857142854865,0.0039961005238095286
2024-10-06 14:45:00+00:00,62576.382,62644.1245,62508.785,62641.495,0.0,57.71832142856874,0.002974094333333339
2024-10-06 14:50:00+00:00,62608.8855,62637.457,62608.8855,62637.457,0.0,56.58149999999763,0.0026057217619047672
2024-10-06 14:55:00+00:00,62656.445,62762.114,62656.445,62720.82,5.46e-06,63.51607142856925,0.002605981761904767
2024-10-06 15:00:00+00:00,62738.8825,62738.8825,62613.679,62613.679,0.656762533,70.744178571427,0.0338803880952381
2024-10-06 15:05:00+00:00,62580.75,62604.4215,62547.667,62604.4215,0.0,72.44260714285494,0.03298813261904762
2024-10-06 15:10:00+00:00,62652.495,62673.255,62638.055,62638.055,0.0,76.67717857142634,0.03298813261904762
2024-10-06 15:15:00+00:00,62681.25,62681.25,62583.82,62583.82,0.0,80.27953571428381,0.03295838423809524
2024-10-06 15:20:00+00:00,62543.917,62549.6415,62518.314,62549.6415,0.0,79.22517857142677,0.03295838423809524
2024-10-06 15:25:00+00:00,62517.1965,62517.1965,62451.18,62494.383,0.0,83.84482142856983,0.03258681704761905
2024-10-06 15:30:00+00:00,62527.9,62553.697,62527.9,62529.75,0.0,87.70582142857009,0.03258681704761905
2024-10-06 15:35:00+00:00,62531.427,62602.0485,62531.427,62602.0485,0.0,86.0201071428559,0.03258681704761905
2024-10-06 15:50:00+00:00,62641.35,62710.45,62641.35,62710.45,0.0,91.31707142857029,0.03230642266666667
2024-10-06 15:55:00+00:00,62737.949,62737.949,62737.949,62737.949,0.0,83.80517857142799,0.03230642266666667
2024-10-06 16:00:00+00:00,62763.3195,62872.09,62757.93,62844.5425,0.167502947,86.83617857142806,0.04028275347619048
2024-10-06 16:05:00+00:00,62872.16,62920.01,62843.105,62843.105,0.0,82.66228571428552,0.039300459142857146
2024-10-06 16:10:00+00:00,62817.5145,62817.5145,62795.8,62809.477,0.0,83.71196428571368,0.039300459142857146
2024-10-06 16:15:00+00:00,62794.91,62815.385,62794.91,62815.385,0.0,76.2703928571422,0.039300459142857146
2024-10-06 16:20:00+00:00,62778.86,62778.86,62750.806,62750.806,0.0,71.94007142857092,0.039300459142857146
2024-10-06 16:25:00+00:00,62725.795,62725.795,62644.955,62694.055,0.0,74.78571428571377,0.039300459142857146
2024-10-06 16:30:00+00:00,62717.37,62766.0955,62717.37,62766.0955,0.0,75.01478571428535,0.039250997142857146
2024-10-06 16:35:00+00:00,62786.6645,62796.638,62750.9755,62796.638,0.0,71.31710714285666,0.039250997142857146
2024-10-06 16:40:00+00:00,62754.939,62754.939,62687.0415,62687.0415,0.0,74.46642857142797,0.039250997142857146
2024-10-06 16:45:00+00:00,62665.9485,62731.186,62665.9485,62700.9315,0.0,72.09328571428549,0.039250997142857146
2024-10-06 16:50:00+00:00,62695.575,62714.604,62695.575,62707.4825,0.0,69.21578571428576,0.03925073714285715
2024-10-06 16:55:00+00:00,62716.76,62716.76,62619.52,62619.52,0.0,70.99732142857205,0.007976330809523816
2024-10-06 17:00:00+00:00,62570.155,62667.055,62570.155,62667.055,0.0,70.17578571428645,0.007976330809523816
2024-10-06 17:05:00+00:00,62653.7795,62653.7795,62626.195,62626.195,0.0,71.13014285714338,0.007976330809523816
2024-10-06 17:10:00+00:00,62654.445,62654.445,62633.7,62646.9835,0.0,63.566500000000815,0.007976330809523816
2024-10-06 17:15:00+00:00,62636.4525,62698.1715,62636.4525,62698.1715,0.0,62.481785714286424,0.007976330809523816
2024-10-06 17:20:00+00:00,62730.93,62746.06,62722.1965,62722.1965,0.015507574,62.523464285715036,0.00871478671428572
2024-10-06 17:25:00+00:00,62725.798,62725.798,62708.477,62708.477,0.0,62.29817857142968,0.00871478671428572
2024-10-06 17:30:00+00:00,62710.362,62710.362,62655.5085,62655.5085,0.0,61.60350000000056,0.00871478671428572
2024-10-06 17:35:00+00:00,62696.671,62696.671,62696.671,62696.671,0.0,56.98289285714366,0.00871478671428572
2024-10-06 17:40:00+00:00,62675.64,62697.76,62651.333,62651.333,0.0,55.153357142857985,0.00871478671428572
2024-10-06 17:45:00+00:00,62621.6735,62621.6735,62613.7915,62613.7915,0.0,54.57328571428661,0.00073845590476191
2024-10-06 17:50:00+00:00,62652.275,62652.275,62629.803,62635.7685,0.0,49.49378571428679,0.00073845590476191
2024-10-06 17:55:00+00:00,62621.645,62621.645,62621.645,62621.645,0.0,45.842785714286684,0.00073845590476191
2024-10-06 18:00:00+00:00,62638.599,62682.434,62638.599,62653.054,0.0,48.825642857143976,0.00073845590476191
2024-10-06 18:05:00+00:00,62694.085,62694.085,62693.675,62693.675,0.0,44.81071428571522,0.00073845590476191
2024-10-06 18:10:00+00:00,62656.1775,62656.1775,62656.1775,62656.1775,0.0,40.56767857142976,0.00073845590476191
2024-10-06 18:15:00+00:00,62641.515,62641.515,62619.624,62632.415,0.0,40.26007142857218,0.00073845590476191
2024-10-06 18:20:00+00:00,62630.29,62732.222,62630.29,62732.222,0.0,45.52307142857223,0.00073845590476191
2024-10-06 18:25:00+00:00,62731.696,62739.7465,62714.252,62734.9725,0.0,42.93560714285819,0.00073845590476191
2024-10-06 18:30:00+00:00,62745.755,62745.755,62745.755,62745.755,0.0,40.285178571429114,0.00073845590476191
2024-10-06 18:35:00+00:00,62723.15,62750.534,62702.2585,62726.9065,0.0001,42.496214285714295,0.0007432178095238147
2024-10-06 18:40:00+00:00,62747.375,62770.65,62717.63,62717.63,0.0,42.36525000000048,0.0007432178095238147
2024-10-06 18:45:00+00:00,62700.649,62702.847,62700.649,62702.847,0.0,40.63800000000057,0.0007432178095238147
2024-10-06 18:50:00+00:00,62692.4175,62723.9395,62680.7045,62680.7045,0.0,40.41000000000037,0.0007432178095238147
2024-10-06 18:55:00+00:00,62702.2575,62741.1735,62701.72,62741.1735,0.0,42.0476785714288,0.0007432178095238147
2024-10-06 19:00:00+00:00,62738.927,62802.2955,62737.225,62802.2955,0.0,43.94675000000019,0.0007432178095238147
2024-10-06 19:05:00+00:00,62826.3315,62865.028,62826.3315,62865.028,0.0,47.41882142857139,4.761904761910049e-06
2024-10-06 19:10:00+00:00,62855.888,62877.542,62822.67,62839.93,0.0,46.996178571428445,4.761904761910049e-06
2024-10-06 19:15:00+00:00,62871.9155,62871.9155,62871.9155,62871.9155,0.0,46.35007142857129,4.761904761910049e-06
2024-10-06 19:20:00+00:00,62842.2375,62848.95,62835.595,62840.45,0.0,46.26599999999962,4.761904761910049e-06
2024-10-06 19:25:00+00:00,62884.1715,62920.704,62884.1715,62911.44,0.0,49.38746428571436,4.761904761910049e-06
2024-10-06 19:30:00+00:00,62945.2805,62970.5045,62775.186,62775.186,0.0,56.05792857142868,4.761904761910049e-06
2024-10-06 19:35:00+00:00,62812.795,62842.0325,62780.766,62780.766,0.0,59.01164285714289,4.761904761910049e-06
2024-10-06 19:40:00+00:00,62767.5615,62767.5615,62741.93,62741.93,0.0,61.01546428571497,4.761904761910049e-06
2024-10-06 19:45:00+00:00,62726.25,62726.25,62704.864,62704.864,0.0,60.2147857142866,4.761904761910049e-06
2024-10-06 19:50:00+00:00,62723.028,62745.4,62679.195,62679.195,0.007644369,61.15657142857214,0.0003687794761904815
2024-10-06 19:55:00+00:00,62633.3,62645.716,62597.375,62626.2,0.0,65.78792857142928,0.0003687794761904815
2024-10-06 20:00:00+00:00,62676.1,62699.1355,62592.1365,62699.1355,0.0,70.3425000000004,0.0003687794761904815
2024-10-06 20:05:00+00:00,62671.1,62703.84,62671.1,62700.1,0.0,68.36185714285759,0.0003687794761904815
2024-10-06 20:10:00+00:00,62727.105,62776.267,62727.105,62776.267,1.6123e-05,69.1544642857147,0.00036954723809524335
2024-10-06 20:15:00+00:00,62758.95,62758.95,62710.39,62710.39,0.000474972,69.379071428572,0.00039216495238095765
2024-10-06 20:20:00+00:00,62721.421,62721.421,62670.9765,62671.015,0.0,69.06282142857215,0.00038740304761905294
2024-10-06 20:25:00+00:00,62685.6185,62685.6185,62649.42,62657.64,0.0,69.36375000000044,0.00038740304761905294
2024-10-06 20:30:00+00:00,62675.123,62702.5375,62644.25,62652.6335,0.0,70.93282142857164,0.00038740304761905294
2024-10-06 20:35:00+00:00,62652.647,62652.647,62622.2245,62622.2245,0.0,67.37342857142878,0.00038740304761905294
2024-10-06 20:40:00+00:00,62586.1,62630.205,62586.1,62630.205,0.0001,56.572464285714624,0.00039216495238095776
2024-10-06 20:50:00+00:00,62608.795,62620.2185,62601.275,62603.2415,0.0,53.86414285714324,0.00039216495238095776
2024-10-06 20:55:00+00:00,62610.6365,62637.921,62599.0,62637.921,0.0,53.87021428571461,0.00039216495238095776
2024-10-06 21:00:00+00:00,62617.8935,62666.25,62617.8935,62666.25,0.0,54.67667857142909,0.00039216495238095776
2024-10-06 21:05:00+00:00,62628.4875,62658.2215,62598.72,62621.794,0.0,54.771321428571746,0.00039216495238095776
2024-10-06 21:10:00+00:00,62613.644,62621.15,62581.1285,62584.288,0.0,51.831714285714824,0.00039216495238095776
2024-10-06 21:15:00+00:00,62581.875,62581.875,62532.345,62532.345,0.0,47.899142857143616,0.00039216495238095776
2024-10-06 21:20:00+00:00,62518.385,62518.385,62412.366,62480.664,0.0,54.13050000000086,0.00039216495238095776
2024-10-06 21:25:00+00:00,62449.32,62511.1585,62449.32,62511.1585,0.0,53.10703571428634,0.00039216495238095776
2024-10-06 21:30:00+00:00,62501.65,62608.5755,62493.295,62608.5755,0.0,56.635857142857795,0.00039216495238095776
2024-10-06 21:35:00+00:00,62565.5775,62565.5775,62499.4,62499.4,0.0,60.830928571428686,0.00039216495238095776
2024-10-06 21:40:00+00:00,62486.15,62486.15,62439.55,62475.1585,0.0,62.52032142857154,2.814738095238624e-05
2024-10-06 21:45:00+00:00,62465.6105,62477.245,62367.43,62367.43,0.0,66.20085714285753,2.814738095238624e-05
2024-10-06 21:50:00+00:00,62332.2,62384.005,62332.2,62384.005,0.0,67.72817857142893,2.814738095238624e-05
2024-10-06 21:55:00+00:00,62351.675,62351.675,62301.55,62301.55,0.0,70.46746428571403,2.814738095238624e-05
2024-10-06 22:00:00+00:00,62326.59,62432.905,62326.59,62395.55,0.0,77.78353571428514,2.7379619047624332e-05
2024-10-06 22:05:00+00:00,62425.71,62462.418,62425.71,62462.418,0.0,79.77974999999891,4.761904761910049e-06
2024-10-06 22:10:00+00:00,62492.386,62522.772,62492.386,62494.079,0.0001,80.63671428571304,9.52380952381481e-06
2024-10-06 22:15:00+00:00,62465.72,62529.695,62433.6335,62529.695,0.0,82.67467857142712,9.52380952381481e-06
2024-10-06 22:20:00+00:00,62497.025,62497.025,62454.8265,62469.03,0.0,85.11774999999814,9.52380952381481e-06
2024-10-06 22:25:00+00:00,62463.26,62545.278,62463.26,62521.6815,0.2,87.26596428571222,0.00953333333333334
2024-10-06 22:30:00+00:00,62562.245,62562.245,62516.035,62516.035,0.0,81.9967499999979,0.009528571428571435
2024-10-06 22:35:00+00:00,62498.67,62566.6,62498.67,62566.6,0.0,82.43185714285521,0.009528571428571435
2024-10-06 22:55:00+00:00,62592.8345,62621.465,62592.8345,62621.465,0.0,78.11646428571215,0.009528571428571435
2024-10-06 23:00:00+00:00,62665.49,62875.0345,62665.49,62776.7465,9.975e-05,88.43032142856984,0.009533321428571436
2024-10-06 23:05:00+00:00,62742.0035,62750.595,62687.595,62750.595,0.0,90.52328571428423,0.009533321428571436
2024-10-06 23:10:00+00:00,62722.385,62722.385,62646.4,62651.059,0.0,90.12185714285546,0.009533321428571436
2024-10-06 23:15:00+00:00,62675.695,62699.429,62673.515,62699.429,0.0,89.87649999999796,0.009533321428571436
2024-10-06 23:20:00+00:00,62735.45,62837.5175,62735.45,62816.61,0.0,93.85032142857017,0.009533321428571436
2024-10-06 23:25:00+00:00,62756.14,62810.6,62756.14,62810.6,0.0,88.78710714285626,0.009533321428571436
2024-10-06 23:30:00+00:00,62758.305,62758.305,62704.75,62704.75,0.0,91.57153571428509,0.009533321428571436
2024-10-06 23:35:00+00:00,62735.2,62829.6035,62735.2,62829.6035,0.0,96.1786428571421,0.009533321428571436
2024-10-06 23:40:00+00:00,62861.2605,62894.8365,62861.2605,62894.8365,0.0,93.97660714285666,0.009533321428571436
2024-10-06 23:45:00+00:00,62872.129,62872.129,62835.95,62854.602,0.0,92.8350357142855,0.009533321428571436
2024-10-06 23:50:00+00:00,62825.18,62825.18,62825.18,62825.18,0.0,89.07817857142852,0.009533321428571436
2024-10-07 00:00:00+00:00,62804.585,62834.855,62804.585,62834.855,0.0,87.93960714285744,0.009533321428571436
2024-10-07 00:05:00+00:00,62871.715,62899.455,62803.6225,62803.6225,0.0,89.93264285714342,0.009533321428571436
2024-10-07 00:10:00+00:00,62783.5595,62800.925,62650.7475,62800.925,0.0002,96.93335714285786,0.009542845238095244
2024-10-07 00:15:00+00:00,62760.1,62891.3955,62760.1,62891.3955,0.0,88.19950000000037,0.00953808333333334
2024-10-07 00:20:00+00:00,62858.7905,62970.2945,62858.7905,62903.9395,0.000477,89.79610714285757,0.009560797619047625
2024-10-07 00:25:00+00:00,62888.935,62888.935,62738.1,62738.1,0.0,94.19928571428629,0.009560797619047625
2024-10-07 00:30:00+00:00,62778.0745,62844.898,62705.434,62844.898,0.0,100.70600000000091,3.6988095238100527e-05
2024-10-07 00:35:00+00:00,62862.1255,63236.3305,62862.1255,63236.3305,0.001021891,118.8020000000002,8.564957142857672e-05
2024-10-07 00:40:00+00:00,63214.5575,63376.4,63167.015,63314.554,0.000157967,129.43878571428598,9.317180952381482e-05
2024-10-07 00:45:00+00:00,63289.674,63597.4345,63242.0895,63582.2945,0.002220066,147.25985714285758,0.0001988892380952434
2024-10-07 00:50:00+00:00,63631.2295,63695.5225,63571.6,63603.311,0.0,147.19335714285782,0.0001941392380952434
2024-10-07 00:55:00+00:00,63635.535,63719.8655,63635.535,63684.15,0.0,150.8591785714291,0.0001941392380952434
2024-10-07 01:00:00+00:00,63731.444,63781.786,63714.2955,63779.489,0.0,153.6270000000004,0.0001941392380952434
2024-10-07 01:05:00+00:00,63823.315,63949.229433249,63776.425,63949.229433249,0.0,163.86860237492874,0.0001941392380952434
2024-10-07 01:10:00+00:00,63915.21,63956.045,63878.855,63894.645,0.0,167.22003094635667,0.0001941392380952434
2024-10-07 01:15:00+00:00,63909.35,63909.35,63723.0015,63842.866,0.0,173.68545951778495,0.0001941392380952434
2024-10-07 01:20:00+00:00,63816.3,63816.3,63748.574,63748.574,0.0,169.50095951778505,0.0001941392380952434
2024-10-07 01:25:00+00:00,63778.128,63873.35,63778.128,63854.0905,0.0,169.03528094635632,0.0001941392380952434
2024-10-07 01:30:00+00:00,63876.9025,63884.395,63792.985,63884.395,0.001765257,167.59999523207028,0.0002781990952381005
2024-10-07 01:35:00+00:00,63909.8395,63909.8395,63811.4445,63842.925,0.0,162.78253094635616,0.0002781990952381005
2024-10-07 01:40:00+00:00,63814.865,63820.235,63803.821,63804.0,0.0,155.61395951778468,0.0002781990952381005
2024-10-07 01:45:00+00:00,63807.855,63850.95,63786.524,63786.524,0.0,132.25635237492784,0.0002781990952381005
2024-10-07 01:50:00+00:00,63816.465,63865.06,63791.9465,63791.9465,0.00011,122.90999523207054,0.0002834371904761958
2024-10-07 01:55:00+00:00,63820.12,63867.675,63796.535,63796.535,0.003221467,102.93738808921366,0.0004273165714285767
2024-10-07 02:00:00+00:00,63828.895,63940.575,63828.895,63893.13,0.0,104.37435237492744,0.0004273165714285767
2024-10-07 02:05:00+00:00,63869.2,63927.8745,63869.2,63896.553,0.000783,100.24006666064192,0.00044188800000000535
2024-10-07 02:10:00+00:00,63857.2815,63894.4255,63849.445,63849.445,0.0,96.63092380349917,0.00044188800000000535
2024-10-07 02:15:00+00:00,63905.1,63905.1,63831.1515,63901.05,0.0,89.56978571428512,0.00044188800000000535
2024-10-07 02:20:00+00:00,63903.438,63918.09,63903.438,63918.09,0.0,85.27335714285644,0.00039322652380952916
2024-10-07 02:25:00+00:00,63896.25,63918.09,63821.434,63830.075,0.080826661,78.86674999999897,0.004234592904761909
2024-10-07 02:30:00+00:00,63853.96,63853.96,63736.205,63785.535,0.0,80.54267857142726,0.004128875476190481
2024-10-07 02:35:00+00:00,63740.745,63755.776,63681.53,63681.53,0.0,79.05903571428487,0.004128875476190481
2024-10-07 02:40:00+00:00,63642.692,63642.692,63619.785,63619.785,0.0,76.94010714285625,0.004128875476190481
2024-10-07 02:45:00+00:00,63656.035,63718.1,63656.035,63695.997,0.0,76.93439285714132,0.004128875476190481
2024-10-07 02:50:00+00:00,63711.125,63717.8,63683.7,63683.7,0.0,76.5769642857132,0.004128875476190481
2024-10-07 02:55:00+00:00,63693.425,63693.425,63616.09,63616.09,0.0,77.49903571428513,0.004128875476190481
2024-10-07 03:00:00+00:00,63654.6685,63708.9525,63654.6685,63685.6985,0.0,78.52235714285676,0.004128875476190481
2024-10-07 03:05:00+00:00,63714.5985,63714.5985,63714.5985,63714.5985,0.0,75.17746428571367,0.004128875476190481
2024-10-07 03:10:00+00:00,63745.516,63783.832,63725.5,63742.671,0.003836052,69.83414285714285,0.0043115446190476235
2024-10-07 03:15:00+00:00,63712.76,63712.76,63654.24,63654.24,0.0,71.95960714285737,0.004227484761904767
2024-10-07 03:20:00+00:00,63620.166,63655.3915,63620.166,63624.78,0.0,71.11085714285738,0.004227484761904767
2024-10-07 03:25:00+00:00,63662.99,63662.99,63662.99,63662.99,0.0,68.55810714285742,0.004227484761904767
2024-10-07 03:30:00+00:00,63671.0495,63671.0495,63411.914,63411.914,0.000783,85.85064285714387,0.004264770476190481
2024-10-07 03:35:00+00:00,63463.335,63463.335,63357.893,63423.639,0.0,86.47821428571582,0.004259532380952386
2024-10-07 03:40:00+00:00,63459.7,63459.7,63459.7,63459.7,0.0,80.64292857142989,0.004106129190476195
2024-10-07 03:45:00+00:00,63487.05,63521.905,63461.1,63482.0375,0.001562121,77.6572142857154,0.00418051590476191
2024-10-07 03:50:00+00:00,63515.35,63531.45,63510.055,63510.055,0.0,76.77632142857276,0.004143230190476195
2024-10-07 03:55:00+00:00,63469.8095,63528.085,63469.8095,63528.085,0.0,73.91635714285856,0.004143230190476195
2024-10-07 04:00:00+00:00,63562.81,63597.5965,63562.81,63597.5965,0.0,76.44575000000103,0.004143230190476195
2024-10-07 04:05:00+00:00,63592.03,63613.6,63566.4955,63613.6,0.0,74.28642857142924,0.004143230190476195
2024-10-07 04:10:00+00:00,63613.906,63631.1355,63606.6825,63626.1145,0.0,69.40003571428575,0.0002943415714285767
2024-10-07 04:15:00+00:00,63660.4,63660.4,63629.735,63641.975,0.0,69.78471428571409,0.0002943415714285767
2024-10-07 04:20:00+00:00,63659.2,63659.2,63615.495,63617.443,0.0,67.96124999999925,0.0002943415714285767
2024-10-07 04:25:00+00:00,63600.66,63632.059,63593.775,63623.6345,0.0,64.37932142857036,0.0002943415714285767
2024-10-07 04:30:00+00:00,63629.25,63636.574,63604.53,63604.53,0.0,64.15207142857045,0.0002943415714285767
2024-10-07 04:35:00+00:00,63574.55,63596.4515,63568.765,63581.95,0.0,63.97742857142761,0.0002943415714285767
2024-10-07 04:40:00+00:00,63551.3485,63559.6975,63544.43,63559.6975,0.0,48.14774999999853,0.0002943415714285767
2024-10-07 04:45:00+00:00,63528.555,63550.04,63489.5515,63489.5515,0.0,45.62660714285552,0.0002943415714285767
2024-10-07 04:50:00+00:00,63515.146,63515.146,63483.345,63483.9,0.0,45.322321428570184,0.0002943415714285767
2024-10-07 04:55:00+00:00,63490.1825,63490.1825,63474.678,63474.678,0.0,41.98657142857025,0.00011167242857143386
2024-10-07 05:00:00+00:00,63458.61,63524.0355,63458.61,63524.0355,0.0,43.13035714285589,0.00011167242857143386
2024-10-07 05:05:00+00:00,63504.5,63584.245,63504.5,63584.245,0.0,44.66389285714207,0.00011167242857143386
2024-10-07 05:10:00+00:00,63597.85,63602.995,63575.95,63597.9,0.0,41.630571428571,0.00011167242857143386
2024-10-07 05:15:00+00:00,63604.8,63612.0785,63593.8145,63612.0785,0.0,39.570535714285406,7.438671428571958e-05
2024-10-07 05:20:00+00:00,63567.8495,63567.8495,63509.6755,63509.6755,0.0,45.13839285714338,7.438671428571958e-05
2024-10-07 05:25:00+00:00,63542.55,63542.55,63542.55,63542.55,0.0,45.03760714285818,7.438671428571958e-05
2024-10-07 05:30:00+00:00,63511.0,63511.0,63358.785,63435.793,0.0,55.04189285714425,0.0
2024-10-07 05:35:00+00:00,63444.8725,63444.8725,63428.6765,63434.57,0.0,53.46417857142972,0.0
2024-10-07 05:40:00+00:00,63409.3445,63423.3025,63409.3445,63417.865,0.0,52.97714285714392,0.0
2024-10-07 05:45:00+00:00,63436.305,63436.305,63375.3,63375.3,0.0,54.78000000000092,0.0
2024-10-07 05:50:00+00:00,63361.0,63399.3,63337.272,63380.34,0.00034544,56.530571428572976,1.64495238095291e-05
2024-10-07 05:55:00+00:00,63357.98,63380.34,63357.98,63379.385,9.975e-05,53.117285714286744,2.11995238095291e-05
2024-10-07 06:00:00+00:00,63397.97,63397.97,63312.45,63372.778,0.005765469,56.9543571428585,0.00029574566666667194
2024-10-07 06:05:00+00:00,63418.535,63482.9495,63418.535,63482.9495,0.0,63.71628571428716,0.00029574566666667194
2024-10-07 06:10:00+00:00,63468.7,63508.1505,63462.02,63506.8685,0.00022,62.33807142857352,0.0003062218571428624
2024-10-07 06:15:00+00:00,63486.4465,63541.1,63473.205,63522.55,0.00043945,61.491642857144534,0.0003271480476190529
2024-10-07 06:20:00+00:00,63550.985,63550.985,63550.985,63550.985,0.0,61.590928571429686,0.0003271480476190529
2024-10-07 06:25:00+00:00,63554.405,63558.71,63509.04,63558.71,7.55e-06,63.83421428571507,0.0003275075714285767
2024-10-07 06:30:00+00:00,63541.07,63615.578,63520.982,63615.578,0.0,63.27657142857164,0.0003275075714285767
2024-10-07 06:35:00+00:00,63648.4,63648.4,63567.3875,63567.3875,0.0031,66.71500000000015,0.00047512661904762434
2024-10-07 06:40:00+00:00,63587.678,63654.8475,63587.678,63654.8475,0.0,59.836071428572076,0.00047512661904762434
2024-10-07 06:50:00+00:00,63682.17,63686.16,63654.8475,63686.16,0.48,60.915821428572336,0.023332269476190482
2024-10-07 06:55:00+00:00,63685.15,63725.444,63685.15,63708.525,0.0001,61.992142857143854,0.023337031380952385
2024-10-07 07:00:00+00:00,63681.117,63681.117,63681.117,63681.117,0.0,59.592357142858546,0.023337031380952385
2024-10-07 07:10:00+00:00,63653.315,63653.315,63613.765,63613.765,0.0,59.97264285714378,0.023337031380952385
2024-10-07 07:15:00+00:00,63567.9955,63567.9955,63549.0,63549.0,0.0,63.00157142857279,0.023337031380952385
2024-10-07 07:20:00+00:00,63572.21,63572.21,63532.0825,63532.0825,0.00021945,59.75925000000124,0.023347481380952387
2024-10-07 07:25:00+00:00,63510.465,63510.465,63510.465,63510.465,0.0,53.433964285715255,0.023347481380952387
2024-10-07 07:30:00+00:00,63527.715,63586.0775,63527.715,63586.0775,0.0,55.53982142857213,0.023347481380952387
2024-10-07 07:35:00+00:00,63559.498,63559.498,63498.116,63498.116,0.0,56.97314285714362,0.023347481380952387
2024-10-07 07:40:00+00:00,63474.62,63487.557,63449.8905,63449.8905,0.0,58.386750000000966,0.023347481380952387
2024-10-07 07:45:00+00:00,63468.1,63522.998,63468.1,63474.355,0.0,60.060857142858104,0.023331031857142866
2024-10-07 07:50:00+00:00,63510.695,63571.695,63510.695,63535.945,0.0,60.25685714285802,0.023326281857142864
2024-10-07 07:55:00+00:00,63498.15,63539.0765,63498.15,63539.0765,0.0,57.393571428572095,0.02305173571428572
2024-10-07 08:00:00+00:00,63569.9745,63615.9555,63569.9745,63615.9555,0.0,56.637785714285464,0.02305173571428572
2024-10-07 08:05:00+00:00,63644.2,63649.47,63615.9555,63649.47,0.015288733,56.79507142857152,0.023769294428571435
2024-10-07 08:10:00+00:00,63614.2975,63625.005,63586.266,63601.3685,0.005383416,58.431499999999815,0.024004721380952384
2024-10-07 08:15:00+00:00,63620.591,63668.242,63620.591,63627.4485,0.0,61.25046428571399,0.024004721380952384
2024-10-07 08:20:00+00:00,63595.9865,63599.8185,63566.34,63599.8185,0.0,60.804499999999926,0.024004361857142862
2024-10-07 08:30:00+00:00,63640.7,63680.363,63632.8135,63669.9295,0.0,61.931607142856855,0.024004361857142862
2024-10-07 08:35:00+00:00,63694.1315,63694.1315,63590.6,63590.6,0.0,66.46046428571415,0.023856742809523816
2024-10-07 08:40:00+00:00,63554.9555,63637.395,63554.9555,63605.505,0.0,70.80489285714273,0.023856742809523816
2024-10-07 08:45:00+00:00,63565.0075,63577.455,63529.465,63529.465,0.0,70.83542857142831,0.0009995999523809602
2024-10-07 08:50:00+00:00,63554.95,63631.025,63554.95,63581.6735,0.0,71.80675000000026,0.0009948380476190557
2024-10-07 08:55:00+00:00,63570.2105,63570.2105,63537.8455,63538.366,0.0,71.49264285714266,0.0009948380476190557
2024-10-07 09:00:00+00:00,63514.5885,63514.5885,63447.675,63447.675,0.0,72.74860714285698,0.0009948380476190557
2024-10-07 09:05:00+00:00,63405.8105,63405.8105,63349.777,63349.777,0.0,72.78846428571445,0.0009948380476190557
2024-10-07 09:10:00+00:00,63372.795,63372.795,63348.9915,63348.9915,0.0,71.56539285714305,0.0009843880476190555
2024-10-07 09:15:00+00:00,63380.2,63380.2,63258.3945,63258.3945,0.00019975,74.77442857142887,0.0009938999523809605
2024-10-07 09:20:00+00:00,63228.8175,63228.8175,63165.645,63214.7905,0.0,79.00550000000034,0.0009938999523809605
2024-10-07 09:25:00+00:00,63185.781,63226.29,63119.55,63127.6165,0.015820669,82.11521428571463,0.0017472651428571508
2024-10-07 09:30:00+00:00,63169.825,63222.816,63169.825,63222.816,0.0,84.1385000000004,0.0017472651428571508
2024-10-07 09:35:00+00:00,63186.285,63186.285,63089.76,63150.77,9.975e-05,89.27760714285718,0.001752015142857151
2024-10-07 09:40:00+00:00,63116.85,63191.8985,63086.7,63191.8985,0.000488907,91.03860714285786,0.0017752964285714366
2024-10-07 09:45:00+00:00,63164.2695,63239.0,63164.2695,63171.058,0.0,88.98139285714309,0.0017752964285714366
2024-10-07 09:50:00+00:00,63217.3,63217.3,63217.3,63217.3,0.0,86.39585714285775,0.0017752964285714366
2024-10-07 10:00:00+00:00,63165.745,63166.0275,63142.805,63166.0275,0.0,86.28550000000074,0.0010472615238095316
2024-10-07 10:05:00+00:00,63148.024,63154.55,63096.56,63154.55,0.0,83.99317857142887,0.0007909083809523889
2024-10-07 10:10:00+00:00,63107.983,63119.35,63025.665,63074.727,0.0,90.06867857142944,0.0007909083809523889
2024-10-07 10:15:00+00:00,63096.4675,63135.606,63067.3225,63067.3225,0.0,88.46814285714365,0.0007909083809523889
2024-10-07 10:20:00+00:00,63113.8805,63113.8805,62980.948,62980.948,0.0,90.97060714285804,0.0007909083809523889
2024-10-07 10:25:00+00:00,63012.41,63013.0045,62976.5035,62976.5035,0.0,91.87757142857247,0.0007909083809523889
2024-10-07 10:30:00+00:00,63018.3325,63018.3325,63018.3325,63018.3325,0.0,86.16496428571554,0.0007909083809523889
2024-10-07 10:40:00+00:00,62986.385,62998.67,62959.9275,62998.67,0.000154483,83.7117857142865,0.0007982647142857223
2024-10-07 10:45:00+00:00,62976.54,62976.54,62905.345,62958.36,0.0,82.75357142857216,0.0007982647142857221
2024-10-07 10:50:00+00:00,63003.8715,63003.8715,62955.165,62955.165,0.000765082,79.43264285714342,0.0008346971904761983
2024-10-07 10:55:00+00:00,62924.405,62924.405,62868.795,62868.795,0.0,76.09792857142955,0.0008346971904761983
2024-10-07 11:00:00+00:00,62837.2135,62837.2135,62799.1,62799.1,0.0,73.56196428571482,0.0008346971904761983
2024-10-07 11:05:00+00:00,62775.005,62775.005,62624.75,62729.8855,0.0001,80.67764285714345,0.0008394590952381031
2024-10-07 11:10:00+00:00,62759.575,62915.2285,62759.575,62908.637,9.975e-05,90.61342857142881,0.0008346971904761983
2024-10-07 11:15:00+00:00,62889.24,62889.24,62794.92,62836.51,0.0,93.41500000000035,0.0008346971904761983
2024-10-07 11:20:00+00:00,62804.715,62840.472,62781.9,62812.056,0.007796723,92.63675000000045,0.0004526045238095318
2024-10-07 11:25:00+00:00,62782.658,62782.658,62782.658,62782.658,0.0,85.53053571428556,0.0004526045238095318
2024-10-07 11:30:00+00:00,62751.811,62776.2275,62725.04,62747.538,0.0,84.76871428571447,0.0004478545238095318
2024-10-07 11:35:00+00:00,62778.364,62841.2135,62778.364,62841.2135,0.0,81.96464285714266,0.0004245732380952461
2024-10-07 11:40:00+00:00,62881.3,62881.3,62881.3,62881.3,0.0,82.22074999999988,0.0004245732380952461
2024-10-07 11:45:00+00:00,62849.054,62877.875,62849.054,62864.57,0.0,81.53625000000049,0.0004245732380952461
2024-10-07 11:50:00+00:00,62828.111,62848.01,62828.111,62848.01,0.0,79.96867857142934,0.0004245732380952461
2024-10-07 11:55:00+00:00,62838.713,63140.352,62809.13,63140.352,0.002946409,96.96132142857252,0.0005648784285714366
2024-10-07 12:00:00+00:00,63105.9745,63105.9745,63006.38,63012.8635,0.0,103.05171428571546,0.0005648784285714366
2024-10-07 12:05:00+00:00,62976.9065,63029.789,62940.8345,63006.125,0.0,103.23632142857241,0.0005648784285714366
2024-10-07 12:10:00+00:00,62978.685,63032.145,62978.685,63032.145,0.0,102.07667857142951,0.0005648784285714366
2024-10-07 12:15:00+00:00,62998.485,63040.881,62998.485,63040.881,0.0,92.65139285714395,0.0005648784285714366
2024-10-07 12:20:00+00:00,62991.2485,63002.7265,62972.8025,63002.7265,0.0,84.27535714285841,0.0005648784285714366
2024-10-07 12:25:00+00:00,63036.595,63077.45,63027.4595,63077.45,0.0,81.49010714285812,0.0005575220952381032
2024-10-07 12:30:00+00:00,63037.962,63089.115,63014.295,63014.295,0.0,82.65067857142951,0.0005575220952381032
2024-10-07 12:35:00+00:00,62989.7,62989.7,62891.4615,62960.11,0.0,89.3246428571443,0.000521089619047627
2024-10-07 12:40:00+00:00,62926.7615,62926.7615,62926.7615,62926.7615,0.0,87.59110714285842,0.000521089619047627
2024-10-07 12:45:00+00:00,62944.83,62948.975,62909.3,62933.5025,0.078283151,83.73392857142971,0.004248858714285722
2024-10-07 12:50:00+00:00,62914.316,62914.316,62820.9765,62859.585,0.0,88.90817857142974,0.004244096809523817
2024-10-07 12:55:00+00:00,62856.519,62863.253,62856.519,62863.253,0.0,87.08589285714334,0.0042393468095238175
2024-10-07 13:00:00+00:00,62843.812,62903.58,62843.812,62900.2575,0.0,88.75082142857198,0.0042393468095238175
2024-10-07 13:05:00+00:00,62868.515,62988.827,62868.515,62936.91,0.008051928,73.68582142857174,0.004251499428571436
2024-10-07 13:10:00+00:00,62900.13,62942.334,62900.13,62942.334,0.0,67.13096428571485,0.004251499428571436
2024-10-07 13:15:00+00:00,62893.455,63014.7525,62893.455,63014.7525,0.00023197,69.44117857142919,0.004262545619047627
2024-10-07 13:20:00+00:00,63042.87,63141.5565,63042.87,63141.5565,0.0,74.68003571428615,0.004262545619047627
2024-10-07 13:25:00+00:00,63117.419,63152.165,63054.108,63088.457,0.0,78.65582142857185,0.004262545619047627
2024-10-07 13:30:00+00:00,63114.7995,63114.7995,62930.85,62966.9355,0.0,86.9323214285718,0.004262545619047627
2024-10-07 13:35:00+00:00,62994.3,63033.67,62929.22,63033.67,0.000757,89.05564285714301,0.004298593238095246
2024-10-07 13:40:00+00:00,63065.6,63315.94,63036.0,63282.672,0.00173041,103.87350000000048,0.004240688523809532
2024-10-07 13:45:00+00:00,63315.09,63564.9,63275.519,63524.592,0.647292806,115.76975000000051,0.03506415547619049
2024-10-07 13:50:00+00:00,63551.35,63552.48,63304.7525,63352.27,0.0001,131.08253571428628,0.03506891738095239
2024-10-07 13:55:00+00:00,63381.68,63449.655,63356.3,63436.985,0.031010835,135.2046785714296,0.03654562380952382
2024-10-07 14:00:00+00:00,63486.2185,63617.85,63479.7,63617.85,0.0,140.08603571428623,0.03654562380952382
2024-10-07 14:05:00+00:00,63572.895,63646.0655,63507.6805,63548.205,0.00019975,149.48967857142893,0.03655513571428572
2024-10-07 14:10:00+00:00,63586.88,63902.805,63586.88,63899.95,0.007876981,170.54910714285714,0.036930230047619056
2024-10-07 14:15:00+00:00,63876.1,64141.0,63855.08,64141.0,0.022974751,182.37825,0.03802426580952382
2024-10-07 14:20:00+00:00,64183.14,64443.824,64168.26,64397.655,0.000161796,200.99396428571396,0.03803197038095239
2024-10-07 14:25:00+00:00,64375.3655,64375.3655,64047.1,64187.597,0.008126273,217.36949999999965,0.03841893576190477
2024-10-07 14:30:00+00:00,64219.511,64256.088,64088.425,64088.425,0.017417004,220.28799999999995,0.035520547809523816
2024-10-07 14:35:00+00:00,64044.46,64233.829,64044.46,64221.6285,0.0,226.81028571428553,0.03552054780952382
2024-10-07 14:40:00+00:00,64187.67,64362.33,64161.672,64194.281,0.003929458,228.00374999999985,0.03570766485714287
2024-10-07 14:45:00+00:00,64156.456,64156.456,64000.549,64066.99,0.0,234.38103571428604,0.03570766485714287
2024-10-07 14:50:00+00:00,64089.675,64089.675,63968.188,63968.188,0.0,222.89653571428582,0.03532423971428572
2024-10-07 14:55:00+00:00,64005.5435,64094.825,63966.435,63966.435,0.0,211.39717857142855,0.03532423971428572
2024-10-07 15:00:00+00:00,63937.9,63937.9,63688.5845,63793.8305,0.01,213.54882142857136,0.035789384000000014
2024-10-07 15:05:00+00:00,63754.165,63815.27,63681.72,63712.4875,0.000307639,216.1320357142852,0.03580403347619049
2024-10-07 15:10:00+00:00,63680.931,63836.95,63680.931,63747.29,0.007627414,214.35732142857108,0.036167243666666675
2024-10-07 15:15:00+00:00,63711.655,63713.12,63533.185,63713.12,0.0,219.76589285714311,0.036167243666666675
2024-10-07 15:20:00+00:00,63681.2,63767.62,63681.2,63723.3,9.975e-05,200.61017857142932,0.036135946047619064
2024-10-07 15:25:00+00:00,63695.903,63748.65,63642.015,63748.65,0.0,187.80410714285816,0.036053545571428584
2024-10-07 15:30:00+00:00,63769.025,63865.8055,63769.025,63865.285,0.001984865,174.54207142857246,0.00532459600000001
2024-10-07 15:35:00+00:00,63863.755,63881.9805,63728.89,63728.89,0.0,160.43746428571518,0.005319834095238106
2024-10-07 15:40:00+00:00,63745.81,63788.569,63681.791,63681.791,0.0,156.088535714287,0.003843127666666677
2024-10-07 15:45:00+00:00,63642.44,63646.8995,63578.329,63604.995,0.00077948,149.95232142857276,0.0038802457619047724
2024-10-07 15:50:00+00:00,63645.47,63687.535,63645.47,63685.855,0.0,141.5153214285726,0.003870733857142868
2024-10-07 15:55:00+00:00,63660.27,63660.27,63581.3255,63649.265,0.0,135.1437142857155,0.0034956395238095344
2024-10-07 16:00:00+00:00,63669.155,63720.23,63649.192,63695.1255,0.000849815,131.54021428571545,0.0024420711428571537
2024-10-07 16:05:00+00:00,63660.32,63753.473,63660.32,63724.448,0.0,129.02328571428683,0.0024343665714285823
2024-10-07 16:10:00+00:00,63703.8165,63703.8165,63436.78,63545.6625,0.0003,129.72453571428665,0.002061686904761915
2024-10-07 16:15:00+00:00,63582.055,63712.845,63582.055,63712.845,0.0,132.12685714285857,0.0012323057619047725
2024-10-07 16:20:00+00:00,63679.27,63746.65,63676.96,63706.26,0.0,125.96050000000157,0.0012323057619047725
2024-10-07 16:25:00+00:00,63666.9,63716.5485,63666.9,63681.0545,0.0,114.21360714285818,0.001045188714285725
2024-10-07 16:30:00+00:00,63653.75,63723.56,63600.1195,63723.56,0.0,116.85792857142899,0.001045188714285725
2024-10-07 16:35:00+00:00,63761.8315,63794.39,63745.525,63745.525,0.0,114.30042857142897,0.001045188714285725
2024-10-07 16:40:00+00:00,63779.467,63824.71,63748.689,63762.087,0.0,111.58825000000017,0.001045188714285725
2024-10-07 16:45:00+00:00,63729.2715,63828.956,63729.2715,63808.58,0.0,107.7735357142857,0.0005689982380952486
2024-10-07 16:50:00+00:00,63766.1745,63840.423,63766.1745,63829.0695,0.000762087,105.44999999999969,0.0005906386190476296
2024-10-07 16:55:00+00:00,63869.5185,63869.5185,63777.48,63826.9,0.000304777,104.63403571428509,0.0002419416190476296
2024-10-07 17:00:00+00:00,63857.6,63899.0085,63857.6,63868.113,0.0,103.88892857142802,0.0002419416190476296
2024-10-07 17:05:00+00:00,63839.82,63868.113,63772.13,63772.13,0.648375,103.27846428571345,0.03111219161904763
2024-10-07 17:10:00+00:00,63728.895,63728.895,63671.58,63710.588,0.0,105.38646428571312,0.03111219161904763
2024-10-07 17:15:00+00:00,63668.58,63704.3025,63634.1805,63704.3025,0.0,104.19035714285617,0.031017674238095254
2024-10-07 17:20:00+00:00,63754.9605,63776.0895,63685.005,63701.87,0.0,90.14867857142806,0.031017674238095254
2024-10-07 17:25:00+00:00,63738.44,63738.44,63625.6945,63625.6945,0.000228991,86.26032142857106,0.031028578571428583
2024-10-07 17:30:00+00:00,63600.6095,63601.083,63519.55,63601.083,0.0,88.86421428571339,0.030991460476190485
2024-10-07 17:35:00+00:00,63630.655,63692.98,63584.0395,63692.98,0.000425333,93.09935714285686,0.03101171442857144
2024-10-07 17:40:00+00:00,63656.13,63716.85,63653.25,63716.85,0.007593792,88.82503571428553,0.03137332357142858
2024-10-07 17:45:00+00:00,63747.785,63747.785,63682.8065,63682.8065,0.0,88.40707142857147,0.031332856190476197
2024-10-07 17:50:00+00:00,63709.195,63743.564,63709.195,63743.564,0.0,87.09082142857162,0.031332856190476197
2024-10-07 17:55:00+00:00,63721.3,63817.25,63721.3,63817.25,0.0,86.82407142857171,0.03131857047619049
2024-10-07 18:00:00+00:00,63781.1385,63781.1385,63748.19,63748.19,0.0,86.45346428571429,0.03131857047619049
2024-10-07 18:05:00+00:00,63708.3185,63708.3185,63559.26,63559.26,0.0,93.37428571428609,0.03131857047619049
2024-10-07 18:10:00+00:00,63512.7415,63577.105,63486.4125,63486.4125,0.0,94.70171428571484,0.03131857047619049
2024-10-07 18:15:00+00:00,63442.94,63442.94,63326.55,63413.6075,0.0,99.26453571428594,0.03131857047619049
2024-10-07 18:20:00+00:00,63374.25,63462.24,63374.25,63424.032,0.001508757,98.36739285714326,0.031390416047619066
2024-10-07 18:25:00+00:00,63443.715,63543.9265,63443.715,63496.502,0.0,101.47360714285762,0.031390416047619066
2024-10-07 18:30:00+00:00,63484.202,63484.202,63310.645,63310.645,0.0,108.24307142857184,0.031390416047619066
2024-10-07 18:35:00+00:00,63276.4305,63361.656,63205.545,63361.656,0.0,111.34060714285754,0.03135412619047621
2024-10-07 18:40:00+00:00,63326.1695,63326.1695,63189.21,63189.21,0.0,116.07642857142959,0.031339613000000016
2024-10-07 18:45:00+00:00,63166.7735,63166.7735,62832.785,62832.785,0.007985456,133.75389285714326,0.03171987280952382
2024-10-07 18:50:00+00:00,62785.305,62927.806,62761.437,62811.98,0.0,141.09453571428614,0.0008448728095238201
2024-10-07 18:55:00+00:00,62861.2915,62950.45,62796.798,62851.9,0.0,147.42835714285684,0.0008448728095238201
2024-10-07 19:00:00+00:00,62897.628,63082.0255,62891.8,63082.0255,6.4734e-05,159.52607142857127,0.0008479553809523915
2024-10-07 19:05:00+00:00,63115.341,63246.285,63082.0255,63246.285,0.046250524,164.4053214285715,0.003050361285714296
2024-10-07 19:10:00+00:00,63277.99,63310.915,63230.105,63310.915,0.0,165.2446071428572,0.003039456952380963
2024-10-07 19:15:00+00:00,63332.4,63408.823,63270.755,63341.95,0.0,161.61160714285714,0.003039456952380963
2024-10-07 19:20:00+00:00,63308.36,63308.36,63246.863,63274.535,0.0,161.92549999999963,0.0030192030000000107
2024-10-07 19:25:00+00:00,63305.522,63305.522,63173.43,63197.2045,0.004619922,159.9418928571426,0.0028775901428571534
2024-10-07 19:30:00+00:00,63153.019,63311.84,63153.019,63311.84,0.0,165.0012499999996,0.0028775901428571534
2024-10-07 19:35:00+00:00,63281.32,63323.51,63256.875,63287.264,0.0,161.1969999999996,0.0028775901428571534
2024-10-07 19:40:00+00:00,63255.8475,63262.239,63219.3,63229.9055,0.0,152.77607142857076,0.0028775901428571534
2024-10-07 19:45:00+00:00,63253.518,63321.799,63253.518,63321.799,0.0,148.18910714285605,0.0028775901428571534
2024-10-07 19:50:00+00:00,63348.2375,63470.92,63335.8,63420.6355,0.036442371,146.5230357142843,0.004612941142857154
2024-10-07 19:55:00+00:00,63389.765,63389.765,63281.069,63358.2345,0.0,131.03314285714129,0.004612941142857154
2024-10-07 20:00:00+00:00,63381.806,63381.806,63313.65,63360.8745,0.0,124.01792857142676,0.004612941142857154
2024-10-07 20:05:00+00:00,63318.9215,63318.9215,63287.61,63287.61,0.0,118.27596428571269,0.004541095571428582
2024-10-07 20:10:00+00:00,63294.4255,63294.4255,63294.4255,63294.4255,0.0,102.32524999999805,0.004541095571428582
2024-10-07 20:15:00+00:00,63266.225,63266.225,63125.7,63178.782,0.0,102.64424999999808,0.004541095571428582
2024-10-07 20:20:00+00:00,63130.915,63217.625,63130.915,63217.625,0.0,103.06567857142674,0.004541095571428582
2024-10-07 20:25:00+00:00,63187.055,63187.055,63155.563,63155.563,0.0,97.63667857142666,0.004541095571428582
2024-10-07 20:30:00+00:00,63172.775,63172.775,63109.2,63109.2,0.0,95.38582142856987,0.004160835761904773
2024-10-07 20:35:00+00:00,63140.534,63140.534,63140.534,63140.534,0.0,88.18882142857026,0.004160835761904773
2024-10-07 20:40:00+00:00,63113.86,63147.83,63080.905,63080.905,0.000629507,81.62482142857074,0.004190812285714296
2024-10-07 20:45:00+00:00,63050.822,63084.52,63025.344,63084.52,0.005,81.09203571428485,0.004425824952380963
2024-10-07 20:50:00+00:00,63056.9,63056.9,63002.825,63002.825,0.0,82.07282142857055,0.002223419047619058
2024-10-07 20:55:00+00:00,63029.503,63058.851,62985.205,63022.5805,9.2039e-05,80.76942857142785,0.0022278018571428677
2024-10-07 21:00:00+00:00,63042.927,63109.17,63042.927,63109.17,0.0,76.30289285714233,0.0022278018571428677
2024-10-07 21:05:00+00:00,63110.45,63236.755,63110.45,63209.5945,0.00486,75.4470714285713,0.002459230428571439
2024-10-07 21:10:00+00:00,63179.9385,63212.068,63179.9385,63212.068,0.0,72.8737500000004,0.0022392341428571533
2024-10-07 21:15:00+00:00,63186.372,63186.372,63138.396,63138.396,0.0,72.90285714285763,0.0022392341428571533
2024-10-07 21:20:00+00:00,63105.244,63196.8,63105.244,63196.8,0.0,78.95575000000099,0.0022392341428571533
2024-10-07 21:25:00+00:00,63159.3,63244.481,63159.3,63244.481,0.0,72.98828571428645,0.0022392341428571533
2024-10-07 21:30:00+00:00,63258.235,63281.8805,63258.235,63281.8805,0.0,69.46610714285791,0.0022392341428571533
2024-10-07 21:35:00+00:00,63332.683,63349.2555,63275.23,63349.2555,0.0,70.32064285714348,0.0005038831428571535
2024-10-07 21:40:00+00:00,63310.15,63310.15,63299.125,63299.125,0.0,69.36032142857168,0.0005038831428571535
2024-10-07 21:45:00+00:00,63292.895,63299.86,63286.682,63293.9,0.0,68.06346428571435,0.0005038831428571535
2024-10-07 21:50:00+00:00,63328.685,63328.685,63328.685,63328.685,0.0,65.7677499999996,0.0005038831428571535
2024-10-07 21:55:00+00:00,63345.75,63345.75,63345.75,63345.75,0.0,62.75982142857122,0.0005038831428571535
2024-10-07 22:00:00+00:00,63315.2655,63337.795,63269.876,63269.876,0.001265271,62.34403571428577,0.0005641341428571534
2024-10-07 22:05:00+00:00,63246.75,63294.9,63232.865,63232.865,0.0,61.51467857142883,0.0005641341428571534
2024-10-07 22:10:00+00:00,63262.4,63265.395,63224.1685,63265.395,0.0,58.2744642857142,0.0005641341428571534
2024-10-07 22:15:00+00:00,63229.92,63320.35,63229.92,63262.459,0.0,55.620535714285715,0.0005641341428571534
2024-10-07 22:20:00+00:00,63229.765,63229.765,63229.765,63229.765,0.0,55.660857142857175,0.0005641341428571534
2024-10-07 22:25:00+00:00,63253.13,63253.13,63204.005,63204.005,0.0001,53.90750000000013,0.0005389195238095344
2024-10-07 22:30:00+00:00,63246.355,63246.355,63043.8195,63043.8195,0.0,61.83460714285736,0.0003008242857142963
2024-10-07 22:35:00+00:00,63079.4445,63146.02,63046.932,63119.0495,0.0,63.05028571428608,0.0003008242857142963
2024-10-07 22:40:00+00:00,63075.13,63075.13,63075.13,63075.13,0.0,63.51600000000066,0.00029644147619048677
2024-10-07 22:45:00+00:00,63047.6275,63047.6275,63047.6275,63047.6275,0.0,60.19292857142916,0.00029644147619048677
2024-10-07 22:50:00+00:00,63095.6295,63116.4195,62709.2765,62730.519,0.013743194,85.69382142857232,0.0007194507142857249
2024-10-07 22:55:00+00:00,62772.15,62807.1525,62442.2,62478.75,1.792e-05,110.8205714285723,0.0007203040476190583
2024-10-07 23:00:00+00:00,62421.84,62421.84,62126.75,62180.729,0.001041927,133.47878571428686,0.0007699196190476297
2024-10-07 23:05:00+00:00,62217.65,62577.67,62205.39,62495.8,0.0,160.61278571428662,0.0007699196190476297
2024-10-07 23:10:00+00:00,62551.52,62649.2935,62499.94,62649.2935,0.0,166.15703571428614,0.0007699196190476297
2024-10-07 23:15:00+00:00,62600.8555,62636.9985,62531.885,62608.295,0.0,170.11228571428572,0.0007699196190476297
2024-10-07 23:20:00+00:00,62632.49,62632.49,62571.89,62593.69,0.0,171.49610714285726,0.0007699196190476297
2024-10-07 23:25:00+00:00,62571.5415,62571.5415,62571.5415,62571.5415,0.0,166.61885714285745,0.0007699196190476297
2024-10-07 23:30:00+00:00,62534.11,62571.0195,62507.45,62534.3335,0.0,168.86153571428596,0.0007699196190476297
2024-10-07 23:35:00+00:00,62502.9745,62502.9745,62440.59,62440.59,0.0,172.04857142857196,0.0007699196190476297
2024-10-07 23:40:00+00:00,62413.6705,62476.674,62413.6705,62476.674,0.0,162.08200000000008,0.0007699196190476297
2024-10-07 23:45:00+00:00,62437.92,62437.92,62404.262,62404.262,0.0,159.95424999999992,0.0007096686190476298
2024-10-07 23:50:00+00:00,62373.91,62373.91,62306.07,62306.07,0.0,163.83085714285698,0.0007096686190476298
2024-10-07 23:55:00+00:00,62273.245,62273.245,62218.5435,62218.5435,0.0,168.11828571428592,0.0007096686190476298
2024-10-08 00:00:00+00:00,62278.175,62313.468,62241.95,62313.468,0.0,145.81696428571428,0.0007096686190476298
2024-10-08 00:05:00+00:00,62335.75,62360.5155,62173.01,62173.01,0.0,133.14217857142856,0.0007096686190476298
2024-10-08 00:10:00+00:00,62196.317,62355.63,62196.317,62323.851,0.0,121.0436071428568,0.000704906714285725
2024-10-08 00:15:00+00:00,62345.938,62401.8,62265.0775,62265.0775,0.0,102.45657142857142,0.000704906714285725
2024-10-08 00:20:00+00:00,62303.704,62399.7495,62303.704,62399.7495,0.0,101.11217857142869,0.000704906714285725
2024-10-08 00:25:00+00:00,62431.525,62438.85,62374.36,62374.36,0.0,97.33228571428585,0.000704906714285725
2024-10-08 00:30:00+00:00,62396.2975,62549.7515,62396.2975,62549.7515,0.0003,105.53167857142866,0.0007191924285714393
2024-10-08 00:35:00+00:00,62510.789,62512.8175,62448.1815,62512.8175,0.0,111.20464285714272,6.47546190476297e-05
2024-10-08 00:40:00+00:00,62475.077,62543.755,62475.077,62543.755,0.0,111.53224999999968,6.390128571429636e-05
2024-10-08 00:45:00+00:00,62518.28,62518.28,62447.201,62478.1855,0.0,111.73299999999914,1.4285714285724941e-05
2024-10-08 00:50:00+00:00,62511.3305,62511.3305,62454.6695,62481.35,0.0,111.27996428571298,1.4285714285724941e-05
2024-10-08 00:55:00+00:00,62483.45,62528.803,62483.45,62528.803,0.0,109.49717857142761,1.4285714285724941e-05
2024-10-08 01:00:00+00:00,62527.0565,62527.0565,62501.095,62517.0,0.0,104.46260714285589,1.4285714285724941e-05
2024-10-08 01:05:00+00:00,62486.5525,62550.734,62454.773,62550.734,0.0,105.06507142856988,1.4285714285724941e-05
2024-10-08 01:10:00+00:00,62521.268,62533.03,62504.665,62519.355,0.0,101.57539285714094,1.4285714285724941e-05
2024-10-08 01:15:00+00:00,62483.065,62483.065,62382.438,62382.438,0.0,97.9619285714268,1.4285714285724941e-05
2024-10-08 01:20:00+00:00,62392.2975,62429.87,62374.725,62418.85,0.0,88.85657142857028,1.4285714285724941e-05
2024-10-08 01:25:00+00:00,62380.895,62424.9385,62367.7695,62424.9385,0.0,83.17417857142676,1.4285714285724941e-05
2024-10-08 01:30:00+00:00,62427.25,62562.7245,62294.298,62562.7245,0.0,92.7280714285693,1.4285714285724941e-05
2024-10-08 01:35:00+00:00,62589.183,62609.65,62575.512,62575.512,0.0,91.47346428571265,1.4285714285724941e-05
2024-10-08 01:40:00+00:00,62619.74,62625.425,62619.74,62625.425,0.0,82.51071428571284,1.4285714285724941e-05
2024-10-08 01:45:00+00:00,62650.573,62679.05,62650.573,62679.05,0.0,79.08607142857,1.4285714285724941e-05
2024-10-08 01:50:00+00:00,62658.807,62658.807,62570.438,62602.35,0.0,81.93849999999864,1.4285714285724941e-05
2024-10-08 01:55:00+00:00,62603.39,62633.864,62599.8,62633.864,0.0,77.47492857142736,1.4285714285724941e-05
2024-10-08 02:00:00+00:00,62621.618,62690.445,62621.618,62690.445,0.0,78.3439285714277,1.4285714285724941e-05
2024-10-08 02:05:00+00:00,62657.275,62657.275,62657.275,62657.275,0.0,77.3237142857132,1.4285714285724941e-05
2024-10-08 02:10:00+00:00,62639.1605,62671.523,62568.115,62568.115,0.0,82.73085714285637,1.4285714285724941e-05
2024-10-08 02:15:00+00:00,62535.3515,62535.3515,62505.2725,62505.2725,0.0,80.36524999999945,0.0
2024-10-08 02:20:00+00:00,62475.991,62475.991,62401.095,62439.0755,0.0,84.51585714285673,0.0
2024-10-08 02:25:00+00:00,62414.365,62418.1755,62414.365,62418.1755,0.0,76.50110714285672,0.0
2024-10-08 02:30:00+00:00,62465.6705,62465.6705,62465.6705,62465.6705,0.0,75.95467857142805,0.0
2024-10-08 02:35:00+00:00,62493.65,62530.49,62491.11,62491.11,0.0,76.50114285714257,0.0
2024-10-08 02:40:00+00:00,62462.915,62508.881,62462.915,62508.881,0.0,60.6111071428573,0.0
2024-10-08 02:45:00+00:00,62544.04,62564.865,62505.501,62554.816,0.0,61.49957142857134,0.0
2024-10-08 02:50:00+00:00,62590.429,62640.2545,62590.429,62617.555,0.0,64.0371071428573,0.0
2024-10-08 02:55:00+00:00,62644.4075,62769.335,62644.4075,62750.933,0.0,71.04817857142864,0.0
2024-10-08 03:00:00+00:00,62775.677,62775.677,62744.2,62744.2,0.0,65.53853571428616,0.0
2024-10-08 03:05:00+00:00,62701.86,62747.6245,62701.86,62732.3,0.0,66.37428571428609,0.0
2024-10-08 03:10:00+00:00,62706.2205,62706.2205,62655.799,62683.025,0.0,66.92242857142939,0.0
2024-10-08 03:15:00+00:00,62635.6455,62635.6455,62533.58,62622.4055,0.0,75.22778571428664,0.0
2024-10-08 03:20:00+00:00,62640.535,62679.9015,62635.876,62635.876,0.0,71.9483571428578,0.0
2024-10-08 03:30:00+00:00,62670.614,62670.614,62630.49,62646.24,0.0,70.32560714285812,0.0
2024-10-08 03:35:00+00:00,62638.81,62638.81,62604.1,62606.785,0.0,65.89435714285823,0.0
2024-10-08 03:40:00+00:00,62586.025,62617.191,62586.025,62617.191,0.0,66.35546428571512,0.0
2024-10-08 03:45:00+00:00,62588.608,62617.191,62577.905,62577.905,0.00470018,65.76910714285779,0.0002238180952381059
2024-10-08 03:50:00+00:00,62587.6,62587.6,62587.6,62587.6,0.0,61.83164285714364,0.0002238180952381059
2024-10-08 03:55:00+00:00,62614.92,62614.92,62614.92,62614.92,0.0,60.49978571428645,0.0002238180952381059
2024-10-08 04:00:00+00:00,62654.561,62684.575,62603.3,62642.5385,0.0,62.06485714285736,0.0002238180952381059
2024-10-08 04:05:00+00:00,62665.03,62665.03,62628.5545,62628.5545,0.0,58.56749999999998,0.0002238180952381059
2024-10-08 04:10:00+00:00,62600.162,62600.162,62600.162,62600.162,0.0,49.75410714285733,0.0002238180952381059
2024-10-08 04:15:00+00:00,62641.0695,62714.65,62641.0695,62714.65,0.0,55.68346428571437,0.0002238180952381059
2024-10-08 04:20:00+00:00,62735.0665,62767.733,62714.835,62714.835,0.002325333,56.20621428571446,0.00033454823809524875
2024-10-08 04:30:00+00:00,62746.13,62758.0,62714.835,62758.0,0.002492064,53.82507142857139,0.0004532179523809631
2024-10-08 04:35:00+00:00,62729.9715,62729.9715,62682.145,62682.145,0.0,48.56864285714307,0.0004532179523809631
2024-10-08 04:40:00+00:00,62654.797,62654.797,62596.7025,62596.7025,0.0,50.56482142857151,0.0004532179523809631
2024-10-08 04:45:00+00:00,62588.8065,62624.945,62527.3045,62624.945,0.0,54.67314285714279,0.0004532179523809631
2024-10-08 04:50:00+00:00,62644.369,62644.369,62644.369,62644.369,0.0,53.05057142857134,0.0004532179523809631
2024-10-08 04:55:00+00:00,62654.586,62713.8775,62654.586,62680.28,0.0,55.789321428571775,0.0004532179523809631
2024-10-08 05:00:00+00:00,62646.026,62646.026,62646.026,62646.026,0.0,55.42989285714326,0.0004532179523809631
2024-10-08 05:05:00+00:00,62630.759,62630.759,62538.2605,62538.2605,0.0,62.43492857142909,0.0004532179523809631
2024-10-08 05:10:00+00:00,62579.2865,62579.2865,62579.2865,62579.2865,0.0,63.41392857142949,0.0004532179523809631
2024-10-08 05:15:00+00:00,62599.6075,62599.6075,62599.6075,62599.6075,0.0,59.06007142857249,0.0004532179523809631
2024-10-08 05:20:00+00:00,62563.072,62570.935,62464.9885,62464.9885,0.0,66.07032142857237,0.0004532179523809631
2024-10-08 05:25:00+00:00,62443.2575,62443.2575,62440.4585,62440.4585,0.0,65.79442857142931,0.0004532179523809631
2024-10-08 05:35:00+00:00,62397.66,62457.7965,62394.7855,62448.45,0.0,62.11750000000029,0.0004532179523809631
2024-10-08 05:40:00+00:00,62479.29,62479.29,62468.54,62468.54,0.0,60.52871428571494,0.0002293998571428678
2024-10-08 05:45:00+00:00,62455.845,62465.393,62431.368,62431.368,0.0,60.10064285714335,0.0002293998571428678
2024-10-08 05:50:00+00:00,62401.6275,62401.6275,62359.674,62359.674,0.0,59.80342857142906,0.0002293998571428678
2024-10-08 05:55:00+00:00,62322.695,62509.992,62283.37,62509.992,0.00019975,69.88767857142895,0.00023891176190477258
2024-10-08 06:00:00+00:00,62463.5,62473.09,62420.252,62420.252,0.0,69.32335714285728,0.00023891176190477258
2024-10-08 06:05:00+00:00,62393.655,62393.655,62299.892,62342.544,0.0,76.53307142857167,0.00023891176190477258
2024-10-08 06:10:00+00:00,62371.3,62371.3,62368.765,62368.765,0.0,73.62217857142865,0.00023891176190477258
2024-10-08 06:15:00+00:00,62335.055,62335.055,62258.375,62293.385,0.0,79.06046428571426,0.0001281816190476297
2024-10-08 06:20:00+00:00,62259.655,62278.15,62217.155,62217.155,0.0,76.80792857142868,9.511904761915418e-06
2024-10-08 06:25:00+00:00,62187.1345,62248.2985,62187.1345,62248.2985,0.0,78.24635714285667,9.511904761915418e-06
2024-10-08 06:30:00+00:00,62277.397,62374.451,62248.2985,62374.451,0.00019975,85.80575000000006,1.902380952382018e-05
2024-10-08 06:35:00+00:00,62403.86,62430.9885,62396.448,62430.9885,0.0,80.22850000000004,1.902380952382018e-05
2024-10-08 06:40:00+00:00,62390.365,62447.213,62390.365,62447.213,0.0,82.53692857142907,1.902380952382018e-05
2024-10-08 06:45:00+00:00,62444.495,62444.495,62407.251,62407.251,0.0,80.89057142857253,1.902380952382018e-05
2024-10-08 06:50:00+00:00,62441.2785,62462.8185,62415.95,62456.0,0.0,82.65682142857258,1.902380952382018e-05
2024-10-08 06:55:00+00:00,62426.2,62476.3615,62423.044,62476.3615,0.000658774,83.8100714285725,5.039400000001066e-05
2024-10-08 07:00:00+00:00,62452.7045,62452.7045,62418.3775,62418.3775,0.0,82.83078571428632,5.039400000001066e-05
2024-10-08 07:05:00+00:00,62392.8,62392.8,62293.885,62330.28,0.0,75.53582142857236,5.039400000001066e-05
2024-10-08 07:10:00+00:00,62364.368,62364.368,62267.675,62273.91,0.0,76.0324642857153,5.039400000001066e-05
2024-10-08 07:15:00+00:00,62249.0515,62249.0515,62100.6,62100.6,0.0001,79.81460714285848,5.5155904761915415e-05
2024-10-08 07:20:00+00:00,62100.0,62117.127,62010.15,62115.445,0.04009975,85.4018214285726,0.00196466780952382
2024-10-08 07:25:00+00:00,62161.1405,62165.4795,62013.89,62165.4795,0.0,88.34464285714421,0.00196466780952382
2024-10-08 07:30:00+00:00,62141.0765,62232.278,62141.0765,62232.278,0.0,89.41403571428653,0.00196466780952382
2024-10-08 07:35:00+00:00,62205.42,62262.857,62205.42,62262.857,0.0,89.14782142857283,0.00196466780952382
2024-10-08 07:40:00+00:00,62303.9355,62303.9355,62267.2,62271.675,0.0,83.07110714285798,0.0019551559047619156
2024-10-08 07:45:00+00:00,62240.25,62272.6895,62240.25,62272.6895,0.0,81.34982142857241,0.0019551559047619156
2024-10-08 07:50:00+00:00,62233.325,62314.2605,62233.325,62314.2605,0.0,83.0703571428577,0.0019551559047619156
2024-10-08 07:55:00+00:00,62323.9315,62325.951,62271.825,62271.825,0.0,84.08207142857178,0.0019551559047619156
2024-10-08 08:00:00+00:00,62235.6095,62281.0,62209.83,62279.4275,0.0,85.1965357142856,0.0019551559047619156
2024-10-08 08:05:00+00:00,62322.5,62344.165,62215.8925,62245.795,0.0,90.5504642857143,0.0019551559047619156
2024-10-08 08:10:00+00:00,62267.331,62267.331,62213.405,62216.1035,0.0,90.26060714285735,0.0019551559047619156
2024-10-08 08:15:00+00:00,62187.7,62315.375,62187.7,62315.375,0.0,90.48792857142897,0.001945644000000011
2024-10-08 08:20:00+00:00,62280.975,62284.412,62243.95,62284.412,0.0,88.68307142857209,0.001945644000000011
2024-10-08 08:25:00+00:00,62304.0195,62383.097,62304.0195,62360.345,0.0,83.35271428571494,0.001945644000000011
2024-10-08 08:30:00+00:00,62305.5,62374.75,62305.5,62374.75,0.0,80.65792857142931,0.001945644000000011
2024-10-08 08:35:00+00:00,62371.6835,62371.6835,62371.6835,62371.6835,0.0,70.04914285714351,0.001945644000000011
2024-10-08 08:40:00+00:00,62333.905,62333.905,62297.726,62297.726,0.0,68.81742857142932,0.0019142738095238203
2024-10-08 08:45:00+00:00,62346.854,62371.893,62346.854,62371.893,0.0,70.0124285714285,0.0019142738095238203
2024-10-08 08:50:00+00:00,62336.5755,62416.0,62336.5755,62408.1205,0.004,72.75142857142886,0.002104750000000011
2024-10-08 08:55:00+00:00,62381.241,62408.1205,62371.81,62397.933,0.00399,73.0279285714288,0.0022947500000000108
2024-10-08 09:00:00+00:00,62426.5515,62426.5515,62423.115,62423.115,0.0,69.29100000000055,0.0022899880952381058
2024-10-08 09:05:00+00:00,62432.0955,62432.0955,62375.0995,62375.0995,0.0,69.49600000000075,0.0003804761904762011
2024-10-08 09:10:00+00:00,62345.25,62345.25,62314.2,62315.924,0.0,68.7623928571437,0.0003804761904762011
2024-10-08 09:15:00+00:00,62336.688,62380.1125,62308.066,62380.1125,0.015609414,64.74625000000118,0.0011237816190476295
2024-10-08 09:20:00+00:00,62408.55,62428.34,62408.55,62428.34,0.0,64.33921428571504,0.0011237816190476295
2024-10-08 09:25:00+00:00,62412.66,62424.47,62397.924,62415.325,0.0,57.392142857143234,0.0011237816190476295
2024-10-08 09:30:00+00:00,62446.3635,62457.625,62437.6665,62437.6665,0.0,55.31178571428609,0.0011237816190476295
2024-10-08 09:35:00+00:00,62387.8975,62387.8975,62387.8975,62387.8975,0.0,51.817785714285755,0.0011237816190476295
2024-10-08 09:40:00+00:00,62404.108,62404.108,62362.5585,62362.5585,0.0,49.83917857142868,0.0011237816190476295
2024-10-08 09:45:00+00:00,62385.05,62424.249,62349.299,62424.249,0.000180869,54.97371428571465,0.001132394428571439
2024-10-08 09:50:00+00:00,62464.2,62492.65,62464.2,62492.65,0.0,54.576821428571876,0.001132394428571439
2024-10-08 09:55:00+00:00,62518.495,62561.4935,62518.495,62534.946,0.0,54.19657142857198,0.001132394428571439
2024-10-08 10:00:00+00:00,62559.4835,62559.4835,62513.947,62513.947,0.0,51.77600000000062,0.001132394428571439
2024-10-08 10:05:00+00:00,62493.095,62493.095,62474.7175,62474.7175,0.0,51.98450000000074,0.001132394428571439
2024-10-08 10:10:00+00:00,62513.9395,62537.81,62513.9395,62537.81,0.0,54.446928571428934,0.001132394428571439
2024-10-08 10:15:00+00:00,62517.495,62517.495,62467.37,62497.35,0.0,55.407214285713835,0.001132394428571439
2024-10-08 10:20:00+00:00,62458.46,62498.7675,62458.46,62497.65,0.0,53.93635714285691,0.001132394428571439
2024-10-08 10:25:00+00:00,62459.52,62500.0,62458.707,62458.707,0.0014,51.739678571427895,0.0011990610952381058
2024-10-08 10:30:00+00:00,62478.8395,62478.8395,62420.888,62420.888,0.0,52.434249999999984,0.0011990610952381058
2024-10-08 10:40:00+00:00,62390.9275,62458.4515,62390.9275,62458.4515,0.0,55.08482142857195,0.0010085849047619152
2024-10-08 10:45:00+00:00,62489.672,62516.911,62486.004,62516.911,0.018678723,56.23907142857154,0.001708047904761915
2024-10-08 10:50:00+00:00,62545.7065,62545.7065,62512.142,62512.142,0.0,55.081607142857266,0.001708047904761915
2024-10-08 10:55:00+00:00,62514.6685,62514.6685,62514.6685,62514.6685,0.0,52.29425000000005,0.001708047904761915
2024-10-08 11:00:00+00:00,62472.0615,62504.501,62472.0615,62492.2785,0.0,49.98403571428519,0.001708047904761915
2024-10-08 11:05:00+00:00,62465.31,62514.276,62465.31,62500.5305,0.0,48.59582142857107,0.0009647424761904868
2024-10-08 11:10:00+00:00,62465.69,62476.885,62465.69,62476.885,0.0,46.167035714285575,0.0009647424761904868
2024-10-08 11:15:00+00:00,62524.061,62543.2,62500.395,62500.395,0.470263189,47.65121428571365,0.02335822766666668
2024-10-08 11:20:00+00:00,62532.25,62539.98,62501.202,62501.202,0.031117349,47.676607142856874,0.0248400061904762
2024-10-08 11:25:00+00:00,62478.787,62482.8885,62460.5065,62460.5065,0.0,46.07682142857084,0.0248400061904762
2024-10-08 11:30:00+00:00,62496.28,62523.157,62496.28,62523.157,0.0,45.520428571428056,0.0248400061904762
2024-10-08 11:40:00+00:00,62569.4435,62605.479,62569.4435,62605.479,0.0,48.52146428571359,0.024831393380952388
2024-10-08 11:45:00+00:00,62635.79,62635.79,62582.95,62582.95,0.0,49.34624999999973,0.024831393380952388
2024-10-08 11:50:00+00:00,62634.487,62634.487,62591.255,62591.255,0.0,48.88807142857123,0.024831393380952388
2024-10-08 11:55:00+00:00,62627.693,62627.693,62595.1965,62595.1965,0.0,46.66764285714245,0.024831393380952388
2024-10-08 12:00:00+00:00,62636.6,62636.6,62572.46,62572.46,0.0,47.07339285714261,0.024831393380952388
2024-10-08 12:05:00+00:00,62555.4675,62573.6,62536.05,62573.6,0.0,47.35807142857084,0.024831393380952388
2024-10-08 12:10:00+00:00,62548.335,62560.218,62531.276,62531.276,0.0,50.20074999999945,0.024831393380952388
2024-10-08 12:15:00+00:00,62559.952,62559.952,62491.5,62519.2475,0.00799,52.046821428570965,0.025211869571428583
2024-10-08 12:20:00+00:00,62505.56,62541.585,62505.56,62541.585,0.0,51.122464285713896,0.025145202904761917
2024-10-08 12:25:00+00:00,62534.4,62572.32,62534.4,62562.2915,0.0,51.34242857142817,0.025145202904761917
2024-10-08 12:35:00+00:00,62565.7685,62596.037,62533.745,62533.745,0.001570018,51.055071428570955,0.02521996566666668
2024-10-08 12:40:00+00:00,62496.6405,62496.6405,62420.8465,62420.8465,0.0,56.29174999999928,0.024330502666666677
2024-10-08 12:45:00+00:00,62463.7275,62524.435,62463.7275,62524.435,0.0,60.78410714285668,0.024330502666666677
2024-10-08 12:50:00+00:00,62500.42,62536.955,62500.42,62536.955,0.0,58.91871428571436,0.024330502666666677
2024-10-08 12:55:00+00:00,62518.988,62532.405,62427.5155,62427.5155,0.0,60.85567857142866,0.024330502666666677
2024-10-08 13:00:00+00:00,62397.2125,62436.3,62397.2125,62436.3,0.0,59.87335714285707,0.024330502666666677
2024-10-08 13:05:00+00:00,62466.571,62466.571,62414.32,62430.205,0.0,59.92435714285706,0.024330502666666677
2024-10-08 13:10:00+00:00,62417.5515,62417.5515,62362.178,62378.878,5.6277e-05,62.1807142857142,0.0019396973333333438
2024-10-08 13:15:00+00:00,62331.015,62427.95,62311.4755,62311.4755,0.000753,65.91889285714258,0.000493775952380963
2024-10-08 13:20:00+00:00,62351.325,62570.695,62351.325,62570.695,0.0,81.75242857142855,0.000493775952380963
2024-10-08 13:25:00+00:00,62594.251,62646.7835,62554.576,62574.0,0.0,85.31553571428542,0.000493775952380963
2024-10-08 13:30:00+00:00,62542.107,62738.5455,62515.8165,62738.5455,0.0,96.33532142857128,0.000493775952380963
2024-10-08 13:35:00+00:00,62710.259,62891.8,62710.259,62763.29,0.007819034,106.72932142857151,0.0008661109047619155
2024-10-08 13:40:00+00:00,62722.3505,62851.2,62722.3505,62821.459,0.001548163,113.22428571428567,0.000939832952380963
2024-10-08 13:45:00+00:00,62856.316,62856.316,62627.35,62752.535,0.000185764,125.12957142857184,0.0009486788571428679
2024-10-08 13:50:00+00:00,62789.935,62864.073,62758.952,62794.75,0.0,125.03239285714257,0.0009486788571428679
2024-10-08 13:55:00+00:00,62766.96,62999.705,62766.96,62999.705,3.9916e-05,134.25785714285718,0.0009505796190476297
2024-10-08 14:00:00+00:00,63025.6655,63172.5125,63025.6655,63102.43,0.0,143.9916071428566,0.0009505796190476297
2024-10-08 14:05:00+00:00,63070.7615,63070.7615,62737.3375,62823.005,0.015155047,162.25253571428507,0.001291772333333344
2024-10-08 14:10:00+00:00,62793.7965,62793.7965,62615.55,62615.55,0.0,174.27878571428457,0.001291772333333344
2024-10-08 14:15:00+00:00,62588.0475,62623.5035,62427.1885,62522.7785,0.0,184.56907142857017,0.001291772333333344
2024-10-08 14:20:00+00:00,62554.08,62676.362,62518.764,62518.764,0.0,190.96699999999848,0.001217009571428582
2024-10-08 14:25:00+00:00,62551.45,62551.45,62337.25,62337.25,0.001559428,197.94739285714135,0.0012912680476190584
2024-10-08 14:30:00+00:00,62310.6125,62332.0435,62142.942,62326.995,0.0,193.3108571428555,0.0012912680476190584
2024-10-08 14:35:00+00:00,62357.6,62454.3,62330.209,62454.3,0.0,195.81782142857006,0.0012912680476190584
2024-10-08 14:40:00+00:00,62431.289,62447.194,62334.37,62447.194,0.0,188.4750357142844,0.0012912680476190584
2024-10-08 14:45:00+00:00,62472.5365,62646.0,62418.753,62646.0,0.0,191.73974999999857,0.0012912680476190584
2024-10-08 14:50:00+00:00,62614.4015,62724.1155,62582.425,62621.0505,0.0079,192.65696428571286,0.0016674585238095345
2024-10-08 14:55:00+00:00,62653.097,62794.235,62653.097,62751.195,0.026530527,188.6725714285702,0.002928137095238106
2024-10-08 15:00:00+00:00,62731.366,62787.155,62650.5785,62650.5785,0.0,190.46103571428466,0.0028922799523809634
2024-10-08 15:05:00+00:00,62626.192,62806.0955,62601.364,62770.435,0.00437001,188.4600714285703,0.0031003756666666774
2024-10-08 15:10:00+00:00,62744.749,62744.749,62636.0215,62682.7,0.0,185.71764285714173,0.0031003756666666774
2024-10-08 15:15:00+00:00,62638.9,62638.9,62509.6545,62509.6545,0.0,171.99999999999895,0.0031003756666666774
2024-10-08 15:20:00+00:00,62551.875,62634.64,62452.475,62452.475,0.008233945,170.19357142857083,0.003120133333333344
2024-10-08 15:25:00+00:00,62449.3,62449.3,62199.17,62199.17,0.0,174.264285714285,0.003046411285714296
2024-10-08 15:30:00+00:00,62174.701,62174.701,61918.655,61918.655,0.000143225,183.0440714285708,0.00304438561904763
2024-10-08 15:35:00+00:00,61933.247,62158.103,61875.1675,62158.103,0.0,187.95374999999953,0.00304438561904763
2024-10-08 15:40:00+00:00,62118.0,62232.4,62118.0,62200.7455,0.008602785,182.24603571428557,0.0034521412857142966
2024-10-08 15:45:00+00:00,62230.8685,62369.8405,62230.8685,62258.202,0.0,185.2310357142856,0.0034521412857142966
2024-10-08 15:50:00+00:00,62291.4245,62360.16,62291.4245,62360.16,0.0,183.94732142857174,0.0027304723809523914
2024-10-08 15:55:00+00:00,62306.7455,62306.7455,62251.14,62251.14,0.0,175.5025357142861,0.0027304723809523914
2024-10-08 16:00:00+00:00,62292.5015,64014.0,62032.1165,62062.0,0.005013349,306.9448928571437,0.0029692032857142965
2024-10-08 16:05:00+00:00,62095.58,62203.86,62095.58,62107.0235,3.1995e-05,304.70742857142926,0.002970726857142868
2024-10-08 16:10:00+00:00,62144.4465,62229.645,62144.4465,62229.645,0.0,303.7106428571434,0.0028964683809523917
2024-10-08 16:15:00+00:00,62199.755,62300.03,62199.755,62254.85,0.0,296.24946428571485,0.0028964683809523917
2024-10-08 16:20:00+00:00,62241.7655,62241.7655,62110.289,62129.995,0.000753,296.97428571428674,0.0029323255238095348
2024-10-08 16:25:00+00:00,62165.28,62317.5435,62156.803,62317.5435,0.0,298.01021428571505,0.0029323255238095348
2024-10-08 16:30:00+00:00,62293.295,62330.876,62293.295,62330.876,0.0,287.6827857142863,0.0029323255238095348
2024-10-08 16:35:00+00:00,62357.7035,62483.4,62349.28,62384.876,0.000753,280.4841428571438,0.002591992190476201
2024-10-08 16:40:00+00:00,62426.04,62480.4265,62426.04,62480.4265,0.0,267.27239285714415,0.0013286337619047724
2024-10-08 16:45:00+00:00,62447.6,62480.4265,62443.8535,62443.8535,0.0073,249.67507142857306,0.0016762528095238202
2024-10-08 16:50:00+00:00,62415.605,62523.1425,62378.23,62523.1425,0.0,251.85453571428712,0.0014681570952381057
2024-10-08 16:55:00+00:00,62484.5215,62546.1245,62478.116,62546.1245,0.0,244.6340714285725,0.0014681570952381057
2024-10-08 17:00:00+00:00,62511.174,62512.3,62457.7955,62503.765,0.016079227,243.66057142857193,0.002233834571428582
2024-10-08 17:05:00+00:00,62464.765,62464.765,62280.545,62299.078,0.0,251.81771428571457,0.001841741952380963
2024-10-08 17:10:00+00:00,62270.17,62394.76,62207.905,62394.76,0.0,123.60139285714311,0.001841741952380963
2024-10-08 17:15:00+00:00,62380.9,62380.9,62210.344,62210.344,0.0,126.64110714285769,0.0018349217142857252
2024-10-08 17:20:00+00:00,62179.167,62221.492,62116.9015,62221.492,0.0,125.35317857142945,0.0018349217142857252
2024-10-08 17:25:00+00:00,62251.82,62251.82,62211.8535,62233.531,0.0,121.04542857142951,0.0014252652857142964
2024-10-08 17:30:00+00:00,62206.095,62242.66,62172.45,62199.2055,0.0,115.73464285714415,0.0014252652857142964
2024-10-08 17:35:00+00:00,62242.2975,62242.2975,62173.026,62173.026,0.0,107.28628571428739,0.0014252652857142964
2024-10-08 17:40:00+00:00,62222.851,62222.851,62134.999,62210.15,0.0,110.87707142857315,0.0014252652857142964
2024-10-08 17:45:00+00:00,62175.76,62185.989,62123.845,62123.845,0.000753,106.14714285714425,0.0012223915238095346
2024-10-08 17:50:00+00:00,62091.245,62177.0,62057.41,62161.1555,0.03912376,107.8642500000008,0.003083904142857153
2024-10-08 17:55:00+00:00,62190.9375,62342.7,62190.9375,62342.7,0.00425245,118.21935714285739,0.0032864017619047723
2024-10-08 18:00:00+00:00,62315.5,62483.2235,62315.5,62417.7,0.001559806,119.84871428571465,0.0033606782380952486
2024-10-08 18:05:00+00:00,62378.752,62394.97,62336.05,62336.05,0.000779741,120.82310714285735,0.0033619516190476293
2024-10-08 18:10:00+00:00,62388.65,62388.65,62347.9045,62379.55,0.0,118.27103571428597,0.0033619516190476293
2024-10-08 18:15:00+00:00,62344.945,62391.1485,62313.4905,62361.9235,0.0,107.8737500000004,0.0033619516190476293
2024-10-08 18:20:00+00:00,62316.466,62316.466,62198.245,62213.447,0.031504719,106.21828571428549,0.004826319190476202
2024-10-08 18:25:00+00:00,62170.1605,62182.95,62131.475,62182.95,0.0,98.9008571428567,0.004826319190476202
2024-10-08 18:30:00+00:00,62158.6885,62158.6885,62092.4875,62125.168,0.0,97.89171428571353,0.0044787001428571544
2024-10-08 18:35:00+00:00,62088.705,62146.0485,62049.18,62049.18,0.0,101.95614285714171,0.0044787001428571544
2024-10-08 18:40:00+00:00,62086.9575,62086.9575,62051.15,62051.15,0.0,99.63953571428387,0.0044787001428571544
2024-10-08 18:45:00+00:00,62014.17,62014.17,61890.715,61890.715,0.0,106.15121428571261,0.003713022666666678
2024-10-08 18:50:00+00:00,61933.715,62023.5745,61933.715,62023.5745,0.0,109.36603571428454,0.003713022666666678
2024-10-08 18:55:00+00:00,62056.91,62117.16,62056.91,62089.16,0.000156645,109.8860714285703,0.0037204819523809635
2024-10-08 19:00:00+00:00,62049.079,62092.365,61985.14,62020.566,0.0,109.00285714285617,0.0037204819523809635
2024-10-08 19:05:00+00:00,61992.165,62007.481,61935.8255,61977.46,0.000191617,102.08828571428499,0.0037296065714285823
2024-10-08 19:10:00+00:00,61948.62,61988.515,61901.8325,61901.8325,0.000131728,96.29964285714232,0.0037358793333333445
2024-10-08 19:15:00+00:00,61879.4115,61976.319,61845.41,61967.4335,0.015713848,99.8181428571427,0.00448415780952382
2024-10-08 19:20:00+00:00,61943.5435,61943.5435,61903.364,61905.025,0.0,100.63739285714266,0.00448415780952382
2024-10-08 19:25:00+00:00,61927.685,62108.03,61903.825,62068.9465,0.0,109.67646428571399,0.00448415780952382
2024-10-08 19:30:00+00:00,62108.75,62267.0,62108.75,62267.0,0.0,112.13182142857166,0.004448300666666677
2024-10-08 19:35:00+00:00,62236.948,62292.182,62200.445,62292.182,0.0,112.8293214285716,0.002585264476190487
2024-10-08 19:40:00+00:00,62275.2315,62297.755,62275.2315,62297.755,0.0,107.976535714286,0.0023827668571428677
2024-10-08 19:45:00+00:00,62274.4,62274.4,62235.07,62235.07,0.0,105.53485714285749,0.002308490380952392
2024-10-08 19:50:00+00:00,62277.158,62303.215,62240.2,62296.625,0.04196617,107.70396428571465,0.004269748904761915
2024-10-08 19:55:00+00:00,62261.2,62297.35,62195.709,62195.709,0.0,103.50439285714258,0.004269748904761915
2024-10-08 20:00:00+00:00,62213.1305,62272.5,62125.584,62148.7105,0.004687651,104.50842857142769,0.004492970380952392
2024-10-08 20:05:00+00:00,62191.9945,62260.55,62191.9945,62260.55,0.0,105.8122857142849,0.0029927456666666774
2024-10-08 20:10:00+00:00,62291.05,62291.05,62291.05,62291.05,0.0,100.33192857142785,0.0029927456666666774
2024-10-08 20:15:00+00:00,62245.4,62245.4,62218.769,62221.144,0.0,99.44196428571377,0.0029927456666666774
2024-10-08 20:20:00+00:00,62238.0905,62238.0905,62209.175,62209.175,0.0,95.31574999999897,0.0029927456666666774
2024-10-08 20:30:00+00:00,62240.474,62321.494,62240.474,62270.83,0.0,93.98789285714156,0.0029927456666666774
2024-10-08 20:35:00+00:00,62240.715,62240.715,62240.715,62240.715,0.0,91.56257142857066,0.0029927456666666774
2024-10-08 20:40:00+00:00,62277.3165,62277.3165,62277.3165,62277.3165,0.0,79.59089285714228,0.0029927456666666774
2024-10-08 20:45:00+00:00,62300.668,62333.12,62300.668,62333.12,0.0,69.43017857142799,0.002985286380952392
2024-10-08 20:50:00+00:00,62319.095,62319.095,62319.095,62319.095,0.0,63.87932142857088,0.002985286380952392
2024-10-08 20:55:00+00:00,62341.0575,62341.0575,62341.0575,62341.0575,0.0,63.839249999999865,0.0029761617619047725
2024-10-08 21:00:00+00:00,62298.867,62334.91,62298.867,62334.91,0.0,62.375357142857474,0.0029698890000000107
2024-10-08 21:05:00+00:00,62297.18,62297.18,62297.18,62297.18,0.0,60.20285714285793,0.002221610523809534
2024-10-08 21:15:00+00:00,62345.5215,62354.96,62345.5215,62354.96,0.0,57.069928571429564,0.002221610523809534
2024-10-08 21:20:00+00:00,62390.41,62390.41,62390.41,62390.41,0.0,49.10807142857292,0.002221610523809534
2024-10-08 21:25:00+00:00,62424.7725,62424.7725,62424.7725,62424.7725,0.0,43.57400000000104,0.002221610523809534
2024-10-08 21:30:00+00:00,62403.5035,62403.5035,62382.659,62382.659,0.0,44.40353571428672,0.002221610523809534
2024-10-08 21:35:00+00:00,62426.6,62446.15,62426.6,62436.64,0.0,43.775678571429516,0.002221610523809534
2024-10-08 21:40:00+00:00,62411.235,62411.235,62411.235,62411.235,0.0,43.524928571429754,0.002221610523809534
2024-10-08 21:45:00+00:00,62442.695,62506.685,62442.695,62493.3645,0.0,42.320000000001265,0.00022322147619048676
2024-10-08 21:50:00+00:00,62469.2715,62469.2715,62385.93,62385.93,0.0,47.84282142857254,0.00022322147619048676
2024-10-08 21:55:00+00:00,62405.518,62437.29,62405.518,62420.642,0.002465218,48.897000000000844,0.0001173913333333439
2024-10-08 22:00:00+00:00,62398.245,62398.245,62367.4825,62389.445,0.0,48.708142857143685,0.0001173913333333439
2024-10-08 22:05:00+00:00,62356.11,62356.11,62320.6475,62351.385,0.0,52.62046428571505,0.0001173913333333439
2024-10-08 22:10:00+00:00,62323.565,62323.565,62299.8,62299.8,0.0,54.73635714285774,0.0001173913333333439
2024-10-08 22:15:00+00:00,62318.137,62323.5705,62292.193,62292.193,0.0,53.96400000000046,0.0001173913333333439
2024-10-08 22:20:00+00:00,62252.95,62287.949,62252.95,62287.949,0.0,54.07207142857182,0.0001173913333333439
2024-10-08 22:25:00+00:00,62255.994,62255.994,62196.495,62196.495,0.0,56.477357142857464,0.0001173913333333439
2024-10-08 22:30:00+00:00,62227.875,62227.875,62197.159,62197.159,0.0,56.18664285714268,0.0001173913333333439
2024-10-08 22:35:00+00:00,62156.571,62156.571,62156.571,62156.571,0.0,56.63132142857129,0.0001173913333333439
2024-10-08 22:40:00+00:00,62190.985,62204.885,62168.0,62204.885,0.0,57.07421428571407,0.0001173913333333439
2024-10-08 22:45:00+00:00,62176.47,62183.015,62174.885,62174.885,0.0,54.68199999999966,0.0001173913333333439
2024-10-08 22:50:00+00:00,62143.6725,62143.6725,62143.6725,62143.6725,0.0,55.096821428571275,0.0001173913333333439
2024-10-08 23:00:00+00:00,62165.54,62165.54,62100.59,62100.59,0.0,52.91825000000036,0.0001173913333333439
2024-10-08 23:05:00+00:00,62063.806,62107.75,62063.806,62107.75,0.0,48.38321428571466,0.0001173913333333439
2024-10-08 23:10:00+00:00,62077.375,62077.375,62077.375,62077.375,0.0,46.884285714286044,0.0001173913333333439
2024-10-08 23:15:00+00:00,62045.105,62045.105,62013.6915,62013.6915,0.0,47.63600000000016,0.0001173913333333439
2024-10-08 23:25:00+00:00,62014.628,62021.775,61999.65,62019.565,0.0,44.30225000000012,0.0001173913333333439
2024-10-08 23:30:00+00:00,62041.2805,62135.3755,62041.2805,62135.3755,0.0,48.88978571428587,0.0001173913333333439
2024-10-08 23:35:00+00:00,62099.855,62163.312,62067.91,62163.312,0.001006034,53.46296428571389,0.00016529771428572487
2024-10-08 23:40:00+00:00,62151.208,62198.015,62151.208,62198.015,0.0,54.00324999999949,0.00016529771428572487
2024-10-08 23:45:00+00:00,62212.8495,62212.8495,62175.766,62202.133,0.000574292,50.119642857142026,0.00019264495238096295
2024-10-08 23:50:00+00:00,62222.67,62239.0645,62213.085,62213.085,0.0,50.51617857142784,7.525361904762962e-05
2024-10-08 23:55:00+00:00,62182.16,62197.62,62148.5625,62148.5625,0.0031,52.2257857142852,0.00022287266666667726
2024-10-09 00:00:00+00:00,62176.6,62176.6,62041.8855,62113.795,0.000488156,58.39724999999972,0.0002461181904762011
2024-10-09 00:05:00+00:00,62139.81,62139.81,62066.516,62081.325,0.0,61.489678571427895,0.0002461181904762011
2024-10-09 00:10:00+00:00,62057.9975,62114.7515,62057.9975,62114.7515,0.0,63.314071428570706,0.0002461181904762011
2024-10-09 00:15:00+00:00,62134.36,62210.3835,62118.516,62185.425,0.0,65.50564285714219,0.0002461181904762011
2024-10-09 00:20:00+00:00,62145.785,62145.785,62121.0,62121.0,0.0,66.96857142857074,0.0002461181904762011
2024-10-09 00:25:00+00:00,62142.25,62184.398,62106.88,62184.398,0.0,70.33592857142814,0.0002461181904762011
2024-10-09 00:30:00+00:00,62205.66,62212.205,62171.625,62212.205,0.0,68.68567857142833,0.0002461181904762011
2024-10-09 00:35:00+00:00,62180.235,62180.235,61986.1,61986.1,0.0,83.25567857142856,0.0002461181904762011
2024-10-09 00:40:00+00:00,62019.1,62049.6935,62000.495,62049.6935,0.0,79.52589285714306,0.0002461181904762011
2024-10-09 00:45:00+00:00,62028.865,62156.5,62028.865,62135.9135,0.0,81.82825000000074,0.0002461181904762011
2024-10-09 00:50:00+00:00,62086.995,62099.3885,62022.585,62061.155,0.0,86.57978571428664,0.0002461181904762011
2024-10-09 00:55:00+00:00,62080.5745,62125.52,62080.5745,62125.52,0.0,88.52846428571554,0.0002461181904762011
2024-10-09 01:00:00+00:00,62086.268,62168.29,62085.021,62168.29,0.0,91.83828571428707,0.0002461181904762011
2024-10-09 01:05:00+00:00,62117.0755,62174.025,62095.8,62174.025,0.0,92.81703571428703,0.0002461181904762011
2024-10-09 01:10:00+00:00,62153.4,62188.91,62141.7775,62162.118,0.0003,86.56117857143025,0.0002604039047619153
2024-10-09 01:15:00+00:00,62192.4635,62314.65,62192.4635,62289.296,0.0,92.22103571428774,0.0002604039047619153
2024-10-09 01:20:00+00:00,62257.875,62316.1105,62234.921,62292.005,0.0,93.96642857143057,0.00021249752380953437
2024-10-09 01:25:00+00:00,62252.3225,62354.852,62252.3225,62354.852,0.0,94.45910714285856,0.00021249752380953437
2024-10-09 01:30:00+00:00,62329.0925,62428.206,62329.0925,62428.206,0.0,96.93685714285832,0.00018515028571429627
2024-10-09 01:35:00+00:00,62376.1375,62455.392,62376.1375,62405.4835,0.002492064,97.06089285714395,0.00030382000000001057
2024-10-09 01:40:00+00:00,62376.495,62376.495,62376.495,62376.495,0.0,96.23292857142951,0.00015620095238096294
2024-10-09 01:45:00+00:00,62341.179,62410.547,62290.685,62290.685,0.0,88.64414285714363,0.00013295542857143914
2024-10-09 01:50:00+00:00,62324.9,62408.05,62324.9,62408.05,0.0,92.48496428571525,0.00013295542857143914
2024-10-09 01:55:00+00:00,62445.6695,62445.6695,62371.374,62371.374,0.0,88.67500000000084,0.00013295542857143914
2024-10-09 02:00:00+00:00,62356.26,62356.26,62326.634,62326.634,0.0,83.7758214285724,0.00013295542857143914
2024-10-09 02:05:00+00:00,62286.545,62286.545,62286.545,62286.545,0.0,82.04182142857255,0.00013295542857143914
2024-10-09 02:10:00+00:00,62319.225,62319.225,62281.336,62281.336,0.0,78.80039285714363,0.00013295542857143914
2024-10-09 02:20:00+00:00,62322.91,62322.91,62322.91,62322.91,0.0,76.18246428571521,0.00013295542857143914
2024-10-09 02:25:00+00:00,62285.6905,62285.6905,62285.6905,62285.6905,0.0,75.47439285714374,0.00013295542857143914
2024-10-09 02:30:00+00:00,62253.23,62253.23,62253.23,62253.23,0.0,66.89785714285765,0.00013295542857143914
2024-10-09 02:35:00+00:00,62272.6,62307.8,62248.55,62268.231,0.001209793,65.33075000000046,0.00019056461904762962
2024-10-09 02:40:00+00:00,62300.93,62332.452,62300.93,62303.091,0.0,62.5944285714291,0.00019056461904762962
2024-10-09 02:45:00+00:00,62267.2945,62344.1,62267.2945,62313.731,0.156075589,61.001000000000204,0.007622735523809533
2024-10-09 02:50:00+00:00,62293.5,62293.5,62248.1,62248.1,0.0,60.02789285714295,0.007622735523809533
2024-10-09 02:55:00+00:00,62232.65,62232.65,62232.65,62232.65,0.0,59.06085714285707,0.007622735523809533
2024-10-09 03:00:00+00:00,62275.776,62275.776,62275.776,62275.776,0.0,53.5797142857139,0.007608449809523819
2024-10-09 03:05:00+00:00,62232.031,62232.031,62138.575,62138.575,0.0,54.99657142857073,0.007608449809523819
2024-10-09 03:10:00+00:00,62173.53,62239.839,62173.53,62206.706,0.0,56.92289285714235,0.007608449809523819
2024-10-09 03:15:00+00:00,62171.748,62238.3575,62171.748,62238.3575,0.0,58.484999999999026,0.007608449809523819
2024-10-09 03:20:00+00:00,62256.1295,62335.65,62256.1295,62303.765,0.0,62.57096428571354,0.007608449809523819
2024-10-09 03:25:00+00:00,62331.1425,62331.1425,62331.1425,62331.1425,0.0,61.82014285714259,0.007489780095238104
2024-10-09 03:35:00+00:00,62366.4315,62366.4315,62366.4315,62366.4315,0.0,61.371214285713776,0.007489780095238104
2024-10-09 03:40:00+00:00,62377.445,62411.5275,62346.31,62346.31,0.0,63.37107142857037,0.007489780095238104
2024-10-09 03:45:00+00:00,62377.33,62377.33,62352.385,62352.385,0.0,63.268178571428244,0.007489780095238104
2024-10-09 03:50:00+00:00,62323.02,62323.02,62323.02,62323.02,0.0,61.13353571428576,0.007489780095238104
2024-10-09 03:55:00+00:00,62369.2095,62405.054,62330.7885,62356.807,0.004,62.405892857143044,0.007680256285714295
2024-10-09 04:00:00+00:00,62335.295,62343.0665,62294.562,62343.0665,0.0,61.36585714285788,0.007680256285714295
2024-10-09 04:05:00+00:00,62359.675,62390.424,62359.675,62390.424,0.0,60.06060714285767,0.007680256285714295
2024-10-09 04:10:00+00:00,62378.453,62378.453,62343.6225,62362.815,0.0,62.30000000000083,0.007680256285714295
2024-10-09 04:20:00+00:00,62347.3585,62347.3585,62347.3585,62347.3585,0.0,60.323607142858236,0.007680256285714295
2024-10-09 04:25:00+00:00,62359.311,62359.311,62359.311,62359.311,0.0,51.3772857142867,0.007680256285714295
2024-10-09 04:30:00+00:00,62352.5395,62384.3755,62352.5395,62384.3755,0.0,46.41814285714385,0.007622647095238105
2024-10-09 04:35:00+00:00,62354.5935,62354.5935,62324.827,62353.495,0.00339,45.91378571428712,0.007784075666666677
2024-10-09 04:40:00+00:00,62365.45,62365.45,62327.45,62353.785,0.0,41.67860714285832,0.00035190476190477245
2024-10-09 04:45:00+00:00,62327.2,62327.2,62298.18,62298.18,0.0,43.69485714285838,0.00035190476190477245
2024-10-09 04:50:00+00:00,62337.815,62337.815,62337.815,62337.815,0.0,44.00528571428731,0.00035190476190477245
2024-10-09 05:00:00+00:00,62326.245,62396.1,62326.245,62396.1,0.0,44.3365357142871,0.00035190476190477245
2024-10-09 05:05:00+00:00,62372.865,62372.865,62372.865,62372.865,0.0,43.780464285715425,0.00035190476190477245
2024-10-09 05:15:00+00:00,62406.47,62406.47,62406.47,62406.47,0.0,44.083321428572425,0.00035190476190477245
2024-10-09 05:20:00+00:00,62443.46,62443.46,62443.46,62443.46,0.0,40.86589285714373,0.00035190476190477245
2024-10-09 05:25:00+00:00,62396.3745,62396.3745,62396.3745,62396.3745,0.0,39.78307142857219,0.00035190476190477245
2024-10-09 05:30:00+00:00,62433.35,62433.35,62423.79,62423.79,0.0,39.041500000000916,0.00035190476190477245
2024-10-09 05:35:00+00:00,62463.65,62463.65,62463.65,62463.65,0.0,38.545678571429434,0.00035190476190477245
2024-10-09 05:40:00+00:00,62466.67,62466.67,62466.67,62466.67,0.0,37.657357142857755,0.00035190476190477245
2024-10-09 05:45:00+00:00,62420.588,62438.748,62393.94,62429.862,0.0,41.99860714285751,0.00035190476190477245
2024-10-09 05:50:00+00:00,62477.185,62477.185,62451.985,62452.1665,0.0,43.10482142857135,0.00035190476190477245
2024-10-09 05:55:00+00:00,62483.475,62502.579,62483.475,62490.4225,0.0,42.452249999999495,0.000161428571428582
2024-10-09 06:00:00+00:00,62520.2,62520.2,62482.75,62485.3895,0.023345395,42.41296428571358,0.0012731140476190583
2024-10-09 06:05:00+00:00,62459.9315,62498.2,62459.9315,62483.473,0.0,41.1746428571418,0.0012731140476190583
2024-10-09 06:10:00+00:00,62457.89,62502.995,62457.89,62502.995,0.0,41.565357142856165,0.0012731140476190583
2024-10-09 06:15:00+00:00,62465.76,62465.76,62465.76,62465.76,0.0,39.2353571428565,0.0012731140476190583
2024-10-09 06:20:00+00:00,62498.36,62498.36,62458.817,62462.475,0.0,40.400214285713446,0.0012731140476190583
2024-10-09 06:25:00+00:00,62495.7635,62495.7635,62452.2225,62452.2225,0.0,41.10992857142732,0.0012731140476190583
2024-10-09 06:30:00+00:00,62440.795,62440.795,62402.025,62402.025,0.0,42.05332142857047,0.0011116854761904868
2024-10-09 06:35:00+00:00,62365.145,62411.01,62365.145,62380.775,0.023386239,41.966142857142195,0.0022253159047619154
2024-10-09 06:40:00+00:00,62378.925,62399.69,62378.925,62399.69,0.0,40.80824999999926,0.0022253159047619154
2024-10-09 06:45:00+00:00,62366.3115,62405.129,62366.3115,62405.129,0.0,40.73378571428475,0.0022253159047619154
2024-10-09 06:50:00+00:00,62396.1755,62426.1705,62396.1755,62411.981,0.0,42.66057142857088,0.0022253159047619154
2024-10-09 06:55:00+00:00,62421.83,62423.43,62386.133,62386.133,0.0,40.12964285714251,0.0022253159047619154
2024-10-09 07:00:00+00:00,62347.4535,62347.4535,62336.194,62336.194,0.0,40.31649999999978,0.0022253159047619154
2024-10-09 07:05:00+00:00,62358.69,62358.69,62297.005,62297.005,0.0,41.1216785714288,0.0022253159047619154
2024-10-09 07:10:00+00:00,62265.825,62265.825,62208.34,62208.34,0.0,44.77989285714336,0.0022253159047619154
2024-10-09 07:15:00+00:00,62231.8915,62231.8915,62214.95,62214.95,0.0,43.72867857142929,0.0022253159047619154
2024-10-09 07:20:00+00:00,62194.0,62194.0,62165.05,62189.3,0.0,44.07117857142865,0.0022253159047619154
2024-10-09 07:25:00+00:00,62177.6,62228.065,62177.6,62228.065,0.0,45.01617857142888,0.0022253159047619154
2024-10-09 07:30:00+00:00,62245.54,62280.75,62212.388,62280.75,0.003,47.074678571429104,0.0023681730476190583
2024-10-09 07:35:00+00:00,62255.5,62294.234,62250.209,62294.234,0.001516971,47.1092500000003,0.0024404097619047725
2024-10-09 07:40:00+00:00,62266.6025,62266.6025,62242.2,62246.1995,0.0,47.2404285714287,0.0024404097619047725
2024-10-09 07:45:00+00:00,62205.8185,62251.48,62201.151,62251.48,0.0,47.55928571428584,0.0013287242857142963
2024-10-09 07:50:00+00:00,62285.5,62286.957,62248.355,62248.355,0.017314436,48.83335714285723,0.0021532212380952487
2024-10-09 07:55:00+00:00,62237.9275,62243.837,62237.9275,62243.837,0.0,46.805500000000656,0.0021532212380952487
2024-10-09 08:00:00+00:00,62226.0985,62226.0985,62226.0985,62226.0985,0.0,45.93003571428614,0.0021532212380952487
2024-10-09 08:05:00+00:00,62242.8705,62242.8705,62099.1905,62141.45,0.0,53.52882142857197,0.0021532212380952487
2024-10-09 08:10:00+00:00,62164.656,62164.656,62164.656,62164.656,0.0,51.61932142857248,0.0021532212380952487
2024-10-09 08:15:00+00:00,62210.5615,62210.5615,62152.3215,62152.3215,0.0,51.37325000000107,0.0021532212380952487
2024-10-09 08:20:00+00:00,62202.345,62202.345,62102.44,62119.0055,0.0,52.17610714285807,0.0010395908095238201
2024-10-09 08:25:00+00:00,62094.8,62097.1685,62094.5,62097.1685,0.0,52.244250000000775,0.0010395908095238201
2024-10-09 08:30:00+00:00,62067.46,62147.4,62042.9785,62042.9785,0.000351431,56.13864285714434,0.0010563256190476297
2024-10-09 08:35:00+00:00,62074.1415,62130.95,62074.1415,62130.95,0.0,58.81767857142976,0.0010563256190476297
2024-10-09 08:40:00+00:00,62130.0,62130.0,62086.79,62087.233,0.0,57.08896428571513,0.0010563256190476297
2024-10-09 08:45:00+00:00,62099.205,62099.205,62060.543,62075.45,0.0,56.7058928571444,0.0010563256190476297
2024-10-09 08:50:00+00:00,62079.0375,62130.8,62061.388,62061.388,0.001252891,57.94717857143041,0.0011159870952381057
2024-10-09 08:55:00+00:00,62062.995,62108.499,62059.229,62094.265,0.0,57.871535714287475,0.0011159870952381057
2024-10-09 09:00:00+00:00,62128.5205,62183.362,62128.5205,62164.575,0.00399,61.47832142857338,0.0013059870952381058
2024-10-09 09:05:00+00:00,62125.3955,62133.435,62099.8095,62133.435,0.0,65.3596071428583,0.0013059870952381058
2024-10-09 09:10:00+00:00,62098.385,62124.9,62071.734,62071.734,0.001243299,68.49978571428697,0.0013651918095238201
2024-10-09 09:15:00+00:00,62112.489,62112.489,62112.489,62112.489,0.0,61.148000000001566,0.0012223346666666772
2024-10-09 09:20:00+00:00,62145.1155,62184.343,62143.92,62143.92,0.0,64.62285714285827,0.0011500979523809628
2024-10-09 09:25:00+00:00,62110.4925,62110.4925,62090.8355,62109.275,0.0,64.2546071428577,0.0011500979523809628
2024-10-09 09:30:00+00:00,62128.156,62135.485,62128.156,62135.485,0.0,58.99067857142914,0.0011500979523809628
2024-10-09 09:35:00+00:00,62131.915,62136.8325,62100.877,62124.3425,0.0,59.80853571428607,0.00032560100000001053
2024-10-09 09:40:00+00:00,62157.08,62186.545,62138.2905,62168.789,0.0,56.79289285714289,0.00032560100000001053
2024-10-09 09:45:00+00:00,62183.99,62183.99,62145.9965,62151.36,0.0,53.22303571428555,0.00032560100000001053
2024-10-09 09:50:00+00:00,62187.026,62189.025,62186.197,62189.025,0.0,52.75910714285731,0.00032560100000001053
2024-10-09 09:55:00+00:00,62195.5015,62232.69,62195.5015,62221.8535,0.0,53.11646428571424,0.00032560100000001053
2024-10-09 10:00:00+00:00,62210.228,62217.825,62187.5375,62213.441,0.0,50.60960714285674,0.00032560100000001053
2024-10-09 10:05:00+00:00,62220.5375,62220.5375,62171.952,62180.6735,0.0,50.560714285713665,0.00032560100000001053
2024-10-09 10:10:00+00:00,62156.64,62180.1335,62146.525,62176.384,0.0,46.63582142857039,0.00032560100000001053
2024-10-09 10:15:00+00:00,62147.224,62163.23,62126.31,62126.31,0.0,45.58642857142799,0.00030886619047620104
2024-10-09 10:20:00+00:00,62096.44,62096.44,62029.872,62055.732,0.0,48.06764285714183,0.00030886619047620104
2024-10-09 10:25:00+00:00,62089.844,62139.03,62055.4305,62055.4305,0.012054688,51.12796428571268,0.0008828989523809628
2024-10-09 10:30:00+00:00,62058.765,62058.765,62053.591,62053.591,0.0,46.365107142855514,0.0008828989523809628
2024-10-09 10:35:00+00:00,62022.215,62029.206,61994.652,62019.736,0.0,46.78328571428418,0.0008232374761904867
2024-10-09 10:40:00+00:00,62034.3145,62049.762,62034.3145,62034.485,0.0,47.05585714285605,0.0008232374761904867
2024-10-09 10:45:00+00:00,62072.63,62107.4715,62072.63,62094.98,0.0,49.70092857142767,0.0006332374761904867
2024-10-09 10:50:00+00:00,62100.395,62128.505,62100.395,62128.505,0.0,47.65253571428444,0.0006332374761904867
2024-10-09 10:55:00+00:00,62119.01,62119.01,62085.0875,62099.861,0.0,48.03996428571294,0.0005740327619047725
2024-10-09 11:05:00+00:00,62144.786,62144.786,62144.786,62144.786,0.0,48.55853571428452,0.0005740327619047725
2024-10-09 11:10:00+00:00,62134.965,62139.977,62115.7,62115.7,0.0,47.51717857142752,0.0005740327619047725
2024-10-09 11:15:00+00:00,62123.175,62152.9845,62107.535,62107.535,0.0,48.312428571427255,0.0005740327619047725
2024-10-09 11:20:00+00:00,62080.264,62080.264,62080.264,62080.264,0.0,46.78996428571294,0.0005740327619047725
2024-10-09 11:30:00+00:00,62106.1915,62106.1915,62106.1915,62106.1915,0.0,46.20274999999882,0.0005740327619047725
2024-10-09 11:35:00+00:00,62148.355,62148.355,62090.61,62123.27,0.0089775,46.75067857142754,0.0010015327619047724
2024-10-09 11:40:00+00:00,62086.6435,62104.5,62086.6435,62104.5,0.0,42.47842857142781,0.0010015327619047724
2024-10-09 11:45:00+00:00,62129.097,62155.505,62127.8525,62147.937,0.0,40.150249999999296,0.0010015327619047724
2024-10-09 11:50:00+00:00,62148.52,62179.998,62123.68,62179.998,0.0,43.80339285714217,0.0010015327619047724
2024-10-09 11:55:00+00:00,62161.668,62187.336,62136.765,62139.985,0.00469407,43.205678571428244,0.0012250599047619153
2024-10-09 12:00:00+00:00,62160.1685,62160.23,62074.2665,62074.2665,0.0,47.20121428571396,0.0012250599047619153
2024-10-09 12:05:00+00:00,62033.96,62067.91,62020.1,62057.421,0.0,45.85692857142827,0.0012250599047619153
2024-10-09 12:10:00+00:00,62060.81,62120.242,62060.81,62092.2185,0.0,47.949499999999844,0.0012250599047619153
2024-10-09 12:15:00+00:00,62056.265,62109.841,62056.265,62109.841,0.001567405,48.67510714285735,0.0012996982380952486
2024-10-09 12:20:00+00:00,62070.5505,62082.6425,62040.408,62064.69,0.0,50.42567857142837,0.0007256654761904867
2024-10-09 12:25:00+00:00,62059.45,62084.96,62055.5135,62055.5135,0.0,50.45142857142803,0.0007256654761904867
2024-10-09 12:30:00+00:00,62028.825,62028.825,61989.0,61989.0,0.0,51.95599999999987,0.0007256654761904867
2024-10-09 12:35:00+00:00,61957.67,61957.67,61880.2305,61880.2305,0.0,57.777321428571405,0.0007256654761904867
2024-10-09 12:40:00+00:00,61908.55,61908.55,61769.0,61828.394,0.000786069,65.89321428571462,0.0007630973333333438
2024-10-09 12:45:00+00:00,61794.09,61794.09,61756.9,61788.55,0.0,66.87528571428577,0.0007630973333333438
2024-10-09 12:50:00+00:00,61834.09,61862.595,61724.55,61801.755,0.001039352,74.11946428571433,0.0008125902857142963
2024-10-09 12:55:00+00:00,61763.0685,61963.725,61763.0685,61923.394,0.0,84.80885714285718,0.0008125902857142963
2024-10-09 13:00:00+00:00,61884.305,61987.491,61884.305,61904.015,0.0,88.15657142857162,0.0008125902857142963
2024-10-09 13:05:00+00:00,61919.4515,61963.79,61759.57,61800.805,0.0,99.13150000000003,0.0008125902857142963
2024-10-09 13:10:00+00:00,61773.497,61925.1305,61773.497,61889.794,0.0001,103.82221428571367,0.0008173521904762009
2024-10-09 13:15:00+00:00,61921.506,61962.875,61907.3985,61942.91,0.0,105.1732499999993,0.0008173521904762009
2024-10-09 13:20:00+00:00,61895.769,61895.769,61861.338,61888.305,0.24259087,106.51260714285672,0.011941798380952393
2024-10-09 13:25:00+00:00,61909.9,61909.9,61871.8,61897.83,0.003143404,105.40717857142798,0.012091484285714296
2024-10-09 13:30:00+00:00,61868.2835,61896.0455,61801.085,61801.085,0.0,107.3580357142855,0.012091484285714296
2024-10-09 13:35:00+00:00,61764.505,61897.7415,61738.55,61890.7,0.0,116.62553571428518,0.012091484285714296
2024-10-09 13:40:00+00:00,61858.7,61962.6815,61800.422,61853.575,0.0003,123.46453571428512,0.011882242857142868
2024-10-09 13:45:00+00:00,61830.14,61940.705,61790.805,61940.705,0.0,126.40242857142792,0.011882242857142868
2024-10-09 13:50:00+00:00,61892.385,61892.385,61765.94,61765.94,0.0,128.9177857142848,0.011882242857142868
2024-10-09 13:55:00+00:00,61813.1815,61813.1815,61762.46,61762.46,0.012596523,127.43403571428487,0.012482077285714295
2024-10-09 14:00:00+00:00,61724.24,61812.0,61647.9925,61792.95,0.000420796,129.28849999999926,0.012427476857142865
2024-10-09 14:05:00+00:00,61741.1905,61867.94,61715.5715,61849.055,0.008021117,125.8393571428569,0.01280943480952382
2024-10-09 14:10:00+00:00,61880.564,61880.564,61813.817,61854.9345,0.0,123.23657142857077,0.01280943480952382
2024-10-09 14:15:00+00:00,61885.6865,61944.659,61885.6865,61920.874,0.0,115.05832142857045,0.01280943480952382
2024-10-09 14:20:00+00:00,61946.945,61976.9025,61886.2985,61917.7985,0.0,110.69907142857066,0.01280943480952382
2024-10-09 14:25:00+00:00,61943.695,61945.978,61895.124,61895.124,0.0,109.11142857142788,0.012772002952380962
2024-10-09 14:30:00+00:00,61882.411,61910.5055,61784.62,61788.814,0.0005,112.27667857142764,0.012795812476190485
2024-10-09 14:35:00+00:00,61819.78,61890.3605,61803.65,61803.65,0.0,116.80857142857089,0.012746319523809533
2024-10-09 14:40:00+00:00,61776.505,61813.44,61721.8315,61721.8315,0.000787559,116.441678571428,0.012783822333333342
2024-10-09 14:45:00+00:00,61697.248,61707.99,61605.6,61707.99,0.0,113.37310714285715,0.012783822333333342
2024-10-09 14:50:00+00:00,61728.65,61766.393,61728.65,61766.393,0.0,105.95478571428559,0.012783822333333342
2024-10-09 14:55:00+00:00,61795.7795,61818.6,61693.245,61818.6,0.0,104.20157142857092,0.012779060428571439
2024-10-09 15:00:00+00:00,61863.385,61863.385,61777.021,61777.021,0.0,97.88721428571391,0.012779060428571439
2024-10-09 15:05:00+00:00,61791.582,61924.5135,61791.582,61924.5135,0.0,104.79942857142825,0.0012271142380952487
2024-10-09 15:10:00+00:00,61957.515,62098.9,61935.63,62098.9,0.0049875,105.54078571428545,0.001314928333333344
2024-10-09 15:15:00+00:00,62058.897,62127.672,62030.28,62127.672,0.0,101.61389285714229,0.001314928333333344
2024-10-09 15:20:00+00:00,62079.085,62185.0,62054.435,62185.0,0.0,106.17232142857132,0.001314928333333344
2024-10-09 15:25:00+00:00,62218.645,62280.67,62212.4,62277.45,0.0029955,106.59700000000001,0.0014432854761904867
2024-10-09 15:30:00+00:00,62245.69,62319.2905,62188.235,62188.235,0.0,109.48639285714307,0.0014432854761904867
2024-10-09 15:35:00+00:00,62230.45,62258.5035,62124.5985,62156.85,0.0,115.41860714285733,0.0014432854761904867
2024-10-09 15:40:00+00:00,62195.475,62260.5235,62195.475,62260.5235,0.0,113.83203571428645,0.0008434510476190582
2024-10-09 15:45:00+00:00,62214.6025,62343.9245,62214.6025,62302.557,0.0,115.81600000000046,0.0008234131428571534
2024-10-09 15:50:00+00:00,62313.3465,62348.382,62279.783,62348.382,0.064504157,114.17246428571421,0.003513081714285725
2024-10-09 15:55:00+00:00,62306.8275,62306.8275,62254.295,62278.241,0.0,112.59071428571406,0.003513081714285725
2024-10-09 16:00:00+00:00,62258.18,62281.745,62168.625,62233.6795,0.000563127,116.4990714285715,0.003539897285714296
2024-10-09 16:05:00+00:00,62210.8165,62210.8165,62095.48,62163.795,0.0,117.41653571428573,0.003539897285714296
2024-10-09 16:10:00+00:00,62139.7215,62139.7215,62045.655,62045.655,0.0,119.68624999999987,0.003539897285714296
2024-10-09 16:15:00+00:00,62009.785,62009.785,61845.84,61850.415,0.0,123.42357142857145,0.0035160877619047726
2024-10-09 16:20:00+00:00,61881.065,61915.1815,61809.822,61815.352,0.0,118.49307142857131,0.0035160877619047726
2024-10-09 16:25:00+00:00,61785.177,61788.505,61713.989,61744.8385,0.0,118.77671428571401,0.0034785849523809634
2024-10-09 16:30:00+00:00,61776.772,61793.1025,61655.513,61655.513,0.0,119.27846428571398,0.0034785849523809634
2024-10-09 16:35:00+00:00,61679.865,61833.728,61679.865,61833.728,0.0,125.1745357142858,0.0034785849523809634
2024-10-09 16:40:00+00:00,61811.0745,61811.0745,61747.9435,61770.005,0.0,121.9408928571429,0.0034785849523809634
2024-10-09 16:45:00+00:00,61798.52,61798.52,61715.924,61715.924,0.0,118.27596428571425,0.0034785849523809634
2024-10-09 16:50:00+00:00,61671.055,61761.365,61645.11,61683.072,0.050610799,119.17464285714232,0.005888623000000011
2024-10-09 16:55:00+00:00,61728.055,61761.49,61697.855,61761.49,0.0,115.53864285714215,0.0056511230000000105
2024-10-09 17:00:00+00:00,61731.5995,61754.4,61680.335,61700.4595,0.038119345,116.43549999999959,0.007466329904761915
2024-10-09 17:05:00+00:00,61718.65,61762.185,61704.785,61717.2155,0.0,114.12396428571394,0.007466329904761915
2024-10-09 17:10:00+00:00,61760.425,61858.003,61760.425,61815.728,0.0,116.10021428571365,0.007323687047619058
2024-10-09 17:15:00+00:00,61812.5325,61834.21,61812.5325,61834.21,0.0,107.77721428571385,0.007323687047619058
2024-10-09 17:20:00+00:00,61810.7945,61810.7945,61810.7945,61810.7945,0.0,101.01117857142786,0.007323687047619058
2024-10-09 17:25:00+00:00,61779.4235,61779.4235,61669.4665,61720.55,0.0,96.83353571428493,0.007323687047619058
2024-10-09 17:30:00+00:00,61740.264,61771.683,61740.264,61771.683,0.0,92.96021428571319,0.007323687047619058
2024-10-09 17:35:00+00:00,61750.25,61770.41,61717.03,61757.135,0.003938362,89.6237857142847,0.004439601571428582
2024-10-09 17:40:00+00:00,61780.1885,61799.87,61779.37,61779.37,0.015745004,82.84846428571316,0.0051893636666666765
2024-10-09 17:45:00+00:00,61762.15,61788.55,61723.105,61723.105,0.0,74.79346428571287,0.005162548095238105
2024-10-09 17:50:00+00:00,61754.09,61754.09,61635.452,61654.47,0.0,77.14014285714127,0.005162548095238105
2024-10-09 17:55:00+00:00,61681.5415,61681.5415,61681.27,61681.27,0.0,73.17410714285559,0.005162548095238105
2024-10-09 18:00:00+00:00,61713.026,61766.2275,61708.17,61766.2275,0.0,70.93857142857034,0.005162548095238105
2024-10-09 18:05:00+00:00,61730.615,61730.615,61676.968,61676.968,0.0,71.71296428571337,0.005162548095238105
2024-10-09 18:10:00+00:00,61651.585,61651.585,61357.11,61385.5,0.005615877,88.76317857142774,0.00542997080952382
2024-10-09 18:15:00+00:00,61364.382,61388.6645,61247.6123945405,61258.0318945405,0.001056489,94.42936467567779,0.005480279809523821
2024-10-09 18:20:00+00:00,61291.6,61385.7,61257.4838945405,61385.7,0.0,93.5314079227849,0.005480279809523821
2024-10-09 18:25:00+00:00,61419.6,61419.6,61379.27,61390.134,0.0,94.8637293513566,0.005480279809523821
2024-10-09 18:30:00+00:00,61347.73,61395.494,61316.9115,61316.9115,0.0,98.80422935135668,0.005480279809523821
2024-10-09 18:35:00+00:00,61355.6015,61374.689,61309.906,61374.689,0.0,93.3367293513563,0.003070241761904773
2024-10-09 18:40:00+00:00,61345.3025,61406.8785,61289.7965,61289.7965,0.0,98.04737220849971,0.003070241761904773
2024-10-09 18:45:00+00:00,61329.724,61329.724,61255.6973945405,61267.373,0.0,99.43120116989303,0.0012550348571428677
2024-10-09 18:50:00+00:00,61249.5103945405,61289.667,61249.5103945405,61262.6123945405,0.0,99.24703013128601,0.0012550348571428677
2024-10-09 18:55:00+00:00,61252.6573945405,61252.6573945405,61101.4675,61125.3015,0.003,106.08273688417883,0.0013978920000000106
2024-10-09 19:00:00+00:00,61107.55,61171.45,61032.8,61139.4255,0.0,107.51216545560705,0.0013978920000000106
2024-10-09 19:05:00+00:00,61124.5395,61124.5395,61006.628,61025.7,0.0,115.06402259846436,0.0013978920000000106
2024-10-09 19:10:00+00:00,61009.21,61018.42,60948.194,60970.605,0.000218475,114.53177259846363,0.0014082955714285821
2024-10-09 19:15:00+00:00,60996.395,61079.27,60996.395,61049.792,0.0,115.91787974132032,0.0014082955714285821
2024-10-09 19:20:00+00:00,61005.05,61050.3305,60990.22,60990.22,0.0,97.36448688417711,0.0012207545238095345
2024-10-09 19:25:00+00:00,60951.343,60951.343,60793.505,60893.7425,0.000402343,101.34040792278445,0.0004901516190476296
2024-10-09 19:30:00+00:00,60844.75,61050.8595,60844.75,61050.8595,0.0,106.90422181853448,0.0004901516190476296
2024-10-09 19:35:00+00:00,61018.131,61086.175,61018.131,61085.8985,0.0,108.88379324710591,0.0004901516190476296
2024-10-09 19:40:00+00:00,61037.245,61060.9355,61037.245,61060.9355,0.0,106.74600753282046,0.0004901516190476296
2024-10-09 19:45:00+00:00,61049.15,61049.15,60971.6195,61042.915,0.0,108.49836467567782,0.0004901516190476296
2024-10-09 19:50:00+00:00,61013.211,61098.39,60997.55,61048.88,0.015485079,107.33822181853455,0.001227536333333344
2024-10-09 19:55:00+00:00,61014.12,61014.12,60961.64,60990.07,0.0,108.28203571428405,0.0009601136190476298
2024-10-09 20:00:00+00:00,60946.649,60969.8195,60912.676,60969.8195,0.0,110.94184961003391,0.0009098046190476298
2024-10-09 20:05:00+00:00,60956.176,60984.661,60918.884,60950.335,0.0,104.12985714285553,0.0009098046190476298
2024-10-09 20:10:00+00:00,60982.1805,61011.041,60957.6585,60957.6585,0.0009,98.56242857142726,0.0009526617619047726
2024-10-09 20:15:00+00:00,60944.62,60981.53,60849.2465,60849.2465,0.0,98.52571428571277,0.0009526617619047726
2024-10-09 20:20:00+00:00,60872.465,60917.705,60798.912,60858.9,0.0001,101.47478571428499,0.0009574236666666773
2024-10-09 20:25:00+00:00,60830.275,60884.6,60830.275,60884.6,0.0,97.59335714285668,0.0009574236666666773
2024-10-09 20:30:00+00:00,60917.68,60995.245,60917.68,60995.245,0.0,101.20296428571444,0.0009574236666666773
2024-10-09 20:35:00+00:00,60955.115,60955.115,60945.7,60951.2845,0.0,90.69082142857171,0.0009574236666666773
2024-10-09 20:40:00+00:00,60969.32,61056.985,60969.32,61056.985,0.0,83.51875000000031,0.0008145665238095345
2024-10-09 20:45:00+00:00,61061.84,61061.84,60751.12,60758.481,0.0,100.85274999999976,0.0008145665238095345
2024-10-09 20:50:00+00:00,60779.61,60816.053,60381.215,60473.015,0.013108388,128.4373571428571,0.0014387754761904868
2024-10-09 20:55:00+00:00,60443.725,60532.055,60313.1648746895,60381.715,0.015424618,137.69265180789287,0.0021628775238095345
2024-10-09 21:00:00+00:00,60344.6665,60542.3315,60344.4875,60542.3315,0.000482634,144.62150895075007,0.002185860095238106
2024-10-09 21:05:00+00:00,60518.685,60518.685,60421.645,60447.024,0.0,147.01054466503618,0.002185860095238106
2024-10-09 21:10:00+00:00,60493.699,60574.865,60486.281,60574.865,0.0,150.61390180789334,0.0021667009047619153
2024-10-09 21:15:00+00:00,60616.8385,60674.215,60541.24,60541.24,0.0,155.41375895075024,0.0021667009047619153
2024-10-09 21:20:00+00:00,60571.2625,60670.0595,60571.2625,60637.795,0.0,160.27900895075072,0.0021667009047619153
2024-10-09 21:25:00+00:00,60664.2705,60730.4915,60664.2705,60730.4915,0.0,157.4513660936079,0.0021667009047619153
2024-10-09 21:30:00+00:00,60695.697,60695.697,60658.002,60658.002,0.0,154.1439732364644,0.0021667009047619153
2024-10-09 21:35:00+00:00,60703.05,60757.477,60665.6835,60757.477,0.0,157.36897323646448,0.0014293161904762011
2024-10-09 21:40:00+00:00,60719.513,60788.706,60719.513,60788.706,0.0,154.40811609360702,0.001429316190476201
2024-10-09 21:45:00+00:00,60780.3715,60899.1845,60780.3715,60899.1845,0.0,159.35583037932105,0.001429316190476201
2024-10-09 21:50:00+00:00,60865.06,60870.95,60831.8105,60870.95,0.0,156.61822323646422,0.001429316190476201
2024-10-09 22:00:00+00:00,60837.0225,60837.0225,60734.17,60771.2445,0.0,144.19393752217886,0.001386459047619058
2024-10-09 22:05:00+00:00,60747.422,60813.12,60697.3735,60766.225,0.0,121.40168752217869,0.001386459047619058
2024-10-09 22:10:00+00:00,60777.01,60874.7325,60777.01,60812.4625,0.0,113.51721428571442,0.0013816971428571533
2024-10-09 22:15:00+00:00,60759.795,60778.6195,60751.632,60778.6195,0.0,103.73053571428629,0.0013816971428571533
2024-10-09 22:20:00+00:00,60738.33,60738.33,60687.5,60687.5,0.0,101.61860714285753,0.0013816971428571533
2024-10-09 22:25:00+00:00,60715.1465,60717.98,60666.8685,60666.8685,0.0,96.13792857142938,0.0013816971428571533
2024-10-09 22:30:00+00:00,60712.755,60712.755,60666.483,60699.6655,0.0,89.94485714285786,0.0013816971428571533
2024-10-09 22:35:00+00:00,60667.5895,60737.21,60667.5895,60717.177,0.0,85.7163571428573,0.0013816971428571533
2024-10-09 22:40:00+00:00,60721.8,60721.8,60678.9545,60678.9545,0.0,82.15557142857195,0.0007574881904762008
2024-10-09 22:45:00+00:00,60709.9115,60743.9245,60709.9115,60743.9245,0.0,81.61846428571516,2.2982571428582e-05
2024-10-09 22:50:00+00:00,60704.15,60736.865,60704.15,60736.865,0.0,77.3541428571438,0.0
2024-10-09 22:55:00+00:00,60755.989,60755.989,60745.15,60745.15,0.0,73.77778571428696,0.0
2024-10-09 23:00:00+00:00,60714.177,60776.0,60714.177,60776.0,0.0,69.70707142857229,0.0
2024-10-09 23:05:00+00:00,60773.2575,60773.2575,60686.511,60686.511,0.0,71.28671428571501,0.0
2024-10-09 23:10:00+00:00,60635.643,60677.25,60613.501,60677.25,0.0,66.73171428571524,0.0
2024-10-09 23:15:00+00:00,60640.704,60684.35,60640.704,60684.35,0.0,61.58167857142949,0.0
2024-10-09 23:20:00+00:00,60644.31,60644.354,60572.456,60572.456,0.002406751,61.823571428572386,0.00011460719047620105
2024-10-09 23:25:00+00:00,60602.247,60602.247,60562.4,60568.95,0.0,60.324750000000805,0.00011460719047620105
2024-10-09 23:30:00+00:00,60613.7485,60679.35,60613.7485,60677.705,0.0,61.701928571429434,0.00011460719047620105
2024-10-09 23:35:00+00:00,60647.145,60678.2245,60621.0,60621.0,0.0,62.138571428571595,0.00011460719047620105
2024-10-09 23:40:00+00:00,60643.113,60681.4665,60643.113,60658.565,0.0,63.152464285714814,0.00011460719047620105
2024-10-09 23:45:00+00:00,60653.911,60664.621,60631.61,60656.7485,0.0,60.53750000000063,0.00011460719047620105
2024-10-09 23:50:00+00:00,60660.3305,60673.435,60589.3835,60589.3835,0.0,63.480785714285695,0.00011460719047620105
2024-10-09 23:55:00+00:00,60586.8225,60604.51,60577.418,60585.4605,0.000105149,60.77521428571448,0.0001196142857142963
2024-10-10 00:00:00+00:00,60614.2835,60614.2835,60564.85,60564.85,0.0,61.46514285714303,0.0001196142857142963
2024-10-10 00:05:00+00:00,60529.535,60529.535,60499.76,60499.76,0.0,64.74842857142825,0.0001196142857142963
2024-10-10 00:10:00+00:00,60469.2865,60556.0075,60432.18,60551.4625,0.0,69.1773214285713,0.0001196142857142963
2024-10-10 00:15:00+00:00,60524.035,60524.035,60441.6955,60441.6955,0.0,70.62574999999977,0.0001196142857142963
2024-10-10 00:20:00+00:00,60403.777,60425.524,60403.777,60425.524,0.0,68.11921428571388,0.0001196142857142963
2024-10-10 00:25:00+00:00,60397.705,60428.915,60333.4675,60428.915,0.0,71.81932142857113,0.0001196142857142963
2024-10-10 00:30:00+00:00,60391.2965,60520.0835,60391.2965,60436.878,0.0,73.02596428571425,0.0001196142857142963
2024-10-10 00:35:00+00:00,60395.912,60453.2725,60333.16,60372.8955,0.0,78.75921428571382,0.0001196142857142963
2024-10-10 00:40:00+00:00,60398.8,60423.23,60345.457,60423.23,0.0,76.4287142857138,0.0001196142857142963
2024-10-10 00:45:00+00:00,60388.888,60453.5055,60353.522,60453.5055,0.0,79.48292857142847,0.0001196142857142963
2024-10-10 00:50:00+00:00,60488.526,60488.526,60480.9915,60480.9915,0.0,77.66535714285679,0.0001196142857142963
2024-10-10 00:55:00+00:00,60451.62,60451.62,60378.2115,60378.2115,0.0,82.64885714285681,0.0001196142857142963
2024-10-10 01:00:00+00:00,60410.75,60504.073,60410.75,60504.073,0.0,85.63528571428573,0.0001196142857142963
2024-10-10 01:05:00+00:00,60507.8335,60539.125,60491.29,60499.1,0.0,87.11692857142823,5.007095238105812e-06
2024-10-10 01:10:00+00:00,60461.0,60561.661,60461.0,60529.1615,0.0,90.77603571428543,5.007095238105812e-06
2024-10-10 01:15:00+00:00,60570.439,60612.645,60547.055,60612.645,0.000385432,92.08985714285674,2.3361000000010573e-05
2024-10-10 01:20:00+00:00,60569.37,60601.61,60565.562,60601.61,0.0,86.6081071428567,2.3361000000010573e-05
2024-10-10 01:25:00+00:00,60577.9425,60602.205,60498.771,60532.725,0.0,86.15574999999964,2.3361000000010573e-05
2024-10-10 01:30:00+00:00,60574.301,60630.25,60533.225,60630.25,0.0,90.4133571428569,2.3361000000010573e-05
2024-10-10 01:35:00+00:00,60662.6625,60734.174,60662.6625,60700.24,0.0,91.01882142857097,2.3361000000010573e-05
2024-10-10 01:40:00+00:00,60726.671,60726.671,60726.671,60726.671,0.0,83.70767857142813,1.8353904761915336e-05
2024-10-10 01:45:00+00:00,60722.813,60753.025,60722.813,60753.025,0.0,77.28621428571412,1.8353904761915336e-05
2024-10-10 01:50:00+00:00,60726.534,60785.0465,60717.7755,60717.7755,0.0,76.53607142857072,1.8353904761915336e-05
2024-10-10 01:55:00+00:00,60699.001,60771.5,60699.001,60750.3655,0.012809151,74.57289285714225,0.0006283134761904867
2024-10-10 02:00:00+00:00,60725.0,60822.4665,60725.0,60822.4665,0.0,79.03332142857107,0.0006283134761904867
2024-10-10 02:05:00+00:00,60784.9865,60784.9865,60714.6,60759.1405,0.0,79.39664285714285,0.0006283134761904867
2024-10-10 02:10:00+00:00,60794.882,60794.882,60669.7555,60678.895,0.0,79.34414285714281,0.0006283134761904867
2024-10-10 02:15:00+00:00,60689.5785,60803.989,60689.5785,60776.325,0.016002884,84.8626428571432,0.001390355571428582
2024-10-10 02:20:00+00:00,60757.645,60803.52,60757.645,60803.52,0.0,80.94935714285748,0.001390355571428582
2024-10-10 02:25:00+00:00,60827.953,60827.953,60789.51,60805.743,0.000868828,77.73217857142923,0.0014317283333333437
2024-10-10 02:30:00+00:00,60817.615,60864.089,60817.615,60864.089,0.0,78.53667857142916,0.0014317283333333437
2024-10-10 02:35:00+00:00,60838.285,60844.3675,60836.311,60844.3675,0.0,73.13267857142897,0.0014317283333333437
2024-10-10 02:40:00+00:00,60844.3,60857.5155,60830.14,60830.14,0.0,68.12200000000043,0.0014317283333333437
2024-10-10 02:45:00+00:00,60870.2605,60871.5415,60784.345,60784.345,0.0,66.92717857142894,0.0014317283333333437
2024-10-10 02:50:00+00:00,60804.4755,60845.7,60804.4755,60808.82,0.0,69.42174999999978,0.0014317283333333437
2024-10-10 02:55:00+00:00,60836.9,60852.555,60820.515,60820.515,0.0,70.38767857142842,0.0014317283333333437
2024-10-10 03:00:00+00:00,60830.2935,60830.2935,60799.8775,60812.488,0.0,67.75517857142871,0.001413374428571439
2024-10-10 03:05:00+00:00,60809.2495,60809.2495,60767.5155,60767.5155,0.0,65.78899999999963,0.001413374428571439
2024-10-10 03:10:00+00:00,60786.492,60850.15,60786.492,60842.7075,0.0,64.7295714285709,0.001413374428571439
2024-10-10 03:15:00+00:00,60864.7,60867.635,60864.7,60867.635,0.0,58.80535714285673,0.001413374428571439
2024-10-10 03:20:00+00:00,60879.1415,60891.45,60855.507,60867.005,0.0,52.435107142856786,0.001413374428571439
2024-10-10 03:25:00+00:00,60863.624,60882.713,60859.725,60879.6585,0.0,45.141821428571085,0.001413374428571439
2024-10-10 03:30:00+00:00,60883.675,60890.4415,60868.2105,60879.218,0.0,43.452964285713925,0.001413374428571439
2024-10-10 03:35:00+00:00,60879.35,60899.0,60879.35,60898.4035,0.0,42.12003571428535,0.001413374428571439
2024-10-10 03:40:00+00:00,60875.5,60875.5,60825.597,60859.17,0.0,43.15292857142828,0.0008034148571428675
2024-10-10 03:45:00+00:00,60861.15,60896.7345,60861.15,60885.135,0.0,43.85196428571414,0.0008034148571428675
2024-10-10 03:50:00+00:00,60871.4,60881.865,60832.46,60832.46,0.0,45.65907142857135,0.0008034148571428675
2024-10-10 03:55:00+00:00,60847.0695,60847.0695,60794.87,60801.0925,0.0,43.159285714285424,0.0008034148571428675
2024-10-10 04:00:00+00:00,60804.513,60804.513,60804.513,60804.513,0.0,39.021107142857154,4.137276190477248e-05
2024-10-10 04:05:00+00:00,60841.136,60841.136,60800.85,60810.694,0.0,38.774749999999976,4.137276190477248e-05
2024-10-10 04:10:00+00:00,60805.6,60810.825,60764.971,60768.2745,0.0,39.877464285714396,0.0
2024-10-10 04:15:00+00:00,60776.235,60797.79,60755.43,60758.1095,0.0,39.69085714285757,0.0
2024-10-10 04:20:00+00:00,60791.774,60802.508,60784.147,60797.936,0.0,36.95971428571492,0.0
2024-10-10 04:25:00+00:00,60823.628,60863.9,60823.628,60863.9,0.0,39.89089285714311,0.0
2024-10-10 04:35:00+00:00,60867.53,60867.53,60827.64,60843.642,0.0,40.17282142857169,0.0
2024-10-10 04:40:00+00:00,60860.2875,60863.5045,60844.7355,60863.5045,0.0,39.94957142857155,0.0
2024-10-10 04:45:00+00:00,60877.562,60900.2485,60876.11,60890.76,0.0,40.98621428571433,0.0
2024-10-10 04:50:00+00:00,60868.22,60868.22,60832.757,60840.4185,0.0,43.71628571428612,0.0
2024-10-10 04:55:00+00:00,60851.8,60851.8,60816.444,60816.444,0.0,41.04125000000048,0.0
2024-10-10 05:00:00+00:00,60825.5375,60829.795,60813.1,60819.7,0.0,39.55057142857186,0.0
2024-10-10 05:05:00+00:00,60815.776,60821.6,60809.086,60819.5435,0.0,36.68192857142848,0.0
2024-10-10 05:10:00+00:00,60814.3,60831.1715,60803.8,60816.43,0.0,34.90849999999981,0.0
2024-10-10 05:15:00+00:00,60817.1955,60821.0,60787.29,60793.691,0.0,37.07203571428545,0.0
2024-10-10 05:20:00+00:00,60818.6105,60831.4,60790.425,60822.425,0.004798702,37.12124999999963,0.00022850961904762962
2024-10-10 05:25:00+00:00,60821.1325,60830.05,60809.253,60830.05,0.0,35.33146428571438,0.00022850961904762962
2024-10-10 05:30:00+00:00,60835.409,60835.409,60800.185,60815.875,0.0,34.82175000000019,0.00022850961904762962
2024-10-10 05:35:00+00:00,60821.7105,60849.635,60812.19,60849.635,0.0,34.32507142857139,0.00022850961904762962
2024-10-10 05:40:00+00:00,60863.15,60874.6995,60846.97,60858.105,0.0,31.594035714285774,0.00022850961904762962
2024-10-10 05:45:00+00:00,60859.5725,60933.0255,60859.5725,60933.0255,0.0,34.096214285714396,0.00022850961904762962
2024-10-10 05:50:00+00:00,60964.2645,60964.2645,60937.031,60937.031,0.0,34.90882142857091,0.00022850961904762962
2024-10-10 05:55:00+00:00,60919.75,60928.2,60865.74,60880.91,0.0,37.37646428571419,0.00022850961904762962
2024-10-10 06:00:00+00:00,60891.7,60891.7,60838.8445,60838.8445,0.0,37.00878571428517,0.00022850961904762962
2024-10-10 06:05:00+00:00,60830.0,60902.6105,60830.0,60901.555,0.0,39.669821428571076,0.00022850961904762962
2024-10-10 06:10:00+00:00,60907.8675,60940.2095,60898.898,60898.898,0.0,41.42814285714225,0.00022850961904762962
2024-10-10 06:15:00+00:00,60948.5845,60980.6,60937.045,60980.6,0.0,46.37014285714239,0.00022850961904762962
2024-10-10 06:20:00+00:00,60962.586,60970.0,60952.8435,60958.4,0.0,46.397642857142536,0.00022850961904762962
2024-10-10 06:25:00+00:00,60960.305,60980.535,60954.385,60973.068,0.0,45.8576428571427,0.00022850961904762962
2024-10-10 06:30:00+00:00,61009.201,61024.595,61009.201,61024.595,0.0,46.61135714285722,0.00022850961904762962
2024-10-10 06:35:00+00:00,61040.185,61063.97,61004.7155,61014.395,0.001593475,49.35832142857128,0.00030438938095239156
2024-10-10 06:40:00+00:00,61034.15,61034.15,60991.1175,61004.6635,0.0,49.91607142857122,0.00030438938095239156
2024-10-10 06:45:00+00:00,61001.6365,61015.34,60979.48,60980.982,0.0,49.802857142856475,0.00030438938095239156
2024-10-10 06:50:00+00:00,60971.483,61036.085,60971.483,61036.085,0.0,52.43660714285631,0.00030438938095239156
2024-10-10 06:55:00+00:00,61021.55,61079.202,61021.55,61079.202,0.0,51.20314285714163,0.00030438938095239156
2024-10-10 07:00:00+00:00,61036.03,61063.8,61031.667,61048.85,0.031869592,52.36714285714178,0.0018219890000000106
2024-10-10 07:05:00+00:00,61051.455,61051.455,61029.204,61035.6985,0.0,48.86428571428457,0.0015934793809523915
2024-10-10 07:10:00+00:00,61021.785,61083.0275,61013.7495,61083.0275,0.0,50.03732142857033,0.0015934793809523915
2024-10-10 07:15:00+00:00,61089.58,61089.58,61015.979,61029.5565,0.023909771,50.10807142857032,0.002732039904761915
2024-10-10 07:20:00+00:00,61017.5025,61039.165,60993.1,60993.1,0.0,50.44760714285648,0.002732039904761915
2024-10-10 07:25:00+00:00,60999.305,61010.7125,60972.1515,60982.3715,0.016,47.36610714285676,0.003493944666666677
2024-10-10 07:30:00+00:00,60938.6655,60952.3,60923.7785,60923.7785,0.004360392,49.56871428571425,0.0037015823809523917
2024-10-10 07:35:00+00:00,60907.5045,60907.5045,60907.425,60907.425,0.0,48.868964285713965,0.0037015823809523917
2024-10-10 07:40:00+00:00,60909.9305,60909.9305,60866.8465,60896.995,0.0,48.26589285714259,0.0037015823809523917
2024-10-10 07:45:00+00:00,60906.4,60926.351,60896.785,60926.351,0.0,46.14528571428517,0.0037015823809523917
2024-10-10 07:50:00+00:00,60920.9675,60920.9675,60886.66,60906.0485,0.0,45.90660714285644,0.0037015823809523917
2024-10-10 07:55:00+00:00,60873.383,60873.383,60851.6,60851.6,0.0,47.234357142856815,0.0037015823809523917
2024-10-10 08:00:00+00:00,60835.8,60884.601,60835.8,60884.006,0.0,46.105714285713994,0.0037015823809523917
2024-10-10 08:05:00+00:00,60866.5605,60872.392,60826.1085,60826.1085,0.0,46.123250000000034,0.0037015823809523917
2024-10-10 08:10:00+00:00,60844.8925,60855.936,60809.83,60822.7,0.0,46.021178571428855,0.0037015823809523917
2024-10-10 08:15:00+00:00,60848.453,60848.453,60829.65,60848.38,0.0,46.271321428571746,0.0037015823809523917
2024-10-10 08:20:00+00:00,60860.25,60939.036,60860.25,60938.9675,0.0,47.798321428572045,0.0036257026190476297
2024-10-10 08:25:00+00:00,60928.523,61003.951,60928.523,61003.951,0.0,47.92882142857187,0.0036257026190476297
2024-10-10 08:30:00+00:00,60972.91,61018.561,60919.625,60919.625,0.0,51.705321428571814,0.0036257026190476297
2024-10-10 08:35:00+00:00,60925.645,60925.645,60872.895,60879.86,0.00326544,52.7188214285717,0.003781199761904772
2024-10-10 08:40:00+00:00,60873.032,60873.032,60873.032,60873.032,0.0,49.021321428571746,0.003781199761904772
2024-10-10 08:45:00+00:00,60853.12,60853.12,60793.305,60793.305,0.0,53.54800000000042,0.0022636001428571534
2024-10-10 08:50:00+00:00,60764.411,60839.809,60764.411,60779.333,0.0,55.856142857143176,0.0022636001428571534
2024-10-10 08:55:00+00:00,60811.75,60811.75,60740.7,60740.7,0.0,58.819285714286316,0.0022636001428571534
2024-10-10 09:00:00+00:00,60779.639,60812.085,60774.95,60774.95,0.0,61.083142857143685,0.0011250396190476296
2024-10-10 09:05:00+00:00,60753.849,60757.585,60753.849,60757.585,0.0,58.701178571429146,0.0011250396190476296
2024-10-10 09:10:00+00:00,60722.8755,60754.085,60715.2885,60715.2885,0.0,58.236571428571814,0.00036313485714286773
2024-10-10 09:15:00+00:00,60753.54,60801.55,60753.54,60801.55,0.0,60.26257142857191,0.00015549714285715343
2024-10-10 09:20:00+00:00,60771.87,60771.87,60701.9225,60701.9225,0.0,64.08553571428638,0.00015549714285715343
2024-10-10 09:25:00+00:00,60676.9685,60676.9685,60567.448,60567.448,0.0,71.85135714285778,0.00015549714285715343
2024-10-10 09:30:00+00:00,60606.13,60800.65,60606.13,60800.65,0.0,82.03321428571508,0.00015549714285715343
2024-10-10 09:35:00+00:00,60762.115,60875.105,60762.115,60874.175,0.0,84.71621428571545,0.00015549714285715343
2024-10-10 09:40:00+00:00,60853.7,60888.97,60845.023,60860.41,0.0,80.78842857142965,0.00015549714285715343
2024-10-10 09:45:00+00:00,60833.97,60856.31,60828.38,60856.31,0.0,79.30842857143008,0.00015549714285715343
2024-10-10 09:50:00+00:00,60887.43,60917.421,60876.2405,60876.2405,0.0,83.18578571428745,0.00015549714285715343
2024-10-10 09:55:00+00:00,60863.055,60881.6315,60859.82,60867.805,0.0,79.04896428571634,0.00015549714285715343
2024-10-10 10:00:00+00:00,60892.9,60950.5,60867.805,60950.5,0.00119975,79.57017857143053,0.0002126280952381058
2024-10-10 10:05:00+00:00,60976.8305,60976.8305,60917.1,60920.568,0.0,78.76164285714445,0.0002126280952381058
2024-10-10 10:10:00+00:00,60951.975,60951.975,60900.3675,60900.3675,0.0,77.34896428571561,0.0002126280952381058
2024-10-10 10:15:00+00:00,60950.79,61068.4,60950.79,61056.4565,0.001995,87.84407142857319,0.0003076280952381058
2024-10-10 10:20:00+00:00,61009.2005,61061.4895,61009.2005,61061.4895,0.0,88.55782142857372,0.00015213095238096296
2024-10-10 10:25:00+00:00,61030.544,61048.175,61030.544,61043.0,0.0,84.60667857143095,0.00015213095238096296
2024-10-10 10:30:00+00:00,61031.28,61039.6875,61031.28,61039.6875,0.0,78.32757142857372,0.00015213095238096296
2024-10-10 10:35:00+00:00,61062.905,61125.4325,61062.905,61125.4325,0.0,74.84689285714505,0.00015213095238096296
2024-10-10 10:40:00+00:00,61097.515,61104.33,61063.551,61065.948,0.0,62.60971428571637,0.00015213095238096296
2024-10-10 10:45:00+00:00,61028.946,61028.946,60999.885,61020.031,0.0,59.25778571428704,0.00015213095238096296
2024-10-10 10:50:00+00:00,61050.64,61089.0,60979.345,60979.345,0.0,63.95121428571552,0.00015213095238096296
2024-10-10 10:55:00+00:00,61013.8725,61027.115,60991.8,60997.165,0.00257962,65.07550000000057,0.00027497000000001055
2024-10-10 11:00:00+00:00,61024.45,61024.45,60992.801,61005.215,0.0,62.97107142857151,0.00027497000000001055
2024-10-10 11:05:00+00:00,61041.48,61041.48,60997.76,61034.695,0.000223168,64.5359642857142,0.0002855970476190582
2024-10-10 11:10:00+00:00,61069.025,61069.025,61069.025,61069.025,0.0,61.08132142857149,0.0002855970476190582
2024-10-10 11:15:00+00:00,61058.565,61099.15,61044.886,61099.15,0.0,60.69085714285757,0.0002855970476190582
2024-10-10 11:20:00+00:00,61137.902,61137.902,61087.825,61093.186,0.0,60.5815357142866,0.0002855970476190582
2024-10-10 11:25:00+00:00,61085.3505,61127.095,61085.3505,61127.095,0.0,51.560964285715144,0.0002855970476190582
2024-10-10 11:30:00+00:00,61134.3335,61199.58,61115.2305,61115.2305,0.0,53.85100000000083,0.0002855970476190582
2024-10-10 11:35:00+00:00,61074.0805,61206.748,61074.0805,61206.748,0.0,61.11685714285808,0.0002855970476190582
2024-10-10 11:40:00+00:00,61203.55,61203.55,61203.55,61203.55,0.0,60.508142857143476,0.0002855970476190582
2024-10-10 11:45:00+00:00,61161.09,61167.695,61161.09,61165.6,0.0,57.41635714285803,0.00022846609523810582
2024-10-10 11:50:00+00:00,61166.374,61231.245,61152.695,61184.835,0.0,58.60696428571516,0.00022846609523810582
2024-10-10 11:55:00+00:00,61221.436,61221.436,61186.77,61186.77,0.0,56.50253571428714,0.00022846609523810582
2024-10-10 12:00:00+00:00,61230.34,61236.25,61130.468,61130.468,0.0,56.22589285714431,0.00013346609523810584
2024-10-10 12:05:00+00:00,61157.955,61210.115,61157.955,61210.115,0.0,58.502821428572915,0.00013346609523810584
2024-10-10 12:10:00+00:00,61183.565,61233.7575,61183.565,61233.7575,0.0,59.82735714285861,0.00013346609523810584
2024-10-10 12:15:00+00:00,61259.234,61259.234,61194.95,61194.95,0.0,61.29621428571564,0.00013346609523810584
2024-10-10 12:20:00+00:00,61175.1645,61235.4145,61135.86,61155.71,0.0,65.95510714285827,0.00013346609523810584
2024-10-10 12:25:00+00:00,61180.915,61202.65,61174.3845,61202.65,0.0,65.43196428571537,0.00013346609523810584
2024-10-10 12:30:00+00:00,61184.3,61184.3,60825.0925,60887.202,0.0,88.8234285714295,0.00013346609523810584
2024-10-10 12:35:00+00:00,60922.3,60922.3,60788.0485,60815.415,0.0,95.43107142857272,0.00013346609523810584
2024-10-10 12:40:00+00:00,60784.65,60875.875,60696.8715,60875.875,0.0,102.19207142857236,1.0627047619058212e-05
2024-10-10 12:45:00+00:00,60915.75,60947.27,60860.9,60860.9,0.0,98.8851071428575,1.0627047619058212e-05
2024-10-10 12:50:00+00:00,60823.2365,60907.654,60785.07,60885.6445,0.0,107.41267857142937,0.0
2024-10-10 12:55:00+00:00,60916.18,60979.7255,60881.134,60918.89,0.0,111.42207142857193,0.0
2024-10-10 13:00:00+00:00,60883.541,60978.9865,60849.7995,60978.9865,0.0,115.03900000000014,0.0
2024-10-10 13:05:00+00:00,61002.25,61002.25,60888.61,60928.078,0.0,120.54178571428565,0.0
2024-10-10 13:10:00+00:00,60887.009,60992.78,60887.009,60956.93,0.0,120.54100000000004,0.0
2024-10-10 13:15:00+00:00,60978.67,61082.5575,60978.67,61074.0225,0.0,123.82532142857183,0.0
2024-10-10 13:20:00+00:00,61100.209,61164.4175,61100.209,61164.4175,0.0,126.69692857142945,0.0
2024-10-10 13:25:00+00:00,61130.2385,61130.2385,61067.66,61067.66,0.0,129.01646428571516,0.0
2024-10-10 13:30:00+00:00,61044.85,61044.85,60912.21,60917.29,0.0,133.00900000000132,0.0
2024-10-10 13:35:00+00:00,60886.425,60936.045,60860.771,60906.341,0.013627301,135.03285714285812,0.0006489190952381058
2024-10-10 13:40:00+00:00,60875.2,60875.2,60787.9465,60812.868,0.0,116.52121428571523,0.0006489190952381058
2024-10-10 13:45:00+00:00,60783.685,60783.685,60556.38,60665.145,0.0,125.25239285714373,0.0006489190952381058
2024-10-10 13:50:00+00:00,60630.663,60691.35,60555.57,60689.94,0.0,122.16500000000087,0.0006489190952381058
2024-10-10 13:55:00+00:00,60716.735,60962.6235,60716.735,60859.355,0.0,135.47310714285828,0.0006489190952381058
2024-10-10 14:00:00+00:00,60911.06,60964.9155,60871.99,60871.99,0.0,134.2571428571438,0.0006489190952381058
2024-10-10 14:05:00+00:00,60842.978,60878.476,60713.785,60814.4405,0.000279388,138.9785357142864,0.0006622232857142963
2024-10-10 14:10:00+00:00,60841.52,60934.3905,60805.665,60833.2315,0.0,138.9455714285723,0.0006622232857142963
2024-10-10 14:15:00+00:00,60875.594,60910.165,60776.4215,60776.4215,0.0,140.3815357142869,0.0006622232857142963
2024-10-10 14:20:00+00:00,60731.8555,60776.5285,60662.67,60662.67,0.0,140.9592142857156,0.0006622232857142963
2024-10-10 14:25:00+00:00,60621.4,60711.523,60621.4,60684.62,0.0001,138.42317857142967,0.000666985190476201
2024-10-10 14:30:00+00:00,60655.345,60655.345,60564.285,60564.285,0.0,140.56175000000076,0.000666985190476201
2024-10-10 14:35:00+00:00,60595.35,60595.35,60503.053457816,60565.83,0.0,140.24311015600065,0.000666985190476201
2024-10-10 14:40:00+00:00,60525.130457816,60563.144,60509.666957816,60526.671457816,0.0,133.15118459771475,0.000666985190476201
2024-10-10 14:45:00+00:00,60560.9265,60584.269,60505.003957816,60561.23,0.0,133.43625903942925,0.000666985190476201
2024-10-10 14:50:00+00:00,60581.9,60622.6015,60518.503957816,60531.938957816,0.0004,132.4150477668575,0.0006860328095238201
2024-10-10 14:55:00+00:00,60565.35,60594.23,60521.883957816,60521.883957816,0.002473007,119.26205078000046,0.0008037950476190582
2024-10-10 15:00:00+00:00,60510.408957816,60572.2,60397.145,60559.656,0.009409618,122.06740792285771,0.0012518720952381058
2024-10-10 15:05:00+00:00,60583.585,60685.8985,60583.585,60685.8985,0.0,111.60733649428637,0.0012518720952381058
2024-10-10 15:10:00+00:00,60646.64,60693.066,60634.467,60693.066,0.0,108.25294363714367,0.0012518720952381058
2024-10-10 15:15:00+00:00,60660.0945,60660.0945,60595.215,60595.215,0.016047722,103.47865792285822,0.002016049333333344
2024-10-10 15:20:00+00:00,60619.6205,60654.2765,60472.624,60489.7,0.0,107.25915792285794,0.0013671302380952486
2024-10-10 15:25:00+00:00,60475.125,60475.125,60443.763,60443.763,0.006448144,100.98726506571464,0.001674184714285725
2024-10-10 15:30:00+00:00,60409.15,60483.169,60409.15,60456.599,0.0,98.14158649428593,0.001674184714285725
2024-10-10 15:35:00+00:00,60487.5465,60531.5245,60433.3,60531.5245,0.0296504,98.7202650657143,0.003086108523809534
2024-10-10 15:40:00+00:00,60488.747,60587.434,60488.747,60587.434,0.099579308,97.17397935142851,0.007827980333333344
2024-10-10 15:45:00+00:00,60538.135,60601.8105,60538.135,60584.95,0.0,95.12961919542848,0.007827980333333344
2024-10-10 15:50:00+00:00,60618.135,60719.2,60618.135,60645.1535,0.019070025,100.70725903942834,0.008722772571428582
2024-10-10 15:55:00+00:00,60665.95,60728.442,60665.95,60728.442,0.0,100.99464888342845,0.008722772571428582
2024-10-10 16:00:00+00:00,60766.17,60950.68,60766.17,60872.087,0.001615108,109.43325301314273,0.008799682476190488
2024-10-10 16:05:00+00:00,60903.01,60903.01,60729.1835,60729.1835,0.0,116.68185714285677,0.008799682476190488
2024-10-10 16:10:00+00:00,60702.3905,60702.3905,60639.445,60661.407,0.0,110.587821428571,0.008794920571428581
2024-10-10 16:15:00+00:00,60699.589,60699.589,60654.523,60673.166,0.0,104.78949999999948,0.008794920571428581
2024-10-10 16:20:00+00:00,60631.569,60729.401,60631.569,60661.35,0.0,107.59185714285611,0.008794920571428581
2024-10-10 16:25:00+00:00,60631.173,60631.173,60468.3655,60468.3655,0.0,114.38710714285584,0.008794920571428581
2024-10-10 16:30:00+00:00,60435.95,60514.47,60408.65,60514.47,0.0,108.97049999999892,0.008794920571428581
2024-10-10 16:35:00+00:00,60536.3545,60536.3545,60483.9,60484.19,0.00065811,109.43603571428477,0.008807211523809536
2024-10-10 16:40:00+00:00,60524.881,60524.881,60425.7165,60425.7165,0.0,111.23214285714182,0.008689449285714298
2024-10-10 16:45:00+00:00,60460.275,60460.275,60398.82,60428.737,0.004157949,108.60574999999933,0.00843936980952382
2024-10-10 16:50:00+00:00,60448.2795,60448.2795,60303.6333746895,60322.7333746895,0.0,111.88854466503471,0.00843936980952382
2024-10-10 16:55:00+00:00,60348.11,60348.11,60254.278,60254.278,0.003,114.04258037932075,0.008582226952380964
2024-10-10 17:00:00+00:00,60266.5,60381.03,60266.5,60325.3,0.0,113.50700895074935,0.007818049714285725
2024-10-10 17:05:00+00:00,60291.484,60291.484,60020.565,60020.565,0.001536388,129.32461609360638,0.007891211047619058
2024-10-10 17:10:00+00:00,60002.8,60182.415,59938.2585,60140.9305,0.000232351,130.8902232364635,0.007595220904761915
2024-10-10 17:15:00+00:00,60106.553,60169.68,60017.519,60017.519,0.0,129.34268752217758,0.007595220904761915
2024-10-10 17:20:00+00:00,60044.9095,60147.95,60044.9095,60147.95,0.0,132.24929466503454,0.006183297095238106
2024-10-10 17:25:00+00:00,60164.085,60272.429,60164.085,60204.055,0.0,137.92165180789172,0.0014414252857142963
2024-10-10 17:30:00+00:00,60225.5,60258.85,60110.6945,60144.542,0.0002,141.51618752217786,0.001450949095238106
2024-10-10 17:35:00+00:00,60162.0635,60162.0635,60103.715,60113.96,0.0,131.89933037932082,0.0005428526666666773
2024-10-10 17:40:00+00:00,60075.9725,60130.005,60069.214,60130.005,0.0001,128.6829732364635,0.0005476145714285821
2024-10-10 17:45:00+00:00,60174.35,60174.35,59982.915,59982.915,0.0,138.61015180789192,0.0004707046666666772
2024-10-10 17:50:00+00:00,60018.114,60018.114,59595.2135,59609.749,0.059748284,161.73415180789223,0.0033158610476190582
2024-10-10 17:55:00+00:00,59572.974937965,59632.6155,59504.25,59516.515,0.09165,166.51347323646354,0.0076801467619047725
2024-10-10 18:00:00+00:00,59503.385,59506.3,59258.55,59258.55,0.008107126,174.60767857142804,0.00806620038095239
2024-10-10 18:05:00+00:00,59250.0,59271.0035,58914.823,58914.823,0.011494233,193.3468571428566,0.00861354480952382
2024-10-10 18:10:00+00:00,58925.3985,59220.185,58925.3985,59122.31,0.171770063,206.10471428571378,0.01679307161904763
2024-10-10 18:15:00+00:00,59093.2665,59123.62,58974.2405,59067.365,0.003483693,195.0078928571425,0.016958961761904773
2024-10-10 18:20:00+00:00,59036.38,59039.2,58885.24,58981.39,0.086302446,190.5770714285713,0.021037263476190487
2024-10-10 18:25:00+00:00,58944.1445,59008.096,58895.1405,59008.096,0.0,187.77667857142816,0.021037263476190487
2024-10-10 18:30:00+00:00,58965.796,59260.075,58937.5015,59260.075,0.0,201.50114285714258,0.020839265904761914
2024-10-10 18:35:00+00:00,59307.8725,59319.0,59121.16,59198.065,0.004104237,206.7412142857138,0.021034705761904773
2024-10-10 18:40:00+00:00,59180.355,59208.42,59053.7125,59148.295,0.007535255,207.2092142857135,0.021250670285714295
2024-10-10 18:45:00+00:00,59197.0585,59197.0585,59130.1945,59177.8905,0.0,207.8174642857136,0.021250670285714295
2024-10-10 18:50:00+00:00,59202.899,59261.98,59120.355,59261.98,0.007396967,213.59132142857092,0.021529745476190486
2024-10-10 18:55:00+00:00,59279.2,59433.72,59279.2,59415.05,0.005222106,212.18453571428523,0.021767352857142867
2024-10-10 19:00:00+00:00,59395.8625,59490.969,59395.8625,59437.41,0.00016356,188.77067857142745,0.021775141428571437
2024-10-10 19:05:00+00:00,59411.655,59411.655,59318.0,59320.1455,0.011450906,188.13099999999915,0.022320422666666676
2024-10-10 19:10:00+00:00,59350.54,59383.58,59302.573,59326.7795,0.0,175.49114285714262,0.022320422666666676
2024-10-10 19:15:00+00:00,59298.83,59390.64,59298.83,59390.64,0.0,156.60753571428515,0.022310898857142866
2024-10-10 19:20:00+00:00,59414.3105,59443.374,59355.395,59355.395,0.0,141.0801785714284,0.022310898857142866
2024-10-10 19:25:00+00:00,59377.175,59454.25,59377.175,59454.25,0.0,137.47128571428559,0.02230613695238096
2024-10-10 19:30:00+00:00,59483.4,59569.92,59461.2,59525.0705,0.003250746,132.72449999999975,0.02246093438095239
2024-10-10 19:35:00+00:00,59551.1,59634.6875,59525.0705,59634.6875,0.004291914,132.4860357142856,0.019820154857142867
2024-10-10 19:40:00+00:00,59625.2555,59652.29,59575.7,59625.3,0.01631185,114.91578571428597,0.016232623904761913
2024-10-10 19:50:00+00:00,59642.8,59690.81,59563.03,59638.8335,0.083876919,109.91150000000042,0.019840709285714294
2024-10-10 19:55:00+00:00,59676.2045,59700.9,59666.6,59666.6,0.032597137,103.29428571428642,0.020845609476190484
2024-10-10 20:00:00+00:00,59682.6655,59729.9915,59633.156,59699.645,0.0,105.4351071428573,0.012666082666666675
2024-10-10 20:05:00+00:00,59717.185,59871.7595,59717.185,59871.7595,0.0,107.61292857142897,0.012500192523809532
2024-10-10 20:10:00+00:00,59890.573,59899.7,59754.4,59899.7,0.021135067,105.72435714285737,0.009396984000000011
2024-10-10 20:15:00+00:00,59926.1885,59956.9,59501.652605459,59700.5,0.015692637,131.44870675292935,0.01014425242857144
2024-10-10 20:20:00+00:00,59654.95,59669.069,59601.4505,59601.4505,0.000328658,129.99438532435775,0.010159902809523821
2024-10-10 20:25:00+00:00,59640.68,59640.68,59608.553,59608.553,0.0,127.01027818150033,0.009964462952380963
2024-10-10 20:30:00+00:00,59640.155,59650.1505,59547.632,59547.632,0.0,127.77517103864375,0.009605641285714298
2024-10-10 20:35:00+00:00,59587.7515,59587.7515,59587.7515,59587.7515,0.0,124.35663532435761,0.009605641285714298
2024-10-10 20:40:00+00:00,59614.3595,59690.3665,59614.3595,59690.3665,0.0,124.62520675292866,0.009253404761904773
2024-10-10 20:45:00+00:00,59728.0,59728.0,59688.815,59726.685,0.0,119.16199246721433,0.009004733047619059
2024-10-10 20:50:00+00:00,59683.2435,59725.56,59683.2435,59725.56,0.0,114.43517103864308,0.008996944476190486
2024-10-10 20:55:00+00:00,59695.114,59728.483,59670.6,59728.483,0.0,113.09895675292864,0.008451663238095248
2024-10-10 21:00:00+00:00,59751.701,59751.701,59645.56,59645.56,0.006542767,111.5533138957861,0.00876322357142858
2024-10-10 21:05:00+00:00,59685.045,59685.045,59652.9255,59652.9255,0.0,109.9403496100718,0.008763223571428582
2024-10-10 21:10:00+00:00,59678.7905,59719.05,59671.6,59674.427,0.0,107.74670675292977,0.008763223571428582
2024-10-10 21:15:00+00:00,59704.495,59751.803,59704.495,59713.9005,0.018825094,100.97967103864357,0.00965965661904763
2024-10-10 21:20:00+00:00,59745.044,59783.4,59745.044,59783.4,0.0,95.56534961007232,0.0095048591904762
2024-10-10 21:25:00+00:00,59817.5485,59843.68,59817.5485,59843.68,0.0,67.35339285714352,0.009300482333333344
2024-10-10 21:30:00+00:00,59876.05,59947.7175,59843.2675,59907.608,0.0,67.73914285714325,0.008523727571428582
2024-10-10 21:35:00+00:00,59879.2115,59879.2115,59810.16,59851.9645,0.0,71.8976071428572,0.004529588571428582
2024-10-10 21:40:00+00:00,59823.0215,59823.0215,59817.8155,59817.8155,0.0,67.01407142857144,0.002977343952380963
2024-10-10 21:45:00+00:00,59806.8,59901.0455,59806.8,59901.0455,0.0,70.88021428571405,0.002977343952380963
2024-10-10 21:50:00+00:00,59930.75,59937.35,59930.75,59934.7,0.0,66.1437499999998,0.002977343952380963
2024-10-10 21:55:00+00:00,59950.0,60127.1115,59950.0,60127.1115,0.003272174,77.0885000000001,0.0021267300000000107
2024-10-10 22:00:00+00:00,60115.44,60121.95,60015.205,60056.669,1.618993768,81.978857142857,0.0784744029047619
2024-10-10 22:05:00+00:00,60021.0685,60021.0685,59961.413,60019.983,0.0,84.64835714285697,0.07845875252380953
2024-10-10 22:10:00+00:00,59981.3285,59981.3285,59883.5175,59905.35,0.00320842,86.81439285714234,0.07861153442857144
2024-10-10 22:15:00+00:00,59918.066,59968.275,59893.3835,59968.275,0.0,89.34342857142785,0.07861153442857144
2024-10-10 22:20:00+00:00,59984.5505,60032.56,59984.5505,60032.56,0.0,89.21203571428434,0.07861153442857144
2024-10-10 22:25:00+00:00,60023.88,60052.031,60023.88,60052.031,0.0,85.69596428571354,0.07861153442857144
2024-10-10 22:30:00+00:00,60089.9105,60089.9105,60089.9105,60089.9105,0.0,83.43739285714193,0.07861153442857144
2024-10-10 22:35:00+00:00,60120.263,60152.7,60110.94,60110.94,0.0,83.61664285714194,0.07861153442857144
2024-10-10 22:40:00+00:00,60153.255,60178.36,60150.0345,60177.1,0.00814576,80.97164285714202,0.07899942776190477
2024-10-10 22:45:00+00:00,60181.535,60181.535,60145.55,60145.55,0.0,76.581428571428,0.07868786742857144
2024-10-10 22:50:00+00:00,60145.557,60156.8835,60122.3,60156.8835,0.000751341,76.61246428571341,0.07872364557142858
2024-10-10 22:55:00+00:00,60134.4,60134.4,60111.6675,60111.6675,0.0,73.1103571428565,0.07872364557142858
2024-10-10 23:00:00+00:00,60144.241,60144.241,60144.241,60144.241,0.0,72.84385714285652,0.07782721252380953
2024-10-10 23:05:00+00:00,60162.6,60162.6,60162.6,60162.6,0.0,60.41153571428471,0.07782721252380953
2024-10-10 23:10:00+00:00,60177.05,60178.6465,60165.2,60174.255,0.0,53.56439285714233,0.07782721252380953
2024-10-10 23:15:00+00:00,60180.0,60229.45,60180.0,60229.45,0.003203607,50.702892857142224,0.07797976523809524
2024-10-10 23:20:00+00:00,60230.85,60288.5,60230.85,60238.755,0.000173856,45.173214285713975,0.0779880440952381
2024-10-10 23:25:00+00:00,60216.354,60225.981,60192.745,60225.981,0.0,43.11024999999946,0.0779880440952381
2024-10-10 23:30:00+00:00,60234.0925,60258.0,60221.528,60221.528,0.0,41.12360714285699,0.0779880440952381
2024-10-10 23:35:00+00:00,60207.25,60238.2735,60207.25,60238.2735,0.0,41.328785714285395,0.0779880440952381
2024-10-10 23:40:00+00:00,60197.419,60197.419,60197.419,60197.419,0.0,41.54128571428581,0.07783222628571429
2024-10-10 23:45:00+00:00,60209.4595,60209.4595,60169.36,60170.8795,0.00320196,39.92057142857136,0.0008897592380952485
2024-10-10 23:50:00+00:00,60148.855,60223.1795,60148.855,60223.1795,0.0,40.41374999999971,0.0008897592380952485
2024-10-10 23:55:00+00:00,60259.24,60277.9,60235.3,60276.995,0.003197157,41.75199999999989,0.0008892229047619154
2024-10-11 00:00:00+00:00,60273.425,60280.222,60255.1375,60269.1645,0.0,41.07350000000016,0.0008892229047619154
2024-10-11 00:05:00+00:00,60237.8,60297.8325,60237.8,60297.8325,0.0,42.13182142857113,0.0008892229047619154
2024-10-11 00:10:00+00:00,60281.741,60309.485,60281.741,60309.485,0.0,41.78685714285685,0.0008892229047619154
2024-10-11 00:15:00+00:00,60286.233,60286.233,60269.294,60278.43,0.0,43.34628571428558,0.0008892229047619154
2024-10-11 00:20:00+00:00,60246.71,60246.71,60246.71,60246.71,0.0,44.46582142857109,0.0008892229047619154
2024-10-11 00:25:00+00:00,60222.605,60222.605,60178.3715,60178.3715,0.0,45.4046428571424,0.000501329571428582
2024-10-11 00:30:00+00:00,60146.405,60204.15,60146.405,60193.245,0.002,45.311428571428095,0.0005965676666666772
2024-10-11 00:35:00+00:00,60214.55,60214.55,60188.32,60208.34,0.0,43.89857142857155,0.0005607895238095343
2024-10-11 00:40:00+00:00,60235.8815,60235.8815,60235.8815,60235.8815,0.0,43.26067857142906,0.0005607895238095343
2024-10-11 00:45:00+00:00,60196.985,60230.265,60196.985,60230.265,0.0,43.82303571428617,0.0005607895238095343
2024-10-11 00:55:00+00:00,60210.925,60210.925,60139.097,60139.097,0.0,47.41685714285735,0.0005607895238095343
2024-10-11 01:00:00+00:00,60118.945,60171.275,60091.1,60143.73,0.0,50.27939285714352,0.0005607895238095343
2024-10-11 01:05:00+00:00,60112.8745,60112.8745,60077.93,60077.93,0.0,49.67050000000121,0.0004082368095238201
2024-10-11 01:10:00+00:00,60121.925,60121.925,60121.925,60121.925,0.0,48.90439285714404,0.00039995795238096293
2024-10-11 01:15:00+00:00,60133.5485,60164.998,60133.5485,60164.998,0.0,50.189285714286335,0.00039995795238096293
2024-10-11 01:20:00+00:00,60153.05,60178.62,60147.136,60147.136,0.0,48.15010714285849,0.00039995795238096293
2024-10-11 01:25:00+00:00,60102.215,60102.215,60097.1505,60098.404,0.0,49.738785714286806,0.00039995795238096293
2024-10-11 01:30:00+00:00,60065.908,60076.61,60050.42,60062.05,0.002,50.29542857143003,0.0004951960476190582
2024-10-11 01:35:00+00:00,60062.0835,60104.595,60033.4,60104.595,0.0,53.11507142857278,0.00034272176190477244
2024-10-11 01:40:00+00:00,60118.4885,60138.4,60118.355,60120.264,0.0,50.64839285714437,0.00034272176190477244
2024-10-11 01:45:00+00:00,60123.12,60235.25,60123.12,60235.25,0.0,54.73703571428684,0.00019047619047620105
2024-10-11 01:50:00+00:00,60273.927,60435.9,60273.927,60435.9,0.0,67.19560714285815,0.00019047619047620105
2024-10-11 01:55:00+00:00,60444.0,60677.7955,60444.0,60556.6715,0.001142115,82.50660714285758,0.00024486261904762966
2024-10-11 02:00:00+00:00,60524.6895,60524.6895,60435.05,60435.05,0.0,88.41553571428553,0.00024486261904762966
2024-10-11 02:05:00+00:00,60402.609,60436.92,60388.5385,60388.5385,0.0,85.35935714285681,0.00024486261904762966
2024-10-11 02:10:00+00:00,60419.585,60419.585,60369.2395,60369.2395,0.0,83.22867857142774,0.00024486261904762966
2024-10-11 02:15:00+00:00,60390.107,60458.6915,60390.107,60458.6915,0.0,84.91810714285592,0.00024486261904762966
2024-10-11 02:20:00+00:00,60424.7865,60424.7865,60424.7865,60424.7865,0.0,84.19739285714137,0.00014962452380953438
2024-10-11 02:25:00+00:00,60415.4055,60429.4685,60415.4055,60429.4685,0.0,82.12524999999889,0.00014962452380953438
2024-10-11 02:30:00+00:00,60391.337,60429.4685,60391.337,60419.895,0.002,82.60007142857025,0.0002448626190476296
2024-10-11 02:45:00+00:00,60462.2975,60462.2975,60462.2975,60462.2975,0.0,82.058428571428,0.0002448626190476296
2024-10-11 02:50:00+00:00,60488.661,60584.22,60488.661,60499.565,0.0,87.33974999999919,0.0002448626190476296
2024-10-11 02:55:00+00:00,60518.064,60548.233,60518.064,60523.7075,0.00803524,85.73067857142762,0.0006274930952381059
2024-10-11 03:00:00+00:00,60548.278,60566.1125,60525.842,60543.25,0.0,86.34496428571376,0.0006274930952381058
2024-10-11 03:05:00+00:00,60560.0765,60623.0325,60560.0765,60623.0325,0.0,83.83042857142833,0.0006274930952381058
2024-10-11 03:10:00+00:00,60630.7,60630.7,60592.5655,60592.5655,0.0,72.22217857142823,0.0006274930952381058
2024-10-11 03:15:00+00:00,60589.2995,60589.2995,60551.1435,60551.1435,0.0,57.90264285714251,0.0006274930952381058
2024-10-11 03:20:00+00:00,60565.0,60596.889,60565.0,60596.889,0.0,52.48292857142899,0.0006274930952381058
2024-10-11 03:25:00+00:00,60610.635,60637.0,60610.635,60637.0,0.0,51.892178571429085,0.0005322550000000105
2024-10-11 03:30:00+00:00,60606.122,60606.122,60556.39,60591.1415,0.002,54.053928571429424,0.0006274930952381058
2024-10-11 03:35:00+00:00,60592.6685,60593.336,60590.775,60590.775,0.0,47.84742857142971,0.0006274930952381058
2024-10-11 03:40:00+00:00,60604.833,60639.78,60575.6545,60575.6545,0.004683602,50.00603571428707,0.0008505217619047725
2024-10-11 03:45:00+00:00,60601.245,60627.1145,60601.245,60627.1145,0.0,52.67725000000168,0.0008505217619047725
2024-10-11 03:50:00+00:00,60643.894,60665.75,60591.8865,60608.015,0.0,55.22953571428713,0.000796135333333344
2024-10-11 03:55:00+00:00,60569.153,60569.153,60569.153,60569.153,0.0,54.97664285714408,0.000796135333333344
2024-10-11 04:00:00+00:00,60605.84,60633.0355,60605.84,60633.0355,0.0,50.83092857142973,0.000796135333333344
2024-10-11 04:05:00+00:00,60647.573,60677.695,60609.9,60609.9,0.0,52.197142857144044,0.000796135333333344
2024-10-11 04:10:00+00:00,60646.429,60646.429,60646.429,60646.429,0.0,51.77742857142896,0.000796135333333344
2024-10-11 04:15:00+00:00,60605.416,60605.416,60585.393,60585.393,0.0,50.43839285714317,0.000796135333333344
2024-10-11 04:20:00+00:00,60620.215,60637.39,60620.215,60626.314,0.0,51.42857142857195,0.000796135333333344
2024-10-11 04:25:00+00:00,60636.99,60636.99,60586.1785,60586.1785,3.794e-05,52.09925000000034,0.0007027039047619153
2024-10-11 04:30:00+00:00,60578.37,60578.37,60532.7,60543.975,0.002,52.65160714285749,0.0007979420000000105
2024-10-11 04:35:00+00:00,60553.06,60567.23,60546.0325,60562.3665,0.0,51.44760714285803,0.0007979420000000105
2024-10-11 04:40:00+00:00,60578.4275,60587.445,60578.4275,60587.445,0.0,47.48107142857251,0.0004153115238095344
2024-10-11 04:45:00+00:00,60554.419,60554.419,60554.419,60554.419,0.0,49.65714285714369,0.0004153115238095344
2024-10-11 04:50:00+00:00,60585.2905,60617.31,60585.2905,60617.31,0.0,49.56896428571469,0.0004153115238095344
2024-10-11 04:55:00+00:00,60608.754,60647.4195,60608.754,60647.4195,0.0,48.65507142857158,0.0004153115238095344
2024-10-11 05:00:00+00:00,60687.7,60715.62,60687.7,60715.62,0.0,48.25057142857155,0.0004153115238095344
2024-10-11 05:05:00+00:00,60692.83,60692.83,60692.83,60692.83,0.0,47.10257142857154,0.0004153115238095344
2024-10-11 05:10:00+00:00,60676.766,60676.766,60646.8745,60646.8745,0.0,45.82207142857182,0.0004153115238095344
2024-10-11 05:15:00+00:00,60673.683,60673.683,60652.0665,60652.0665,0.0,42.89446428571474,0.00032007342857143917
2024-10-11 05:20:00+00:00,60618.825,60618.825,60618.825,60618.825,0.0,42.659642857143936,0.00032007342857143917
2024-10-11 05:25:00+00:00,60583.4745,60583.4745,60556.855,60556.855,0.0,42.726357142857786,9.70447619047725e-05
2024-10-11 05:30:00+00:00,60588.85,60588.85,60588.85,60588.85,0.0,41.29764285714295,9.70447619047725e-05
2024-10-11 05:35:00+00:00,60564.6,60611.083,60564.6,60611.083,0.002,40.98846428571466,0.00019228285714286772
2024-10-11 05:45:00+00:00,60588.654,60588.654,60543.64,60543.64,0.0,41.985928571428566,0.00019228285714286772
2024-10-11 05:50:00+00:00,60580.4585,60580.4585,60580.4585,60580.4585,0.0,42.95474999999975,0.00019228285714286772
2024-10-11 05:55:00+00:00,60615.8525,60615.8525,60579.2235,60579.2235,0.0,43.77978571428529,0.00019228285714286772
2024-10-11 06:10:00+00:00,60580.725,60580.725,60580.725,60580.725,0.0,41.528035714285316,0.00019228285714286772
2024-10-11 06:15:00+00:00,60561.2715,60583.6,60561.2715,60583.6,0.0,38.63071428571389,0.00019228285714286772
2024-10-11 06:20:00+00:00,60574.2375,60648.055,60574.2375,60648.055,0.0,41.14157142857065,0.00019228285714286772
2024-10-11 06:25:00+00:00,60658.2835,60697.835,60658.2835,60697.835,0.0,39.825821428570634,0.00019047619047620105
2024-10-11 06:30:00+00:00,60690.62,60740.296,60690.62,60740.296,0.0,41.74624999999911,9.523809523810581e-05
2024-10-11 06:35:00+00:00,60718.097,60836.13,60718.097,60836.13,0.002,46.8946428571414,0.00019047619047620105
2024-10-11 06:40:00+00:00,60871.2045,60871.2045,60847.39,60847.39,0.0,47.48507142857021,0.00019047619047620105
2024-10-11 06:45:00+00:00,60809.01,60836.9195,60799.898,60799.898,0.0,48.50296428571268,0.00019047619047620105
2024-10-11 06:50:00+00:00,60836.05,60836.05,60779.72,60779.72,0.0,48.100107142856096,0.00019047619047620105
2024-10-11 07:00:00+00:00,60754.495,60808.988,60754.495,60808.988,0.0,49.70710714285607,0.00019047619047620105
2024-10-11 07:05:00+00:00,60786.4605,60853.36,60786.4605,60853.36,0.0,51.165428571427455,0.00019047619047620105
2024-10-11 07:10:00+00:00,60872.634,60872.634,60813.699,60813.699,0.0,50.557714285713054,0.00019047619047620105
2024-10-11 07:15:00+00:00,60782.5415,60782.5415,60782.5415,60782.5415,0.0,50.1533571428559,0.00019047619047620105
2024-10-11 07:20:00+00:00,60808.9,60808.9,60772.58,60784.7935,0.0,50.131285714284395,0.00019047619047620105
2024-10-11 07:25:00+00:00,60758.34,60784.7935,60735.322,60735.322,1.495e-05,53.557714285713054,0.0001911880952381058
2024-10-11 07:35:00+00:00,60711.454,60749.745,60711.454,60749.745,0.002,54.69789285714224,0.00028642619047620105
2024-10-11 07:40:00+00:00,60759.19,60785.907,60720.455,60720.455,1.465e-05,54.10035714285654,0.0002871238095238201
2024-10-11 07:45:00+00:00,60696.8,60696.8,60662.4335,60662.4335,0.0,54.689035714285374,0.00019188571428572487
2024-10-11 07:50:00+00:00,60656.514,60656.514,60605.952,60631.806,0.00313312,55.17514285714268,0.00034108190476191537
2024-10-11 08:00:00+00:00,60653.692,60653.692,60653.692,60653.692,0.0,48.30750000000054,0.00034108190476191537
2024-10-11 08:05:00+00:00,60702.2,60702.2,60688.419,60691.039,0.0,49.267035714285676,0.00034108190476191537
2024-10-11 08:10:00+00:00,60660.8,60674.2995,60660.428,60674.2995,0.0,48.06124999999987,0.00034108190476191537
2024-10-11 08:15:00+00:00,60716.339,60768.015,60674.2995,60744.35,0.002500245,50.731642857142496,0.00046014119047620107
2024-10-11 08:20:00+00:00,60714.575,60723.1245,60696.258,60717.14,0.0,50.27442857142835,0.00046014119047620107
2024-10-11 08:25:00+00:00,60685.408,60695.5115,60641.537,60682.548,3.19e-06,50.896107142857154,0.00046029309523810583
2024-10-11 08:30:00+00:00,60661.441,60682.548,60661.441,60676.3685,0.0001,48.19410714285758,0.0004650550000000106
2024-10-11 08:35:00+00:00,60662.937,60696.617,60651.763,60651.763,0.075751773,49.17242857142888,0.003977044190476201
2024-10-11 08:40:00+00:00,60619.3935,60631.3195,60619.3935,60629.69,0.0,48.89025000000038,0.003977044190476201
2024-10-11 08:45:00+00:00,60617.155,60672.5595,60617.155,60644.79,0.0,49.31403571428642,0.003977044190476201
2024-10-11 08:50:00+00:00,60648.445,60656.604,60632.83,60652.4,0.0,48.27710714285734,0.003977044190476201
2024-10-11 08:55:00+00:00,60648.345,60657.155,60628.3315,60628.3315,0.0,45.660785714285986,0.003977044190476201
2024-10-11 09:00:00+00:00,60652.4215,60686.85,60645.595,60686.85,0.0,45.696285714285686,0.003977044190476201
2024-10-11 09:05:00+00:00,60661.65,60711.804,60661.65,60711.804,0.0,45.24432142857092,0.003977044190476201
2024-10-11 09:10:00+00:00,60738.6195,60831.815,60717.95,60831.815,0.0,52.25324999999949,0.003977044190476201
2024-10-11 09:15:00+00:00,60877.114,60924.535,60844.56,60844.56,0.0,55.41124999999998,0.003977044190476201
2024-10-11 09:20:00+00:00,60798.115,60806.2,60790.99,60790.99,0.0,57.051178571428736,0.003976332285714296
2024-10-11 09:25:00+00:00,60800.324,60802.402,60792.7785,60796.1835,0.0,51.1723571428577,0.0038810941904762006
2024-10-11 09:30:00+00:00,60797.0095,60829.225,60797.0095,60807.9,0.0,50.09732142857216,0.0038803965714285815
2024-10-11 09:35:00+00:00,60809.125,60813.8315,60791.59,60805.1385,0.002,46.28578571428651,0.003975634666666676
2024-10-11 09:40:00+00:00,60794.969,60821.846,60777.309,60817.35,0.000995006,47.959357142857435,0.0038738197142857245
2024-10-11 09:45:00+00:00,60809.74,60892.65,60809.74,60885.2895,0.005,50.67764285714345,0.004111914952380963
2024-10-11 09:50:00+00:00,60903.27,61067.1325,60885.2895,61036.577,0.007600111,61.35432142857202,0.00447382500000001
2024-10-11 09:55:00+00:00,61005.6145,61037.455,60993.99,61037.455,0.0,60.50150000000057,0.00447382500000001
2024-10-11 10:00:00+00:00,61069.943,61117.235,61069.943,61117.235,0.0,64.50192857142922,0.004354765714285725
2024-10-11 10:05:00+00:00,61138.32,61183.801,61081.545,61081.545,0.0,69.74710714285798,0.004354765714285725
2024-10-11 10:10:00+00:00,61117.624,61117.624,61071.441,61071.441,0.0,68.86600000000128,0.004354613809523821
2024-10-11 10:15:00+00:00,61093.123,61186.804,61093.123,61186.804,0.0,73.52378571428719,0.004349851904761916
2024-10-11 10:20:00+00:00,61156.2005,61156.2005,61063.65,61063.65,0.0,73.74828571428641,0.0007426246190476297
2024-10-11 10:25:00+00:00,61031.608,61031.608,60983.62,60983.62,0.0,72.84185714285766,0.0007426246190476297
2024-10-11 10:30:00+00:00,61029.934,61029.934,60980.02,61011.7715,0.0,72.58071428571513,0.0007426246190476297
2024-10-11 10:35:00+00:00,60980.4,61072.8235,60980.4,61013.905,0.002,78.36725000000037,0.0008378627142857248
2024-10-11 10:40:00+00:00,61032.2355,61069.1,60995.1,60995.1,0.004325762,81.29285714285756,0.0010438513809523915
2024-10-11 10:45:00+00:00,60977.4255,61042.2,60977.4255,61024.875,0.0,84.33092857142869,0.0010438513809523915
2024-10-11 10:50:00+00:00,60997.285,61087.406,60997.285,61087.406,0.0,87.58692857142887,0.0010438513809523915
2024-10-11 10:55:00+00:00,61097.39,61148.61,61097.39,61113.017,0.004072377,86.0364999999999,0.0012377740952381057
2024-10-11 11:00:00+00:00,61145.832,61145.832,61104.1,61108.4885,0.0,76.02857142857154,0.0012377740952381057
2024-10-11 11:05:00+00:00,61078.412,61078.412,61070.4245,61070.4245,0.0,75.64278571428544,0.0012377740952381057
2024-10-11 11:10:00+00:00,61061.055,61061.055,61026.245,61039.22,0.0,73.09989285714255,0.0012377740952381057
2024-10-11 11:15:00+00:00,61076.0235,61076.0235,61065.5,61065.5,0.0,68.42471428571402,0.0012377740952381057
2024-10-11 11:20:00+00:00,61088.7205,61123.14,61046.65,61098.51,0.0,70.58949999999926,0.0011425360000000104
2024-10-11 11:25:00+00:00,61098.484,61129.194,61063.6885,61063.6885,0.004322624,67.02824999999991,0.0013009940000000106
2024-10-11 11:30:00+00:00,61084.4635,61165.245,61084.4635,61125.165,0.0,65.48557142857213,0.0010628987619047724
2024-10-11 11:35:00+00:00,61091.2,61184.1,61091.2,61173.03,0.002,66.40485714285803,0.0007962268095238201
2024-10-11 11:40:00+00:00,61156.6,61166.3,61127.093,61127.093,0.0,66.12078571428616,0.0007962268095238201
2024-10-11 11:45:00+00:00,61147.652,61188.01,61141.602,61188.01,0.0,63.87032142857216,0.0007962268095238201
2024-10-11 11:50:00+00:00,61195.8795,61204.5,61195.8795,61204.5,0.0,59.76246428571488,0.0007962268095238201
2024-10-11 11:55:00+00:00,61182.971,61194.7,61116.855,61127.755,0.000314778,61.39607142857182,0.0008112162380952487
2024-10-11 12:00:00+00:00,61104.869,61131.165,61099.475,61131.165,0.0,57.22242857142919,0.0008112162380952487
2024-10-11 12:05:00+00:00,61161.3165,61216.1335,61161.3165,61190.16,1.9111e-05,58.919892857143815,0.0008121262857142963
2024-10-11 12:10:00+00:00,61220.87,61238.6,61167.9635,61167.9635,0.0,60.98450000000074,0.0008121262857142963
2024-10-11 12:15:00+00:00,61141.42,61141.42,61140.062,61140.062,0.0,60.25860714285799,0.0008121262857142963
2024-10-11 12:20:00+00:00,61167.245,61202.8375,61096.818,61127.08,1.226e-05,64.67575000000112,0.0007174720000000105
2024-10-11 12:25:00+00:00,61093.51,61241.2545,61093.51,61241.2545,0.108055152,72.60010714285818,0.005656966761904773
2024-10-11 12:30:00+00:00,61249.9615,61413.3275,61249.9615,61385.65,0.000164919,79.42746428571523,0.005664820047619058
2024-10-11 12:35:00+00:00,61359.495,61388.0,61250.7,61250.7,0.002070252,84.55564285714354,0.005763403476190487
2024-10-11 12:40:00+00:00,61225.0265,61225.0265,61128.4405,61159.4655,0.0,86.03442857142883,0.005569480761904773
2024-10-11 12:45:00+00:00,61183.524,61247.05,61183.524,61222.7295,0.0,85.65475000000048,0.005569480761904773
2024-10-11 12:50:00+00:00,61259.56,61276.55,61259.56,61276.55,0.0,86.21785714285787,0.005569480761904773
2024-10-11 12:55:00+00:00,61301.31,61340.8175,61267.715,61340.8175,0.0,87.0882500000007,0.005569480761904773
2024-10-11 13:00:00+00:00,61312.675,61377.1215,61312.675,61377.1215,0.0,90.513714285715,0.005569480761904773
2024-10-11 13:05:00+00:00,61334.2235,61339.98,61334.2235,61339.98,0.0,87.31750000000102,0.005569480761904773
2024-10-11 13:10:00+00:00,61320.93,61320.93,61246.05,61276.9545,0.0,91.76321428571516,0.0053636415238095345
2024-10-11 13:15:00+00:00,61276.025,61304.4785,61206.096,61206.096,0.000304777,92.7213571428578,0.005378154714285726
2024-10-11 13:20:00+00:00,61185.86,61325.6665,61185.86,61325.6665,0.0,97.66207142857196,0.0052829166190476295
2024-10-11 13:25:00+00:00,61350.9175,61383.68,61347.885,61383.68,0.0,99.81292857142918,0.0052829166190476295
2024-10-11 13:30:00+00:00,61409.735,61722.57,61409.735,61685.44,0.001126139,116.44653571428613,0.0053365422857142965
2024-10-11 13:35:00+00:00,61662.228,61662.228,61517.551,61517.551,0.0,117.88542857142913,0.0053365422857142965
2024-10-11 13:40:00+00:00,61473.54,61561.365,61442.078,61483.755,0.0,114.11500000000056,0.005321552857142868
2024-10-11 13:45:00+00:00,61510.765,61574.175,61446.8525,61574.175,0.003287133,113.40232142857192,0.00547808300000001
2024-10-11 13:50:00+00:00,61614.913,61765.491,61571.2805,61696.36,0.0,118.54167857142913,0.005477172952380963
2024-10-11 13:55:00+00:00,61732.803,61810.1485,61647.21,61647.21,0.0,123.92410714285766,0.005477172952380963
2024-10-11 14:00:00+00:00,61671.438,61799.45,61671.438,61739.5055,0.007562606,130.9540714285717,0.005837297047619058
2024-10-11 14:05:00+00:00,61776.7025,61886.325,61708.5,61745.05,0.000150456,138.43425,0.00584387780952382
2024-10-11 14:10:00+00:00,61776.8735,61885.06,61730.726,61885.06,0.0,144.8547857142855,0.0006983943809523915
2024-10-11 14:15:00+00:00,61863.81,61863.81,61767.775,61836.6,0.0032,150.1681428571423,0.0008429220476190583
2024-10-11 14:20:00+00:00,61871.095,61871.095,61771.48,61819.695,0.0,150.57421428571357,0.0007443386190476296
2024-10-11 14:25:00+00:00,61789.545,61853.97,61787.729,61787.94,0.108969365,148.27839285714228,0.00593335600000001
2024-10-11 14:30:00+00:00,61738.825,61835.95,61735.515,61800.975,0.0,145.4661428571422,0.00593335600000001
2024-10-11 14:35:00+00:00,61832.375,61862.384,61756.6485,61816.75,0.0002,148.8748571428561,0.00594287980952382
2024-10-11 14:40:00+00:00,61817.475,61857.325,61772.7355,61772.7355,0.0,130.7105357142843,0.00594287980952382
2024-10-11 14:45:00+00:00,61746.303,61746.303,61650.853,61713.896,0.0,127.4243571428555,0.00594287980952382
2024-10-11 14:50:00+00:00,61740.0345,61831.183,61740.0345,61765.33,0.0,127.28149999999836,0.00594287980952382
2024-10-11 14:55:00+00:00,61739.767,61821.0,61722.11,61747.75,0.023787842,125.25060714285532,0.007075634190476201
2024-10-11 15:00:00+00:00,61780.43,61852.2935,61780.43,61852.2935,0.0,118.84582142856951,0.0070611210000000105
2024-10-11 15:05:00+00:00,61846.815,61948.55,61846.815,61944.142,3.07e-06,114.4741428571407,0.0070612671904762
2024-10-11 15:10:00+00:00,61965.3175,62207.5,61965.3175,62207.5,0.001167133,122.41114285714086,0.007116844952380963
2024-10-11 15:15:00+00:00,62232.79,62269.45,62170.7805,62170.7805,1.8465e-05,116.75717857142652,0.007064098571428582
2024-10-11 15:20:00+00:00,62218.1,62230.9625,62049.43,62049.43,0.104907018,118.69992857142695,0.012059670857142869
2024-10-11 15:25:00+00:00,62086.2985,62188.285,62086.2985,62153.4,0.0,120.24064285714174,0.012059670857142869
2024-10-11 15:30:00+00:00,62119.4275,62145.72,61985.5025,61985.5025,0.0,125.11796428571324,0.011903140714285726
2024-10-11 15:35:00+00:00,62010.7765,62050.4455,61990.465,61990.465,0.0,125.02524999999878,0.011903140714285726
2024-10-11 15:40:00+00:00,62027.29,62045.7355,62007.59,62034.77,0.000412952,121.79921428571366,0.011922805095238105
2024-10-11 15:45:00+00:00,62061.331,62156.3,62061.331,62156.3,0.0,122.927392857143,0.01156268100000001
2024-10-11 15:50:00+00:00,62191.8135,62306.15,62191.8135,62301.0845,0.005,127.58885714285758,0.01179361166666668
2024-10-11 15:55:00+00:00,62245.6,62422.665,62237.852,62261.55,0.002689395,132.08389285714344,0.011921678095238107
2024-10-11 16:00:00+00:00,62300.85,62389.0345,62254.35,62254.35,0.002123996,133.32657142857246,0.011870439809523821
2024-10-11 16:05:00+00:00,62219.5845,62300.1845,62219.5845,62300.1845,0.0,132.02014285714435,0.011870439809523821
2024-10-11 16:10:00+00:00,62263.3505,62263.3505,62202.0,62202.0,0.0,131.5659285714303,0.006681422428571441
2024-10-11 16:15:00+00:00,62248.995,62281.22,62186.085,62186.085,0.023612815,131.09450000000183,0.007805842190476202
2024-10-11 16:20:00+00:00,62224.1895,62224.1895,62172.65,62172.65,0.0,115.9646071428589,0.007796318380952392
2024-10-11 16:25:00+00:00,62205.65,62334.585,62205.65,62266.2105,0.0,120.48357142857328,0.007796318380952392
2024-10-11 16:30:00+00:00,62309.729,62350.28,62309.729,62339.74,0.0,113.52192857143018,0.007796318380952392
2024-10-11 16:35:00+00:00,62315.5405,62358.1335,62303.15,62354.435,0.0,107.53110714285867,0.007796318380952392
2024-10-11 16:40:00+00:00,62363.915,62413.25,62363.915,62413.25,0.0,99.73950000000175,0.006663564000000011
2024-10-11 16:45:00+00:00,62448.68,62448.68,62250.8,62250.8,0.0,109.23500000000162,0.006663564000000011
2024-10-11 16:50:00+00:00,62224.805,62224.805,62126.4,62132.534,0.000772779,114.17282142857273,0.0067002168095238205
2024-10-11 16:55:00+00:00,62169.991,62261.13,62169.991,62259.815,0.0,114.6775357142864,0.006644639047619058
2024-10-11 17:00:00+00:00,62278.925,62278.925,62247.05,62247.05,0.0,106.2507500000008,0.006643759761904773
2024-10-11 17:05:00+00:00,62245.95,62255.939,62234.565,62252.875,0.0,94.57653571428611,0.0016481874761904865
2024-10-11 17:10:00+00:00,62232.0425,62243.011,62188.21,62188.21,0.001698202,89.57514285714309,0.0017290542380952486
2024-10-11 17:15:00+00:00,62159.955,62206.7835,62159.955,62190.68,0.0,87.1628928571424,0.0017290542380952486
2024-10-11 17:20:00+00:00,62225.3,62315.11,62225.3,62315.11,0.0,89.03757142857077,0.0017290542380952486
2024-10-11 17:25:00+00:00,62361.9505,62368.6685,62340.87,62368.6685,0.0,86.06782142857057,0.0017093898571428675
2024-10-11 17:30:00+00:00,62375.785,62698.51,62375.785,62698.51,0.001053847,105.94653571428509,0.001759573047619058
2024-10-11 17:35:00+00:00,62666.455,62787.6345,62632.2,62632.2,0.0,105.48221428571404,0.00152147780952382
2024-10-11 17:40:00+00:00,62668.97,62829.0325,62668.97,62756.285,0.0,113.5367142857145,0.0013934113809523914
2024-10-11 17:45:00+00:00,62803.9855,62803.9855,62702.1635,62739.97,0.0,116.88232142857149,0.0012922687142857248
2024-10-11 17:50:00+00:00,62752.295,62899.005,62721.19,62845.3,0.000864276,125.38232142857098,0.001333424714285725
2024-10-11 17:55:00+00:00,62894.045,62919.184,62851.096,62913.6705,6.6861e-05,116.52546428571388,0.001336608571428582
2024-10-11 18:00:00+00:00,62952.05,62977.4,62819.0045,62856.9425,0.65,118.95371428571369,0.031164569761904775
2024-10-11 18:05:00+00:00,62898.285,62898.285,62798.5235,62798.5235,0.0,116.89410714285675,0.031164569761904775
2024-10-11 18:10:00+00:00,62842.286,62842.286,62778.845,62797.34,0.0,119.14882142857095,0.031164569761904775
2024-10-11 18:15:00+00:00,62769.7215,62831.6,62769.7215,62817.4215,0.0,122.04199999999972,0.031164569761904775
2024-10-11 18:20:00+00:00,62779.095,62779.095,62737.9675,62737.9675,0.0,123.09835714285666,0.031164569761904775
2024-10-11 18:25:00+00:00,62760.73,62811.28,62760.1575,62760.1575,0.0,124.99007142857123,0.031164569761904775
2024-10-11 18:30:00+00:00,62767.9125,62816.372,62762.1285,62816.372,0.0,120.11753571428562,0.031164569761904775
2024-10-11 18:35:00+00:00,62803.013,62848.04,62770.87,62848.04,0.0,121.80407142857128,0.031127770761904778
2024-10-11 18:40:00+00:00,62861.868,62895.711,62861.868,62885.1,0.0,101.64903571428555,0.031127770761904778
2024-10-11 18:45:00+00:00,62854.91,62854.91,62804.892,62809.25,0.0,96.2757142857138,0.031127770761904778
2024-10-11 18:50:00+00:00,62849.9,62893.22,62849.9,62893.22,0.0,88.21410714285646,0.031127770761904778
2024-10-11 18:55:00+00:00,62878.01,62929.485,62877.455,62929.485,0.0,84.65753571428493,0.031046904000000014
2024-10-11 19:00:00+00:00,62902.536,62924.618,62816.1,62924.618,0.002429461,80.05539285714258,0.03116259261904763
2024-10-11 19:05:00+00:00,62960.685,63375.565,62960.685,63227.48,1.620204983,106.98846428571414,0.10831521085714287
2024-10-11 19:10:00+00:00,63267.1405,63405.125,63224.61,63267.51,0.0,108.56842857142848,0.10831521085714287
2024-10-11 19:15:00+00:00,63223.33,63230.665,63169.53,63215.2,0.000103852,108.44117857142867,0.108269973
2024-10-11 19:20:00+00:00,63191.674,63191.674,63066.079,63066.079,0.0,114.5611785714287,0.108269973
2024-10-11 19:25:00+00:00,63105.2125,63105.2125,63043.35,63043.35,0.0,114.56003571428612,0.108269973
2024-10-11 19:30:00+00:00,63063.345,63063.345,62825.8915,62825.8915,0.0,125.84571428571508,0.108269973
2024-10-11 19:35:00+00:00,62869.575,62936.915,62869.575,62936.915,0.001238373,128.53935714285814,0.10828778714285717
2024-10-11 19:40:00+00:00,62964.697,63008.047,62941.075,62971.905,0.0001,129.60489285714357,0.1082893651904762
2024-10-11 19:45:00+00:00,63008.25,63048.74,62954.9,62954.9,0.077176211,130.79560714285773,0.08101204190476191
2024-10-11 19:50:00+00:00,62976.87,63005.743,62904.8,62970.343,0.005753989,134.60075000000037,0.08128604138095238
2024-10-11 19:55:00+00:00,62934.555,63102.684,62934.555,63102.684,0.0,140.88082142857198,0.08128604138095238
2024-10-11 20:00:00+00:00,63063.5,63063.5,62993.89,63033.84,0.0,142.65396428571486,0.08128604138095238
2024-10-11 20:05:00+00:00,63005.02,63031.11,62962.865,62997.5,0.0,144.00717857142914,0.08128604138095238
2024-10-11 20:10:00+00:00,62951.7765,62951.7765,62925.01,62925.01,0.0,141.0861071428574,0.08128604138095238
2024-10-11 20:15:00+00:00,62928.778,62966.035,62928.778,62942.875,0.0,111.80596428571464,0.08128604138095238
2024-10-11 20:20:00+00:00,62927.757,62998.112,62927.757,62987.0,0.01208878,103.93739285714348,0.08186169757142858
2024-10-11 20:25:00+00:00,62990.9515,63023.95,62990.9515,63010.6225,0.0,99.57810714285733,0.08186169757142858
2024-10-11 20:30:00+00:00,62978.37,63015.2285,62961.043,63015.2285,0.0,92.79700000000022,0.08186169757142858
2024-10-11 20:35:00+00:00,63041.406,63041.406,62991.75,62991.75,0.0,91.92510714285734,0.08186169757142858
2024-10-11 20:40:00+00:00,63018.7625,63022.6805,63002.78,63022.6805,0.0,77.17346428571442,0.08186169757142858
2024-10-11 20:45:00+00:00,62984.86,62991.43,62981.506,62990.4235,0.0,72.18424999999999,0.08174600895238096
2024-10-11 20:50:00+00:00,62982.91,63027.38,62982.91,62988.96,0.0,70.27982142857114,0.0045933907142857245
2024-10-11 20:55:00+00:00,62970.588,63049.825,62970.588,63028.5675,0.0,69.2367499999995,0.0045933907142857245
2024-10-11 21:00:00+00:00,63036.595,63072.759,63021.7,63050.6,0.033864088,65.67360714285678,0.0062010210000000105
2024-10-11 21:05:00+00:00,63062.67,63152.98,63062.67,63099.5,0.0,60.97724999999991,0.0062010210000000105
2024-10-11 21:10:00+00:00,63099.465,63099.465,63038.1,63043.602,0.0,57.591964285714184,0.0062010210000000105
2024-10-11 21:15:00+00:00,63067.1305,63067.1305,62998.2045,63004.546,0.0,57.44560714285711,0.0062010210000000105
2024-10-11 21:20:00+00:00,63010.45,63031.819,63010.45,63031.819,0.0,54.21582142857161,0.006142050857142868
2024-10-11 21:25:00+00:00,63063.5995,63070.076,63033.7,63033.7,0.0,54.01810714285706,0.006137288952380963
2024-10-11 21:30:00+00:00,63046.485,63078.095,63046.485,63078.095,0.0,52.16382142857141,0.0024622312857142965
2024-10-11 21:35:00+00:00,63085.4,63085.4,63024.4075,63024.4075,0.0,53.88114285714307,0.00218823180952382
2024-10-11 21:40:00+00:00,63014.75,63014.75,62982.17,62999.05,0.0,53.02771428571474,0.00218823180952382
2024-10-11 21:45:00+00:00,62980.0,63011.95,62980.0,62983.35,0.000224892,51.76300000000005,0.002198940952380963
2024-10-11 21:50:00+00:00,62984.112,62995.761,62946.5,62964.035,0.002828508,53.07232142857122,0.00233363180952382
2024-10-11 21:55:00+00:00,62926.57,62926.57,62843.6935,62862.0805,0.0,58.72710714285703,0.00233363180952382
2024-10-11 22:00:00+00:00,62852.931,62917.515,62834.05,62856.1545,0.0,61.51246428571436,0.00233363180952382
2024-10-11 22:05:00+00:00,62857.45,62860.7,62765.93,62777.91,0.0,62.621964285714576,0.0017579756190476295
2024-10-11 22:10:00+00:00,62763.13,62777.91,62733.894,62769.032,0.016,62.1188928571433,0.0025198803809523915
2024-10-11 22:15:00+00:00,62767.595,62775.7795,62583.75,62583.75,3.826e-05,68.52242857142846,0.0025217022857142966
2024-10-11 22:20:00+00:00,62563.569,62564.21,62527.585,62538.5705,0.0,68.14849999999986,0.0025217022857142966
2024-10-11 22:25:00+00:00,62555.54,62555.54,62463.424,62463.424,0.0,69.80492857142859,0.0025217022857142966
2024-10-11 22:30:00+00:00,62490.85,62549.4445,62490.85,62546.386,0.0,74.00117857142843,0.0025217022857142966
2024-10-11 22:35:00+00:00,62540.54,62540.54,62406.382,62406.382,0.0,81.2688214285715,0.0025217022857142966
2024-10-11 22:40:00+00:00,62386.9,62406.55,62386.9,62406.55,0.0,79.5013214285713,0.0025217022857142966
2024-10-11 22:45:00+00:00,62421.295,62477.175,62421.295,62477.175,0.0,80.189357142857,0.0009091266666666773
2024-10-11 22:50:00+00:00,62497.413,62497.413,62468.815,62468.815,0.0,79.21510714285667,0.0009091266666666773
2024-10-11 22:55:00+00:00,62458.655,62489.11,62412.347,62412.347,0.0002,82.41603571428537,0.0009186504761904869
2024-10-11 23:00:00+00:00,62382.3505,62448.234,62382.3505,62448.234,5.93e-06,83.60335714285664,0.0009189328571428677
2024-10-11 23:05:00+00:00,62467.14,62488.39,62461.23,62468.09,0.004109834,77.87582142857094,0.0011146392380952488
2024-10-11 23:10:00+00:00,62467.59,62649.4795,62463.845,62649.4795,5.92e-06,85.17364285714264,0.0011149211428571535
2024-10-11 23:15:00+00:00,62644.0165,62644.0165,62520.6815,62520.6815,0.0,87.60421428571446,0.0011149211428571535
2024-10-11 23:20:00+00:00,62522.33,62541.2295,62499.49,62499.49,0.0,87.44160714285734,0.0011149211428571535
2024-10-11 23:25:00+00:00,62472.8435,62488.5,62440.88,62488.5,0.015386056,77.9116428571433,0.0018475904761904866
2024-10-11 23:30:00+00:00,62530.0445,62530.0445,62515.05,62515.05,0.0,76.86732142857207,0.0018368813333333443
2024-10-11 23:35:00+00:00,62527.748,62535.4495,62475.492,62500.253,0.0,74.57028571428653,0.0017021904761904867
2024-10-11 23:40:00+00:00,62481.4845,62501.2,62460.7665,62460.7665,0.002,71.31407142857226,0.0017974285714285822
2024-10-11 23:45:00+00:00,62436.5985,62436.5985,62352.2455,62352.2455,0.0,69.06528571428655,0.0017974285714285822
2024-10-11 23:50:00+00:00,62384.2,62436.295,62384.2,62402.269,0.0,73.6652500000008,0.0017974285714285822
2024-10-11 23:55:00+00:00,62440.1,62505.5685,62440.1,62505.5685,0.0,75.99914285714372,0.0010355238095238202
2024-10-12 00:00:00+00:00,62538.09,62538.09,62500.515,62531.8585,0.0,76.64035714285794,0.0010337019047619155
2024-10-12 00:05:00+00:00,62574.4,62574.4,62574.4,62574.4,0.0,74.1959642857151,0.0010337019047619155
2024-10-12 00:10:00+00:00,62561.194,62742.2435,62561.194,62742.2435,0.0,82.42210714285777,0.0010337019047619155
2024-10-12 00:15:00+00:00,62701.37,62701.37,62608.73,62618.855,0.0,89.09049999999999,0.0010337019047619155
2024-10-12 00:20:00+00:00,62661.5,62710.815,62649.015,62710.815,0.0,82.3994642857142,0.0010337019047619155
2024-10-12 00:25:00+00:00,62697.6875,62697.6875,62633.4,62693.865,0.0,78.7292499999998,0.0010337019047619155
2024-10-12 00:30:00+00:00,62723.4665,62796.17,62723.4665,62786.862,0.0,83.05535714285672,0.0010337019047619155
2024-10-12 00:35:00+00:00,62791.905,62791.905,62724.9805,62724.9805,0.0,83.64924999999961,0.0010337019047619155
2024-10-12 00:40:00+00:00,62703.461,62750.75,62701.379,62750.75,0.002,84.20828571428501,0.001119416190476201
2024-10-12 00:45:00+00:00,62702.98,62702.98,62702.98,62702.98,0.0,83.33774999999878,0.0011191338095238202
2024-10-12 00:50:00+00:00,62665.4095,62688.72,62665.4095,62674.245,0.0,83.13324999999895,0.0009234274285714391
2024-10-12 00:55:00+00:00,62665.375,62917.22,62640.54,62850.095,0.00049925,95.14460714285607,0.0009469193333333438
2024-10-12 01:00:00+00:00,62881.3665,62947.79,62851.117,62919.1455,0.0,96.11928571428454,0.0009469193333333438
2024-10-12 01:05:00+00:00,62938.855,63048.77,62911.985,62911.985,0.0,98.51110714285564,0.0009469193333333438
2024-10-12 01:10:00+00:00,62880.115,62880.115,62818.98,62818.98,0.0,102.47039285714138,0.00021425000000001057
2024-10-12 01:15:00+00:00,62785.7495,62785.7495,62747.094,62779.369,0.0,104.56642857142755,0.00021425000000001057
2024-10-12 01:20:00+00:00,62759.597,62857.9715,62759.597,62857.9715,0.0,98.66107142857072,0.00021425000000001057
2024-10-12 01:25:00+00:00,62868.495,62868.495,62839.341,62839.341,0.0,91.20682142857133,0.00011901190476191535
2024-10-12 01:30:00+00:00,62811.2735,62833.75,62811.2735,62833.75,0.0,86.64307142857122,0.00011901190476191535
2024-10-12 01:35:00+00:00,62800.467,62861.4225,62800.467,62857.898,0.0,85.46739285714284,0.00011901190476191535
2024-10-12 01:40:00+00:00,62816.66,62857.898,62752.1955,62752.1955,0.002,85.71007142857135,0.00021425000000001057
2024-10-12 01:45:00+00:00,62717.35,62734.9545,62717.35,62734.9545,0.0,83.41871428571436,0.00021425000000001057
2024-10-12 01:50:00+00:00,62710.675,62718.485,62682.245,62699.3,0.0,83.6571785714285,0.00021425000000001057
2024-10-12 01:55:00+00:00,62736.1365,62740.201,62706.48,62714.009,0.0,83.16653571428573,0.00021425000000001057
2024-10-12 02:00:00+00:00,62672.2,62740.086,62672.2,62740.086,0.0,85.33192857142889,0.00021425000000001057
2024-10-12 02:05:00+00:00,62726.896,62739.9635,62673.565,62673.565,0.0,70.32057142857177,0.00021425000000001057
2024-10-12 02:10:00+00:00,62708.84,62708.84,62677.877,62677.877,0.0,65.86199999999995,0.00021425000000001057
2024-10-12 02:15:00+00:00,62702.34,62704.9065,62686.0945,62686.0945,0.0,58.02232142857143,0.00021425000000001057
2024-10-12 02:20:00+00:00,62677.707,62677.707,62649.268,62665.996,0.0,54.00957142857182,0.00021425000000001057
2024-10-12 02:25:00+00:00,62659.06,62680.2895,62651.255,62660.405,0.0,50.94875000000008,0.00011901190476191535
2024-10-12 02:30:00+00:00,62656.768,62675.185,62598.8485,62598.8485,0.0,49.374607142857194,0.00011901190476191535
2024-10-12 02:35:00+00:00,62568.0985,62595.63,62568.0985,62588.252,0.0,49.48860714285703,0.00011901190476191535
2024-10-12 02:40:00+00:00,62565.063,62636.2235,62565.063,62636.2235,0.0,52.56667857142851,9.523809523810581e-05
2024-10-12 02:45:00+00:00,62633.9175,62633.9175,62566.605,62574.923,0.0,53.18546428571374,9.523809523810581e-05
2024-10-12 02:50:00+00:00,62538.656,62540.6725,62521.995,62521.995,0.0,49.41585714285663,9.523809523810581e-05
2024-10-12 02:55:00+00:00,62564.8745,62564.8745,62499.061,62531.268,0.0,51.627857142856165,9.523809523810581e-05
2024-10-12 03:00:00+00:00,62516.515,62596.0565,62516.515,62596.0565,0.0,53.54442857142775,9.523809523810581e-05
2024-10-12 03:05:00+00:00,62593.96,62624.6965,62565.06,62617.7615,0.0,54.882678571427924,9.523809523810581e-05
2024-10-12 03:10:00+00:00,62595.3,62597.09,62568.17,62568.17,0.0,53.57592857142767,9.523809523810581e-05
2024-10-12 03:15:00+00:00,62587.475,62624.8615,62550.4145,62550.4145,0.0,54.14207142857049,9.523809523810581e-05
2024-10-12 03:20:00+00:00,62510.7145,62523.95,62503.85,62503.85,0.0,54.94846428571379,9.523809523810581e-05
2024-10-12 03:25:00+00:00,62488.83,62488.83,62461.3615,62476.395,0.0,56.05267857142826,0.0
2024-10-12 03:30:00+00:00,62508.355,62567.6025,62508.355,62564.8,0.0,59.93703571428549,0.0
2024-10-12 03:35:00+00:00,62555.4275,62561.21,62489.165,62489.165,0.01820238,63.265642857142666,0.0008667800000000106
2024-10-12 03:40:00+00:00,62496.21,62521.376,62483.265,62483.265,0.0,60.53524999999978,0.0008667800000000106
2024-10-12 03:45:00+00:00,62467.6,62510.522,62467.6,62510.522,0.0,61.40467857142825,0.0008667800000000106
2024-10-12 03:50:00+00:00,62520.6775,62551.015,62505.34,62532.4785,0.0,59.584285714285734,0.0008667800000000106
2024-10-12 03:55:00+00:00,62555.2235,62559.55,62534.98,62550.956,0.0,56.54521428571492,0.0008667800000000106
2024-10-12 04:00:00+00:00,62580.347,62610.8945,62577.9035,62579.4895,0.0,57.04596428571521,0.0008667800000000106
2024-10-12 04:05:00+00:00,62581.75,62618.555,62555.11,62603.415,0.0,56.87678571428686,0.0008667800000000106
2024-10-12 04:10:00+00:00,62606.635,62622.605,62581.5725,62619.385,0.0,54.12614285714413,0.0008667800000000106
2024-10-12 04:15:00+00:00,62636.16,62662.86,62601.445,62607.205,0.0001,54.25317857142987,0.0008715419047619153
2024-10-12 04:20:00+00:00,62625.847,62637.4,62570.61,62571.75,0.0,55.48164285714405,0.0008715419047619153
2024-10-12 04:25:00+00:00,62557.045,62664.4685,62547.55,62626.346,0.0,58.5153214285726,0.0008715419047619153
2024-10-12 04:30:00+00:00,62633.818,62726.577,62621.4965,62664.04,0.0,62.6950357142866,0.0008715419047619153
2024-10-12 04:35:00+00:00,62654.098,62655.358,62604.2435,62604.822,0.0,63.93132142857264,0.0008715419047619153
2024-10-12 04:40:00+00:00,62577.29,62605.2995,62577.29,62583.45,0.0,59.417178571429496,0.0008715419047619153
2024-10-12 04:45:00+00:00,62582.174,62599.555,62538.2,62582.2895,0.003048819,58.397178571429585,0.0010167237619047725
2024-10-12 04:50:00+00:00,62579.3685,62604.499,62566.716,62584.74,0.0,58.373750000001436,0.0010167237619047725
2024-10-12 04:55:00+00:00,62567.4335,62584.53,62566.3815,62581.885,0.0,56.619214285715444,0.0010167237619047725
2024-10-12 05:00:00+00:00,62599.469,62615.1975,62584.826,62584.826,0.0,55.73617857142953,0.0010167237619047725
2024-10-12 05:05:00+00:00,62587.411,62602.166,62572.8575,62602.166,0.0,55.89596428571479,0.0010167237619047725
2024-10-12 05:10:00+00:00,62589.975,62622.4,62585.315,62622.4,0.0,54.263571428571595,0.0010167237619047725
2024-10-12 05:15:00+00:00,62609.6005,62642.1,62604.9115,62626.56,0.0,52.38810714285709,0.0010167237619047725
2024-10-12 05:20:00+00:00,62630.4235,62636.47,62609.902,62618.092,0.0,51.35492857142838,0.00014994376190477247
2024-10-12 05:25:00+00:00,62621.5755,62642.203,62577.9995,62632.3145,0.0030381,51.55410714285712,0.000294615190476201
2024-10-12 05:30:00+00:00,62622.425,62635.609,62609.775,62633.885,0.0,48.62867857142815,0.000294615190476201
2024-10-12 05:35:00+00:00,62629.176,62637.27,62621.195,62630.65,0.0,41.42557142857082,0.000294615190476201
2024-10-12 05:40:00+00:00,62622.15,62695.6,62622.15,62664.507,0.006059952,39.16624999999944,0.0005831843333333438
2024-10-12 05:45:00+00:00,62664.8,62690.93,62650.8,62690.93,0.0,37.76149999999897,0.0005831843333333438
2024-10-12 05:50:00+00:00,62702.952,62747.529,62699.6,62747.26,0.0,39.803607142856244,0.0005831843333333438
2024-10-12 05:55:00+00:00,62736.387,62788.785,62727.825,62788.785,0.0,39.77539285714219,0.0005831843333333438
2024-10-12 06:00:00+00:00,62747.64,62749.8185,62722.676,62722.676,0.0,41.79867857142796,0.0005784224285714392
2024-10-12 06:05:00+00:00,62727.5695,62727.5695,62695.9225,62701.713,0.0,42.74785714285671,0.0005784224285714392
2024-10-12 06:10:00+00:00,62682.755,62715.0855,62682.755,62701.7465,0.0,42.67771428571411,0.0005784224285714392
2024-10-12 06:15:00+00:00,62688.9415,62713.865,62688.9415,62712.353,0.0,42.36449999999968,0.0005784224285714392
2024-10-12 06:20:00+00:00,62716.198,62716.198,62653.182,62661.785,0.00374342,44.21671428571374,0.0007566805238095344
2024-10-12 06:25:00+00:00,62656.7,62675.015,62655.555,62675.015,0.0,42.950392857142496,0.0007566805238095344
2024-10-12 06:30:00+00:00,62713.61,62713.61,62680.34,62690.345,0.0,43.80946428571406,0.0006114986666666772
2024-10-12 06:35:00+00:00,62688.55,62704.0,62665.17,62696.6525,0.0,41.99707142857109,0.0006114986666666772
2024-10-12 06:40:00+00:00,62693.5,62711.955,62666.9795,62685.025,0.0,43.364321428571465,0.0006114986666666772
2024-10-12 06:45:00+00:00,62689.61,62708.435,62662.603,62662.603,0.0,45.489821428571304,0.0006114986666666772
2024-10-12 06:50:00+00:00,62659.605,62694.09,62657.441,62666.015,0.006037447,42.86117857142848,0.0008989961428571535
2024-10-12 06:55:00+00:00,62645.62,62679.437,62644.95,62656.83,0.0,42.458107142857315,0.0008989961428571535
2024-10-12 07:00:00+00:00,62665.37,62673.15,62628.916,62628.916,0.0,41.574892857143176,0.0008989961428571535
2024-10-12 07:05:00+00:00,62631.6,62653.2225,62618.555,62638.17,0.0,39.69685714285723,0.0008989961428571535
2024-10-12 07:10:00+00:00,62655.4095,62679.305,62652.75,62665.395,0.0,37.91299999999995,0.0007543247142857248
2024-10-12 07:15:00+00:00,62651.24,62678.2175,62621.325,62671.965,0.0,39.71625000000027,0.0007543247142857248
2024-10-12 07:20:00+00:00,62672.519,62709.78,62662.4255,62701.2265,0.0,40.78939285714296,0.0007543247142857248
2024-10-12 07:25:00+00:00,62689.5065,62715.814,62688.6365,62709.8,0.0,40.950392857143015,0.000465755571428582
2024-10-12 07:30:00+00:00,62699.953,62699.953,62633.338,62656.689,0.0,41.91082142857184,0.00046575557142858196
2024-10-12 07:35:00+00:00,62639.185,62724.3,62639.185,62722.268,0.0,46.600464285715134,0.00046575557142858196
2024-10-12 07:45:00+00:00,62736.16,62736.6685,62714.09,62734.6835,0.0,45.45642857142957,0.00046575557142858196
2024-10-12 07:50:00+00:00,62731.6365,62744.37,62722.0275,62744.37,0.0,44.27875000000131,0.00046575557142858196
2024-10-12 07:55:00+00:00,62737.99,62746.3325,62731.22,62731.22,0.0,42.145678571429535,0.00046575557142858196
2024-10-12 08:00:00+00:00,62737.7605,62750.0,62708.981,62708.981,0.00155066,41.8018928571442,0.0005395965238095343
2024-10-12 08:05:00+00:00,62713.093,62729.5205,62677.285,62729.5205,0.0,42.915214285715464,0.0005395965238095344
2024-10-12 08:10:00+00:00,62725.062,62730.0,62696.209,62713.5705,0.014316057,42.86550000000092,0.0010430554285714392
2024-10-12 08:15:00+00:00,62720.7,62725.286,62672.44,62691.1805,0.0,43.48064285714333,0.0010430554285714392
2024-10-12 08:20:00+00:00,62726.845,62726.845,62689.35,62719.8725,0.0,43.68260714285758,0.0010430554285714392
2024-10-12 08:25:00+00:00,62714.155,62771.4935,62714.155,62753.135,0.001987144,44.840000000000146,0.001137681333333344
2024-10-12 08:30:00+00:00,62728.975,62729.675,62703.965,62703.965,0.0,44.28839285714327,0.001137681333333344
2024-10-12 08:35:00+00:00,62708.25,62725.065,62708.25,62725.065,0.0,42.41307142857217,0.001137681333333344
2024-10-12 08:40:00+00:00,62714.9,62746.6945,62714.9,62746.6945,0.0,42.742857142857765,0.0008501838571428677
2024-10-12 08:45:00+00:00,62736.1,62741.61,62724.396,62725.465,0.0,38.874035714286165,0.0008501838571428677
2024-10-12 08:50:00+00:00,62709.875,62709.875,62685.8745,62685.8745,0.0,35.62228571428568,0.0008501838571428677
2024-10-12 08:55:00+00:00,62697.975,62709.15,62697.975,62703.45,0.0,35.67207142857141,0.0008501838571428677
2024-10-12 09:00:00+00:00,62688.021,62712.825,62683.6825,62711.1915,0.0,36.157785714284856,0.0008501838571428677
2024-10-12 09:05:00+00:00,62701.7475,62711.9295,62669.655,62684.8335,0.0,38.09792857142799,0.0008501838571428677
2024-10-12 09:10:00+00:00,62674.55,62699.8385,62663.1875,62669.25,0.0,37.78592857142784,0.0008501838571428677
2024-10-12 09:15:00+00:00,62654.05,62690.074,62647.0005,62677.9715,0.0,37.131499999999505,0.0008501838571428677
2024-10-12 09:20:00+00:00,62708.55,62750.655,62708.55,62746.725,0.0,39.90953571428535,0.0008501838571428677
2024-10-12 09:25:00+00:00,62736.0,62736.0,62709.05,62720.385,0.0,38.825892857142335,0.0008501838571428677
2024-10-12 09:30:00+00:00,62725.6395,62742.975,62712.136,62723.7,0.0,38.35046428571358,0.0008501838571428677
2024-10-12 09:35:00+00:00,62726.1495,62747.2,62705.33,62718.12,0.000124058,37.24557142857053,0.0008560913809523915
2024-10-12 09:40:00+00:00,62723.255,62733.3,62692.29,62715.771,0.0,36.662714285713136,0.0008560913809523916
2024-10-12 09:45:00+00:00,62750.7635,62773.277,62746.7405,62773.277,0.0,39.263142857141375,0.0007822504285714391
2024-10-12 09:50:00+00:00,62755.904,62795.663,62755.904,62790.884,0.0,39.832035714284366,0.0007822504285714391
2024-10-12 09:55:00+00:00,62782.3,62810.166,62782.3,62797.959,0.0,40.22971428571275,0.00010053342857143914
2024-10-12 10:00:00+00:00,62841.073,62864.053,62803.42,62822.8255,0.0,42.122821428569814,0.00010053342857143914
2024-10-12 10:05:00+00:00,62807.065,62819.55,62783.75,62818.085,0.0,43.251392857140935,0.00010053342857143914
2024-10-12 10:10:00+00:00,62835.13,62938.4,62835.13,62938.4,0.0,49.76371428571292,5.907523809534383e-06
2024-10-12 10:15:00+00:00,62915.665,62976.685,62915.665,62976.685,0.0,51.10267857142701,5.907523809534383e-06
2024-10-12 10:20:00+00:00,62945.402,62974.63,62945.402,62974.63,0.0,50.71924999999828,5.907523809534383e-06
2024-10-12 10:25:00+00:00,62973.65,62973.65,62926.3975,62926.3975,0.0,51.08774999999826,5.907523809534383e-06
2024-10-12 10:30:00+00:00,62945.7635,62945.7635,62883.6085,62923.932,0.0,50.33571428571252,5.907523809534383e-06
2024-10-12 10:35:00+00:00,62925.65,62978.949,62925.65,62970.29,0.0,51.574428571427106,5.907523809534383e-06
2024-10-12 10:40:00+00:00,62939.12,62979.97,62925.095,62965.675,0.0,53.29128571428425,5.907523809534383e-06
2024-10-12 10:45:00+00:00,62982.869,62998.0115,62922.435,62942.2445,0.0,55.69889285714193,5.907523809534383e-06
2024-10-12 10:50:00+00:00,62946.852,62976.6765,62920.143,62962.3325,0.001621751,56.80771428571357,8.313376190477249e-05
2024-10-12 10:55:00+00:00,62979.475,63015.055,62964.813,62997.425,0.0,56.46603571428516,8.313376190477249e-05
2024-10-12 11:00:00+00:00,62999.5,63001.0825,62982.235,62987.461,0.0,54.972357142856445,8.313376190477249e-05
2024-10-12 11:05:00+00:00,62985.4095,63034.686,62985.4095,63034.686,0.0,56.501678571428265,8.313376190477249e-05
2024-10-12 11:10:00+00:00,63071.125,63105.214,63071.125,63079.35,0.0,56.818392857142626,8.313376190477249e-05
2024-10-12 11:15:00+00:00,63087.737,63216.2,63070.67,63183.457,0.000729656,64.42228571428548,0.00011787928571429628
2024-10-12 11:20:00+00:00,63205.355,63232.4,63193.715,63193.715,0.0,59.32428571428526,0.00011197176190477248
2024-10-12 11:25:00+00:00,63175.722,63175.722,63121.254,63121.254,0.0,60.14149999999946,0.00011197176190477248
2024-10-12 11:30:00+00:00,63148.77,63148.955,63093.96,63093.96,0.0,61.83521428571424,0.00011197176190477248
2024-10-12 11:35:00+00:00,63110.05,63110.05,62941.5,62941.5,0.0,70.42932142857171,0.00011197176190477248
2024-10-12 11:40:00+00:00,62953.5545,62976.6565,62953.5545,62966.165,0.0,68.50085714285731,0.00011197176190477248
2024-10-12 11:45:00+00:00,62925.025,63027.85,62925.025,63011.64,0.0,71.91571428571426,0.00011197176190477248
2024-10-12 11:50:00+00:00,63013.19,63016.25,62971.7075,62973.594,0.0,71.17767857142879,0.00011197176190477248
2024-10-12 11:55:00+00:00,62953.6,62957.78,62926.564,62926.564,0.0,69.13864285714278,0.00011197176190477248
2024-10-12 12:00:00+00:00,62936.747,62936.747,62814.5665,62814.5665,0.0,73.82771428571401,0.00011197176190477248
2024-10-12 12:05:00+00:00,62840.865,62917.95,62840.865,62917.95,0.0,77.44635714285634,0.00011197176190477248
2024-10-12 12:10:00+00:00,62935.805,62953.207,62881.55,62953.207,0.0,81.21846428571371,0.00011197176190477248
2024-10-12 12:15:00+00:00,62932.636,62946.565,62880.1,62880.1,0.0,82.92064285714254,0.00011197176190477248
2024-10-12 12:20:00+00:00,62830.07,62902.4715,62830.07,62855.4225,0.0,83.05446428571408,0.00011197176190477248
2024-10-12 12:25:00+00:00,62875.648,62875.648,62857.3315,62857.3315,0.0,74.10414285714276,0.00011197176190477248
2024-10-12 12:30:00+00:00,62894.257,62905.586,62883.439,62883.439,0.0,74.05496428571443,0.00011197176190477248
2024-10-12 12:35:00+00:00,62849.645,62851.491,62831.7965,62846.548,0.0,72.56792857142916,3.474552380953438e-05
2024-10-12 12:40:00+00:00,62855.4425,62877.355,62832.6865,62877.355,0.0,71.8303214285718,3.474552380953438e-05
2024-10-12 12:45:00+00:00,62914.657,62914.657,62880.455,62880.455,0.0,62.45546428571418,3.474552380953438e-05
2024-10-12 12:50:00+00:00,62894.654,62958.586,62866.03,62958.586,0.0,66.55542857142895,3.474552380953438e-05
2024-10-12 12:55:00+00:00,63006.08,63041.126,63006.08,63041.126,0.0,65.10650000000012,3.474552380953438e-05
2024-10-12 13:00:00+00:00,63011.3,63022.8135,62986.967,63022.8135,0.0,65.79339285714273,0.0
2024-10-12 13:05:00+00:00,63051.272,63083.3615,63051.272,63079.878,0.0,66.75896428571443,0.0
2024-10-12 13:10:00+00:00,63076.6645,63107.6865,63076.6645,63107.6865,0.0,60.247642857143155,0.0
2024-10-12 13:15:00+00:00,63074.4845,63074.4845,63004.015,63004.015,0.0,60.26821428571514,0.0
2024-10-12 13:25:00+00:00,63002.735,63009.04,63002.735,63009.04,0.0,55.60021428571521,0.0
2024-10-12 13:30:00+00:00,63039.095,63039.095,63039.095,63039.095,0.0,52.52507142857212,0.0
2024-10-12 13:35:00+00:00,63022.255,63022.255,63022.255,63022.255,0.0,48.55639285714382,0.0
2024-10-12 13:40:00+00:00,63031.6275,63031.6275,63000.7965,63000.7965,0.0,49.313928571429905,0.0
2024-10-12 13:50:00+00:00,62974.65,63071.125,62974.65,63071.125,0.0,52.758250000001034,0.0
2024-10-12 13:55:00+00:00,63072.383,63095.17,63068.765,63080.8235,0.049164603,50.95557142857225,0.002341171571428582
2024-10-12 14:00:00+00:00,63030.615,63030.615,63006.505,63006.505,0.0,53.073428571429496,0.002341171571428582
2024-10-12 14:05:00+00:00,63038.005,63067.3,63013.94,63067.3,0.000207911,54.751500000001606,0.0023510720952381057
2024-10-12 14:10:00+00:00,63103.117,63159.999,63103.117,63159.999,0.0,54.761714285715634,0.0023510720952381057
2024-10-12 14:15:00+00:00,63183.3645,63183.3645,63144.7785,63144.7785,0.0,51.62214285714487,0.0023510720952381057
2024-10-12 14:20:00+00:00,63136.36,63137.13,63136.36,63137.13,0.0,48.354964285716314,0.0023510720952381057
2024-10-12 14:25:00+00:00,63127.535,63127.535,63127.535,63127.535,0.0,44.7154642857157,0.0023510720952381057
2024-10-12 14:30:00+00:00,63171.3225,63171.3225,63131.589,63131.589,0.0,45.6272857142867,0.0023510720952381057
2024-10-12 14:35:00+00:00,63122.882,63191.13,63122.882,63191.13,0.001386548,43.097035714286385,0.002417098190476201
2024-10-12 14:40:00+00:00,63214.9845,63294.915,63214.9845,63232.0505,0.0,50.05989285714376,0.002417098190476201
2024-10-12 14:45:00+00:00,63254.704,63394.885,63254.704,63394.885,0.0,59.54414285714405,0.002417098190476201
2024-10-12 14:50:00+00:00,63350.71,63350.71,63286.835,63286.835,0.0,66.059142857144,0.002417098190476201
2024-10-12 14:55:00+00:00,63323.3255,63332.635,63201.7195,63201.7195,0.0,73.20803571428665,0.002417098190476201
2024-10-12 15:00:00+00:00,63247.3615,63256.81,63143.9,63256.81,0.0,74.38196428571506,0.002417098190476201
2024-10-12 15:05:00+00:00,63272.0975,63272.0975,63224.3,63224.3,0.0,75.91000000000089,0.002417098190476201
2024-10-12 15:10:00+00:00,63253.1185,63446.91336272,63253.1185,63446.91336272,0.0,86.50249019428624,0.002417098190476201
2024-10-12 15:15:00+00:00,63431.82,63431.82,63296.25,63342.8,0.012590205,92.92165896000006,0.0030166317619047724
2024-10-12 15:20:00+00:00,63356.03,63356.03,63326.4835,63326.4835,0.0,88.41076610285693,0.0030166317619047724
2024-10-12 15:25:00+00:00,63282.15,63315.24,63282.15,63315.24,0.0,88.82130181714248,0.0030166317619047724
2024-10-12 15:30:00+00:00,63313.525,63313.525,63263.5,63279.705,0.0,91.9156946742852,0.0030166317619047724
2024-10-12 15:35:00+00:00,63250.544,63257.63,63177.4115,63177.4115,0.0,98.53701610285705,0.0030166317619047724
2024-10-12 15:40:00+00:00,63159.25,63159.25,63068.405,63068.405,0.0,103.19551610285738,0.000675460190476201
2024-10-12 15:45:00+00:00,63090.6375,63121.3,63076.138,63108.9315,0.0001,102.09887324571484,0.0006802220952381058
2024-10-12 15:50:00+00:00,63116.495,63116.495,63083.83,63093.45,0.0,97.01887324571466,0.000670321571428582
2024-10-12 15:55:00+00:00,63103.225,63125.787,63084.03,63125.787,0.0,88.37048038857132,0.000670321571428582
2024-10-12 16:00:00+00:00,63153.55,63219.7,63153.55,63218.1875,0.001015829,87.36069467428544,0.0007186943809523916
2024-10-12 16:05:00+00:00,63240.5185,63265.616,63240.5185,63263.85,0.0,81.39733753142822,0.0007186943809523916
2024-10-12 16:10:00+00:00,63252.5845,63348.269,63252.5845,63329.9785,0.0,80.16694467428586,0.0007186943809523916
2024-10-12 16:15:00+00:00,63301.979,63388.545,63256.5165,63282.3405,6.71e-06,86.18344467428584,0.0007190139047619154
2024-10-12 16:20:00+00:00,63244.975,63244.975,63164.7,63212.23,0.0001,78.68538305142907,0.0006577497142857249
2024-10-12 16:25:00+00:00,63175.77,63175.77,63108.03,63172.791,0.0,75.36657142857231,0.0006577497142857249
2024-10-12 16:30:00+00:00,63186.0765,63190.46,63157.8,63157.8,0.0,75.58896428571514,0.0006577497142857249
2024-10-12 16:35:00+00:00,63176.585,63176.585,63092.3135,63123.45,0.0,78.44167857142955,0.0006577497142857249
2024-10-12 16:40:00+00:00,63118.4,63135.921,63111.26,63135.75,0.0,76.50746428571541,0.0006577497142857249
2024-10-12 16:45:00+00:00,63140.2,63155.4,63140.2,63145.6525,0.0,70.60435714285839,0.0006577497142857249
2024-10-12 16:50:00+00:00,63120.98,63120.98,63092.76,63092.76,0.0,66.59621428571492,0.0006577497142857249
2024-10-12 16:55:00+00:00,63069.2535,63069.2535,63069.2535,63069.2535,0.0,64.49703571428628,0.0006577497142857249
2024-10-12 17:00:00+00:00,63086.5595,63166.842,63086.5595,63122.8,0.0,69.13442857142893,5.8216142857153434e-05
2024-10-12 17:05:00+00:00,63128.907,63129.15,63062.865,63114.2585,0.0,70.88642857142933,5.8216142857153434e-05
2024-10-12 17:10:00+00:00,63130.915,63147.72,63100.884,63147.72,0.0,67.52378571428666,5.8216142857153434e-05
2024-10-12 17:15:00+00:00,63173.952,63238.7,63173.952,63238.7,0.0,70.63460714285767,5.8216142857153434e-05
2024-10-12 17:20:00+00:00,63227.191,63235.134,63227.191,63235.134,0.0,64.62207142857162,5.8216142857153434e-05
2024-10-12 17:25:00+00:00,63222.05,63235.5,63222.05,63235.5,0.0,56.15217857142852,5.8216142857153434e-05
2024-10-12 17:30:00+00:00,63219.1895,63219.1895,63154.374,63154.374,0.0,53.543999999999606,5.345423809524867e-05
2024-10-12 17:35:00+00:00,63129.98,63129.98,63129.98,63129.98,0.0,47.84357142857074,5.345423809524867e-05
2024-10-12 17:40:00+00:00,63111.55,63143.45,63111.55,63143.45,0.0,47.78928571428488,5.345423809524867e-05
2024-10-12 17:45:00+00:00,63113.655,63113.655,63083.555,63098.655,0.0,46.0481071428559,5.081428571439145e-06
2024-10-12 17:55:00+00:00,63083.555,63108.065,63083.555,63106.1,0.0,46.03732142857033,5.081428571439145e-06
2024-10-12 18:00:00+00:00,63127.2,63127.2,63096.0,63123.405,0.001633878,46.86232142857001,8.288514285715344e-05
2024-10-12 18:05:00+00:00,63141.577,63181.167,63141.445,63170.95,0.0,47.21014285714201,8.256561904762962e-05
2024-10-12 18:10:00+00:00,63126.6895,63126.6895,63072.75,63092.55,0.0,52.54539285714158,7.780371428572486e-05
2024-10-12 18:15:00+00:00,63093.685,63125.645,63093.685,63125.645,0.000308295,47.93871428571271,9.248442857143915e-05
2024-10-12 18:20:00+00:00,63101.89,63125.645,63009.323,63009.323,0.00390974,51.5127857142839,0.00027866252380953437
2024-10-12 18:25:00+00:00,62959.3655,63028.1035,62959.3655,63028.1035,0.0,53.07721428571209,0.00027866252380953437
2024-10-12 18:30:00+00:00,63047.6,63064.219,63047.6,63064.219,0.0,49.158321428569515,0.00027866252380953437
2024-10-12 18:35:00+00:00,63033.75,63033.75,62996.75,62996.75,0.0,53.155464285712306,0.00027866252380953437
2024-10-12 18:40:00+00:00,62963.43,62987.5155,62963.43,62987.5155,0.0,54.57474999999821,0.00027866252380953437
2024-10-12 18:45:00+00:00,63009.85,63026.76,62969.066,62969.066,0.0,52.90103571428439,0.00027866252380953437
2024-10-12 18:50:00+00:00,62986.5155,63004.2795,62981.5655,62981.5655,0.0,53.67385714285566,0.00027866252380953437
2024-10-12 18:55:00+00:00,62943.3,62959.9875,62930.1825,62930.1825,0.0,55.06549999999853,0.00027866252380953437
2024-10-12 19:00:00+00:00,62970.21,62987.689,62970.21,62987.689,0.0,54.89489285714132,0.00027866252380953437
2024-10-12 19:05:00+00:00,62951.29,62996.248,62947.835,62979.28,0.0,56.60224999999836,0.00027866252380953437
2024-10-12 19:10:00+00:00,62973.417,63027.67,62973.417,63026.405,0.0,58.2488928571412,0.00027866252380953437
2024-10-12 19:15:00+00:00,62988.2,63009.335,62975.71,62981.775,0.0,57.74410714285529,0.00027866252380953437
2024-10-12 19:20:00+00:00,62964.355,63018.1,62928.813,63018.1,0.0,57.1074642857124,0.00027866252380953437
2024-10-12 19:25:00+00:00,63021.635,63065.91,63007.665,63045.182,0.0,58.9038928571416,0.00027866252380953437
2024-10-12 19:30:00+00:00,63033.9275,63070.85,63033.9275,63063.014,0.0,53.23249999999877,0.00027866252380953437
2024-10-12 19:35:00+00:00,63044.745,63044.745,62965.35,62983.13,0.0,55.29864285714211,0.00027866252380953437
2024-10-12 19:40:00+00:00,63008.298,63015.625,62988.4,62995.925,0.0,55.04003571428517,0.00027866252380953437
2024-10-12 19:45:00+00:00,63024.6465,63028.1825,63024.6465,63028.1825,0.0,52.52492857142819,0.0002008588095238201
2024-10-12 19:50:00+00:00,63055.765,63055.765,62995.645,63022.0,0.003692894,54.439214285714115,0.0003767109047619154
2024-10-12 19:55:00+00:00,63021.5875,63028.3955,63000.25,63000.25,0.0,52.328607142856654,0.0003767109047619154
2024-10-12 20:00:00+00:00,63022.985,63055.627,63022.985,63055.627,0.0,53.768857142856824,0.00036203019047620106
2024-10-12 20:05:00+00:00,63044.6835,63084.0775,63021.002,63064.94,0.0,54.60403571428573,0.0001758520952381058
2024-10-12 20:10:00+00:00,63074.591,63091.025,63060.1895,63063.134,0.0,52.69896428571467,0.0001758520952381058
2024-10-12 20:15:00+00:00,63077.0695,63088.0305,63038.37,63071.656,0.0,52.78807142857165,0.0001758520952381058
2024-10-12 20:20:00+00:00,63088.27,63115.3195,63088.27,63094.3145,0.0,52.03167857142866,0.0001758520952381058
2024-10-12 20:25:00+00:00,63082.8,63093.2,63071.55,63087.2435,0.0,50.03664285714279,0.0001758520952381058
2024-10-12 20:30:00+00:00,63062.57,63089.975,63062.57,63076.2,0.0,45.61650000000009,0.0001758520952381058
2024-10-12 20:35:00+00:00,63081.7,63081.7,63047.244,63047.244,0.0,43.91728571428549,0.0001758520952381058
2024-10-12 20:45:00+00:00,63054.4335,63054.4335,63054.25,63054.25,0.0,41.79349999999977,0.0001758520952381058
2024-10-12 20:50:00+00:00,63042.92,63053.66,63042.92,63053.66,0.0,35.6267857142853,0.0001758520952381058
2024-10-12 20:55:00+00:00,63061.3935,63064.555,63061.3935,63064.555,0.0,34.08392857142774,0.0001758520952381058
2024-10-12 21:00:00+00:00,63047.8825,63074.4085,63028.3705,63074.4085,0.0,35.068249999999225,0.0001758520952381058
2024-10-12 21:05:00+00:00,63075.917,63081.155,63050.2625,63062.85,0.0,32.98057142857059,0.0001758520952381058
2024-10-12 21:10:00+00:00,63088.489,63138.3835,63085.85,63138.3835,0.003704175,36.36542857142818,0.00035224138095239153
2024-10-12 21:15:00+00:00,63129.51,63142.85,63105.95,63105.95,0.0,35.04564285714254,0.00035224138095239153
2024-10-12 21:20:00+00:00,63101.165,63131.125,63097.3475,63127.1815,0.0,32.952928571428075,0.00035224138095239153
2024-10-12 21:25:00+00:00,63159.45,63177.5,63137.0325,63174.9,0.0,34.344571428570944,0.00035224138095239153
2024-10-12 21:30:00+00:00,63186.44,63203.5215,63177.05,63193.586,0.0,32.84178571428544,0.00035224138095239153
2024-10-12 21:35:00+00:00,63164.545,63164.545,63164.545,63164.545,0.0,31.797321428571845,0.00035224138095239153
2024-10-12 21:40:00+00:00,63160.765,63165.2125,63141.135,63141.135,0.0,31.891107142857695,0.0001763892857142963
2024-10-12 21:45:00+00:00,63122.07,63137.6,63118.547,63122.4,0.0,31.54703571428659,0.0001763892857142963
2024-10-12 21:50:00+00:00,63133.4925,63145.4125,63121.2435,63135.55,0.0,30.812250000001118,0.0001763892857142963
2024-10-12 21:55:00+00:00,63182.219,63210.295,63182.219,63183.85,0.0,35.63764285714361,0.0001763892857142963
2024-10-12 22:00:00+00:00,63155.231,63220.8295,63155.231,63220.8295,0.0,39.51396428571492,0.0001763892857142963
2024-10-12 22:05:00+00:00,63258.786,63285.6515,63222.24,63222.24,0.0,43.36589285714373,0.0001763892857142963
2024-10-12 22:10:00+00:00,63213.5445,63213.5445,63197.25,63208.125,0.0,41.86246428571498,0.0001763892857142963
2024-10-12 22:15:00+00:00,63244.6,63244.6,63244.6,63244.6,0.0,42.26121428571475,0.0001763892857142963
2024-10-12 22:25:00+00:00,63260.2235,63260.2235,63260.2235,63260.2235,0.0,37.98192857142879,0.0001763892857142963
2024-10-12 22:30:00+00:00,63286.4835,63286.4835,63268.647,63268.647,0.0,37.221928571428826,0.0001763892857142963
2024-10-12 22:35:00+00:00,63246.108,63246.108,63220.1275,63220.1275,0.0,38.27492857142871,0.0001763892857142963
2024-10-12 22:40:00+00:00,63227.25,63234.095,63227.25,63234.095,0.0,35.67842857142854,0.0001763892857142963
2024-10-12 22:45:00+00:00,63219.7,63271.715,63219.7,63271.715,0.0,37.34939285714271,0.0001763892857142963
2024-10-12 22:50:00+00:00,63304.43,63316.3265,63271.715,63312.305,0.002292246,38.461571428571396,0.0002855438571428677
2024-10-12 22:55:00+00:00,63276.51,63276.51,63276.51,63276.51,0.0,39.2985357142856,0.0002855438571428677
2024-10-12 23:00:00+00:00,63317.192,63317.192,63287.9175,63287.9175,0.0,40.59096428571398,0.000109154571428582
2024-10-12 23:05:00+00:00,63300.05,63334.362,63300.05,63334.362,0.0,42.18207142857084,0.000109154571428582
2024-10-12 23:10:00+00:00,63321.789,63326.868,63305.24,63326.868,0.0,38.923285714285676,0.000109154571428582
2024-10-12 23:15:00+00:00,63343.055,63343.055,63259.142,63277.85,0.0,40.231464285714274,0.000109154571428582
2024-10-12 23:20:00+00:00,63275.0,63275.0,63227.3655,63229.095,0.00368738,39.20735714285703,0.00028474409523810584
2024-10-12 23:25:00+00:00,63272.843,63272.843,63218.583,63223.75,0.001,41.29807142857161,0.0003323631428571534
2024-10-12 23:30:00+00:00,63232.2395,63232.2395,63217.64,63217.64,0.0,39.73553571428628,0.0003323631428571534
2024-10-12 23:35:00+00:00,63210.498,63216.55,63184.0045,63186.81,0.0,41.02210714285736,0.0003323631428571534
2024-10-12 23:40:00+00:00,63204.5175,63212.461,63204.5175,63212.461,0.0,40.97860714285759,0.0003323631428571534
2024-10-12 23:45:00+00:00,63180.45,63180.45,63180.45,63180.45,0.0,39.79942857142981,0.0003323631428571534
2024-10-12 23:50:00+00:00,63193.615,63210.259,63193.615,63193.72,0.0,40.93096428571568,0.0003323631428571534
2024-10-12 23:55:00+00:00,63187.8,63206.678,63187.8,63206.678,0.0,38.56403571428694,0.0003323631428571534
2024-10-13 00:00:00+00:00,63230.36,63276.837,63230.36,63271.977,0.0,40.38885714285789,0.0003323631428571534
2024-10-13 00:05:00+00:00,63282.8505,63285.76,63206.96,63246.9945,0.0,43.46064285714393,0.0003323631428571534
2024-10-13 00:10:00+00:00,63205.4,63227.556,63186.5,63188.3585,0.0,44.87582142857251,0.0003323631428571534
2024-10-13 00:15:00+00:00,63191.7825,63209.415,63188.28,63198.02,0.0,43.06800000000138,0.0003323631428571534
2024-10-13 00:20:00+00:00,63155.403,63155.403,63048.65,63139.2795,0.0,51.65714285714369,0.0003323631428571534
2024-10-13 00:25:00+00:00,63175.415,63220.093,63175.415,63220.093,0.0,51.43575000000107,0.0003323631428571534
2024-10-13 00:30:00+00:00,63238.218,63238.218,63238.218,63238.218,0.0,49.12435714285831,0.0003323631428571534
2024-10-13 00:35:00+00:00,63211.9945,63211.9945,63211.9945,63211.9945,0.0,47.12175000000103,0.000223208571428582
2024-10-13 00:40:00+00:00,63249.928,63249.928,63249.928,63249.928,0.0,48.78846428571497,0.000223208571428582
2024-10-13 00:50:00+00:00,63218.6265,63219.564,63202.715,63202.715,0.0,49.758285714286885,0.000223208571428582
2024-10-13 00:55:00+00:00,63203.503,63205.455,63168.878,63168.878,0.0,50.538714285715415,0.000223208571428582
2024-10-13 01:00:00+00:00,63146.115,63146.115,63113.965,63113.965,0.0,52.17457142857217,0.000223208571428582
2024-10-13 01:05:00+00:00,63088.8,63121.0215,63084.8255,63084.8255,0.0,52.63078571428663,0.000223208571428582
2024-10-13 01:10:00+00:00,63046.9685,63046.9685,62982.025,62982.025,0.0,58.62525000000096,4.761904761905819e-05
2024-10-13 01:15:00+00:00,63011.8645,63011.8645,62859.96,62859.96,0.0,64.46421428571557,0.0
2024-10-13 01:20:00+00:00,62812.3,62984.48,62812.3,62961.541,0.0,71.13421428571539,0.0
2024-10-13 01:25:00+00:00,62991.105,62996.557,62934.415,62934.415,0.0,71.25189285714389,0.0
2024-10-13 01:30:00+00:00,62895.1,62962.25,62876.8815,62962.25,0.0,75.84000000000067,0.0
2024-10-13 01:35:00+00:00,62980.3,63019.745,62957.6,62986.0965,0.0002,69.60964285714415,9.523809523820097e-06
2024-10-13 01:40:00+00:00,63011.417,63031.801,62983.28,63031.5615,0.0001,67.30303571428678,1.428571428572486e-05
2024-10-13 01:45:00+00:00,63018.445,63024.0,62921.18,62960.032,0.0,73.892785714287,1.428571428572486e-05
2024-10-13 01:50:00+00:00,62918.11,62924.04,62885.767,62890.582,0.0,77.32432142857267,1.428571428572486e-05
2024-10-13 01:55:00+00:00,62862.15,62862.15,62860.7275,62860.7275,0.0,76.74725000000139,1.428571428572486e-05
2024-10-13 02:00:00+00:00,62881.6665,62911.02,62873.878,62911.02,0.0,76.96721428571514,1.428571428572486e-05
2024-10-13 02:05:00+00:00,62896.3525,62896.3525,62835.1675,62835.1675,0.0,79.7726071428572,1.428571428572486e-05
2024-10-13 02:10:00+00:00,62812.0,62812.0,62725.715,62745.0705,0.0,83.66828571428621,1.428571428572486e-05
2024-10-13 02:15:00+00:00,62701.7,62784.155,62701.7,62772.637,0.0,86.97250000000038,1.428571428572486e-05
2024-10-13 02:20:00+00:00,62751.3185,62783.29,62751.3185,62783.29,0.0,81.91328571428623,1.428571428572486e-05
2024-10-13 02:25:00+00:00,62807.3175,62807.3175,62757.406,62772.96,0.0,74.62807142857127,1.428571428572486e-05
2024-10-13 02:30:00+00:00,62796.78,62813.63,62788.199,62813.63,0.0,65.2344999999997,1.428571428572486e-05
2024-10-13 02:35:00+00:00,62822.0215,62840.0415,62780.075,62780.075,0.0,65.07910714285701,1.428571428572486e-05
2024-10-13 02:40:00+00:00,62812.265,62838.9825,62796.1605,62834.7925,0.0,63.1890357142859,1.428571428572486e-05
2024-10-13 02:45:00+00:00,62801.5885,62844.775,62797.36,62797.36,0.0,62.13689285714281,1.428571428572486e-05
2024-10-13 02:50:00+00:00,62791.518,62824.1,62786.755,62824.1,0.0,61.338607142857136,1.428571428572486e-05
2024-10-13 02:55:00+00:00,62831.15,62861.16,62831.15,62861.16,0.0,56.10135714285726,1.428571428572486e-05
2024-10-13 03:00:00+00:00,62849.965,62885.56,62849.965,62871.2,0.0,53.33921428571453,1.428571428572486e-05
2024-10-13 03:05:00+00:00,62860.165,62860.165,62798.135,62806.0,0.0,56.42567857142837,1.428571428572486e-05
2024-10-13 03:10:00+00:00,62818.007,62830.2665,62816.76,62830.2665,0.0,54.56667857142851,1.428571428572486e-05
2024-10-13 03:15:00+00:00,62809.7165,62831.0,62780.44,62780.44,0.0,52.76007142857166,1.428571428572486e-05
2024-10-13 03:20:00+00:00,62770.87,62793.88,62651.4,62752.04,0.0,55.11917857142804,4.761904761915336e-06
2024-10-13 03:25:00+00:00,62783.5115,62783.5115,62783.5115,62783.5115,0.0,51.47749999999932,0.0
2024-10-13 03:30:00+00:00,62779.2315,62779.2315,62711.495,62711.495,0.0,54.33785714285633,0.0
2024-10-13 03:35:00+00:00,62726.5,62755.869,62709.48,62755.869,0.0,54.086249999999254,0.0
2024-10-13 03:40:00+00:00,62729.009,62729.009,62691.66,62694.77,0.0,55.767607142856185,0.0
2024-10-13 03:45:00+00:00,62690.24,62704.15,62675.835,62704.15,0.0,53.50678571428476,0.0
2024-10-13 03:50:00+00:00,62727.695,62727.695,62692.5965,62699.47,0.0,51.80614285714182,0.0
2024-10-13 03:55:00+00:00,62703.955,62703.955,62685.2,62700.3,0.0,49.75899999999923,0.0
2024-10-13 04:00:00+00:00,62719.555,62744.545,62717.1385,62744.545,0.0,50.25185714285596,0.0
2024-10-13 04:05:00+00:00,62742.765,62754.3065,62728.79,62732.925,0.0,49.42732142856975,0.0
2024-10-13 04:10:00+00:00,62754.0975,62767.65,62735.1725,62753.025,0.0,49.3651785714267,0.0
2024-10-13 04:15:00+00:00,62748.695,62812.52,62745.2265,62803.6785,0.0,48.95292857142704,0.0
2024-10-13 04:20:00+00:00,62804.565,62839.1465,62790.335,62790.335,0.0,50.70614285714172,0.0
2024-10-13 04:25:00+00:00,62814.57,62846.6365,62790.335,62846.6365,0.004537163,51.11624999999913,0.00021605538095239153
2024-10-13 04:30:00+00:00,62807.613,62807.613,62792.29,62792.29,0.0,44.820999999999394,0.00021605538095239153
2024-10-13 04:35:00+00:00,62796.99,62803.899,62796.99,62803.899,0.0,43.402249999999185,0.00021605538095239153
2024-10-13 04:40:00+00:00,62778.186,62828.703,62778.186,62828.703,0.0,41.86657142857075,0.00021605538095239153
2024-10-13 04:45:00+00:00,62815.3155,62823.2,62793.5735,62795.305,0.0,41.06232142857126,0.00021605538095239153
2024-10-13 04:50:00+00:00,62792.6195,62835.07,62784.495,62830.45,0.0,40.088464285714245,0.00021605538095239153
2024-10-13 04:55:00+00:00,62795.382,62810.555,62795.382,62810.555,0.0,40.57082142857117,0.00021605538095239153
2024-10-13 05:00:00+00:00,62828.125,62840.417,62828.125,62835.7555,0.0,40.196785714285525,0.00021605538095239153
2024-10-13 05:05:00+00:00,62845.55,62874.467,62845.55,62874.467,0.0,41.62224999999931,0.00021605538095239153
2024-10-13 05:10:00+00:00,62884.15,62890.313,62869.56,62885.0925,0.0,39.94424999999995,0.00021605538095239153
2024-10-13 05:15:00+00:00,62855.0,62877.6375,62854.185,62877.6375,0.0,40.32932142857161,0.00021605538095239153
2024-10-13 05:20:00+00:00,62889.58,62941.9735,62875.611,62933.925,0.0,42.58914285714335,0.00021605538095239153
2024-10-13 05:25:00+00:00,62953.13,62962.495,62945.58,62950.671,0.0,39.82317857142906,0.00021605538095239153
2024-10-13 05:30:00+00:00,62942.055,62947.01,62906.2,62924.093,0.0,39.51314285714346,0.00021605538095239153
2024-10-13 05:35:00+00:00,62908.7,62908.7,62895.552,62895.552,0.0,37.530250000000315,0.00021605538095239153
2024-10-13 05:40:00+00:00,62889.44,62904.9105,62889.44,62904.9105,0.0,34.7533928571429,0.00021605538095239153
2024-10-13 05:45:00+00:00,62883.0,62883.0,62842.18,62864.69,0.0,38.40492857142869,0.00021605538095239153
2024-10-13 05:50:00+00:00,62840.04,62855.5695,62834.381,62847.0805,0.0,36.961500000000214,0.00021605538095239153
2024-10-13 05:55:00+00:00,62849.617,62862.1615,62839.464,62853.25,0.0,36.07350000000016,0.00021605538095239153
2024-10-13 06:00:00+00:00,62872.115,62892.344,62861.708,62892.344,0.0,35.25342857142875,0.00021605538095239153
2024-10-13 06:05:00+00:00,62890.7455,62897.4135,62883.265,62891.465,0.0,33.75917857142901,0.00021605538095239153
2024-10-13 06:10:00+00:00,62901.525,62936.0045,62901.525,62936.0045,0.0,34.807571428572246,0.0
2024-10-13 06:15:00+00:00,62959.002,62973.413,62914.92,62914.92,0.0,36.22053571428686,0.0
2024-10-13 06:20:00+00:00,62922.1635,62922.1635,62845.147,62878.327,0.0,40.23935714285835,0.0
2024-10-13 06:25:00+00:00,62865.475,62876.36,62856.6135,62876.36,0.0,39.582642857143846,0.0
2024-10-13 06:30:00+00:00,62867.155,62903.79,62852.95,62903.79,0.0,38.4738928571439,0.0
2024-10-13 06:35:00+00:00,62908.165,62934.196,62896.816,62921.3705,0.0,39.10317857142997,0.0
2024-10-13 06:40:00+00:00,62915.85,62921.25,62896.7405,62896.7405,0.0,37.685964285715144,0.0
2024-10-13 06:45:00+00:00,62896.1,62924.55,62893.1865,62897.28,0.0,37.88757142857243,0.0
2024-10-13 06:50:00+00:00,62919.7305,62922.98,62887.648,62887.648,0.0,39.306250000001455,0.0
2024-10-13 06:55:00+00:00,62896.685,62898.3385,62854.1855,62864.46,0.0,37.97928571428721,0.0
2024-10-13 07:00:00+00:00,62876.55,62919.171,62871.585,62919.171,0.0,39.722285714287345,0.0
2024-10-13 07:05:00+00:00,62904.101,62904.101,62806.5925,62806.5925,0.0,46.14235714285886,0.0
2024-10-13 07:10:00+00:00,62796.533,62799.96,62775.4745,62777.8765,0.0,45.57264285714492,0.0
2024-10-13 07:15:00+00:00,62749.544,62757.6,62725.89,62757.6,0.0,48.27535714285893,0.0
2024-10-13 07:20:00+00:00,62723.448,62760.55,62723.448,62760.55,0.0,47.74410714285893,0.0
2024-10-13 07:25:00+00:00,62745.725,62779.0435,62745.725,62769.133,0.0,45.94592857143029,0.0
2024-10-13 07:30:00+00:00,62767.05,62789.735,62758.337,62770.24,0.0,42.687464285715706,0.0
2024-10-13 07:35:00+00:00,62778.9075,62793.196,62748.0,62771.05,0.001666305,44.36478571428753,7.934785714286772e-05
2024-10-13 07:40:00+00:00,62794.093,62794.093,62746.945,62746.945,0.0,44.10107142857305,7.934785714286772e-05
2024-10-13 07:45:00+00:00,62740.0915,62740.0915,62740.0915,62740.0915,0.0,41.92060714285825,7.934785714286772e-05
2024-10-13 07:50:00+00:00,62744.01,62819.315,62723.0045,62819.315,0.0,47.04064285714412,7.934785714286772e-05
2024-10-13 07:55:00+00:00,62841.232,62841.232,62815.999,62815.999,0.0,46.602750000001315,7.934785714286772e-05
2024-10-13 08:00:00+00:00,62848.36,62848.36,62818.7525,62831.54,0.0,46.39053571428667,7.934785714286772e-05
2024-10-13 08:05:00+00:00,62824.85,62894.155,62824.85,62882.527,0.0,48.18710714285823,7.934785714286772e-05
2024-10-13 08:10:00+00:00,62867.15,62898.05,62867.15,62892.65,0.0,46.48632142857241,7.934785714286772e-05
2024-10-13 08:15:00+00:00,62899.31,62945.17,62892.354,62920.615,0.0,42.2175714285721,7.934785714286772e-05
2024-10-13 08:20:00+00:00,62947.804,62947.804,62899.3685,62899.3685,0.0,43.454535714286195,7.934785714286772e-05
2024-10-13 08:25:00+00:00,62890.09,62894.0135,62883.43,62892.5985,0.0,40.879678571428876,7.934785714286772e-05
2024-10-13 08:30:00+00:00,62903.665,62903.665,62853.3445,62857.205,0.0,41.823857142857115,7.934785714286772e-05
2024-10-13 08:35:00+00:00,62867.685,62938.2725,62864.89,62865.01,0.0,45.2344999999997,7.934785714286772e-05
2024-10-13 08:40:00+00:00,62852.16,62861.171,62813.52,62829.6685,0.0,46.669642857142854,7.934785714286772e-05
2024-10-13 08:45:00+00:00,62844.7025,62861.264,62824.025,62824.025,0.0,46.10128571428556,7.934785714286772e-05
2024-10-13 08:50:00+00:00,62810.6405,62816.28,62794.25,62803.403,0.0,44.86035714285702,7.934785714286772e-05
2024-10-13 08:55:00+00:00,62798.014,62807.15,62781.7755,62807.1,0.0,46.18328571428564,7.934785714286772e-05
2024-10-13 09:00:00+00:00,62795.9965,62821.157,62793.523,62821.157,0.0,41.27782142857125,7.934785714286772e-05
2024-10-13 09:05:00+00:00,62818.641,62840.1625,62815.5465,62830.5285,0.0,41.23374999999994,7.934785714286772e-05
2024-10-13 09:10:00+00:00,62838.156,62838.156,62781.568,62789.926,0.0,42.96425000000038,7.934785714286772e-05
2024-10-13 09:15:00+00:00,62808.165,62817.257,62781.22,62798.1835,0.0,40.587964285714406,7.934785714286772e-05
2024-10-13 09:20:00+00:00,62785.094,62795.36,62773.217,62795.36,0.0,40.164142857143034,0.0
2024-10-13 09:25:00+00:00,62773.37,62800.17,62746.601,62791.85,0.0,40.21792857142854,0.0
2024-10-13 09:30:00+00:00,62795.185,62796.145,62762.7195,62767.297,0.0,39.14578571428553,0.0
2024-10-13 09:35:00+00:00,62807.35,62808.7125,62762.1,62791.6955,0.001919788,41.33678571428599,9.141847619048677e-05
2024-10-13 09:40:00+00:00,62800.809,62817.29,62768.725,62817.29,0.0,41.211392857143174,9.141847619048677e-05
2024-10-13 09:45:00+00:00,62812.1,62826.8,62800.76,62811.03,0.0,37.28085714285771,9.141847619048677e-05
2024-10-13 09:50:00+00:00,62827.95,62864.53,62826.4,62856.965,0.0,37.42442857142877,9.141847619048677e-05
2024-10-13 09:55:00+00:00,62854.913,62856.248,62805.725,62825.21,0.0,38.42449999999995,9.141847619048677e-05
2024-10-13 10:00:00+00:00,62795.75,62801.22,62763.6655,62770.615,0.0,40.69374999999958,9.141847619048677e-05
2024-10-13 10:05:00+00:00,62781.575,62796.85,62761.65,62774.225,0.0,41.39557142857094,9.141847619048677e-05
2024-10-13 10:10:00+00:00,62757.3245,62766.488,62740.773,62740.773,0.0,41.81114285714232,9.141847619048677e-05
2024-10-13 10:15:00+00:00,62766.95,62772.51,62751.6905,62764.5055,0.0,42.31978571428512,9.141847619048677e-05
2024-10-13 10:20:00+00:00,62781.3225,62808.175,62781.3225,62804.893,0.0,41.39703571428514,9.141847619048677e-05
2024-10-13 10:25:00+00:00,62787.889,62819.4015,62786.288,62793.235,0.0,41.18821428571391,9.141847619048677e-05
2024-10-13 10:30:00+00:00,62792.685,62795.1,62766.935,62783.0795,0.0,41.4166785714281,9.141847619048677e-05
2024-10-13 10:35:00+00:00,62786.0315,62790.64,62730.63,62790.64,0.001924648,41.876749999999966,0.0001830683809523915
2024-10-13 10:40:00+00:00,62770.22,62770.22,62736.54,62751.942,0.0,43.35350000000004,0.0001830683809523915
2024-10-13 10:45:00+00:00,62726.054,62757.436,62720.0,62757.436,0.0,42.69803571428565,0.0001830683809523915
2024-10-13 10:50:00+00:00,62728.6575,62734.2955,62727.665,62734.2955,0.0,41.35560714285696,0.0001830683809523915
2024-10-13 10:55:00+00:00,62713.07,62713.07,62684.157,62696.6395,0.0,43.07692857142839,0.0001830683809523915
2024-10-13 11:00:00+00:00,62715.59,62748.5165,62715.59,62748.5165,0.0,42.96099999999985,0.0001830683809523915
2024-10-13 11:05:00+00:00,62766.7695,62766.7695,62766.7695,62766.7695,0.0,40.60478571428602,0.0001830683809523915
2024-10-13 11:10:00+00:00,62743.025,62743.025,62676.5845,62676.5845,0.0,42.650535714286626,0.0001830683809523915
2024-10-13 11:15:00+00:00,62702.34,62702.34,62680.7915,62680.7915,0.0,41.97592857142964,0.0001830683809523915
2024-10-13 11:20:00+00:00,62682.9785,62682.9785,62654.205,62654.205,0.0,41.64175000000095,9.164990476191533e-05
2024-10-13 11:25:00+00:00,62614.9,62614.9,62607.415,62607.415,0.0,42.71696428571522,9.164990476191533e-05
2024-10-13 11:30:00+00:00,62632.825,62669.1845,62632.825,62640.87,0.0,44.00982142857226,9.164990476191533e-05
2024-10-13 11:35:00+00:00,62604.5,62638.612,62604.5,62638.612,0.001848022,44.24242857142963,0.00017965095238096294
2024-10-13 11:40:00+00:00,62599.885,62599.885,62559.8231848635,62559.8231848635,0.0,47.85841536689414,0.00017965095238096294
2024-10-13 11:45:00+00:00,62585.22,62585.22,62585.22,62585.22,0.0,45.38604501950145,0.00017965095238096294
2024-10-13 11:50:00+00:00,62574.3355,62592.188,62556.8,62592.188,0.004207629,44.049473590930056,0.0003800142380952487
2024-10-13 11:55:00+00:00,62607.2345,62607.2345,62543.3086848635,62543.3086848635,0.0,45.94160324353704,0.0003800142380952487
2024-10-13 12:00:00+00:00,62579.665,62580.279,62579.665,62580.279,0.0,46.45584003900149,0.0003800142380952487
2024-10-13 12:05:00+00:00,62603.7855,62620.9835,62603.7855,62620.9835,0.0,45.781982896144264,0.0003800142380952487
2024-10-13 12:10:00+00:00,62629.959,62648.6,62623.37,62643.3465,0.0,44.04909003900112,0.0003800142380952487
2024-10-13 12:15:00+00:00,62616.3595,62646.952,62606.724,62646.952,0.0,45.61873289614336,0.0003800142380952487
2024-10-13 12:20:00+00:00,62656.685,62695.125,62656.685,62695.125,0.0,42.61787575328604,0.0002883643333333439
2024-10-13 12:25:00+00:00,62668.85,62680.643,62668.85,62680.643,0.0,42.65498289614334,0.0002883643333333439
2024-10-13 12:30:00+00:00,62713.24,62713.24,62660.1175,62660.1175,0.0,44.39419718185776,0.0002883643333333439
2024-10-13 12:35:00+00:00,62633.467,62633.467,62572.59,62600.925,0.001940504,47.3040186104294,0.0003807692857142963
2024-10-13 12:40:00+00:00,62641.8455,62692.714,62598.415,62692.714,0.0,49.62755432471489,0.0003807692857142963
2024-10-13 12:45:00+00:00,62704.45,62704.45,62704.45,62704.45,0.0,47.867982896143076,0.0003807692857142963
2024-10-13 12:50:00+00:00,62703.15,62703.15,62663.0545,62663.0545,0.0,45.19703181496412,0.0003807692857142963
2024-10-13 12:55:00+00:00,62655.0885,62656.5845,62627.777,62656.5845,0.00016,45.90279501949927,0.00038838833333334393
2024-10-13 13:00:00+00:00,62650.055,62694.265,62650.055,62694.265,0.0,46.532937876642144,0.00038838833333334393
2024-10-13 13:05:00+00:00,62717.435,62741.6675,62717.435,62741.6675,0.0,45.352701081178175,0.00038838833333334393
2024-10-13 13:10:00+00:00,62717.675,62717.675,62696.025,62706.8135,0.0,45.97214285714238,0.00038838833333334393
2024-10-13 13:15:00+00:00,62693.763,62762.85,62693.763,62756.101,0.0,47.999464285713785,0.00038838833333334393
2024-10-13 13:20:00+00:00,62748.3305,62796.385,62748.3305,62774.4105,0.0,49.459321428571585,0.0003003872857142963
2024-10-13 13:25:00+00:00,62779.5615,62779.5615,62735.5045,62764.624,0.0,49.73282142857196,0.0003003872857142963
2024-10-13 13:30:00+00:00,62749.225,62760.5395,62703.4135,62716.95,0.0,50.66407142857185,0.0003003872857142963
2024-10-13 13:35:00+00:00,62718.65,62718.65,62660.8,62670.211,0.0,52.91942857142879,0.00010002400000001057
2024-10-13 13:40:00+00:00,62710.3225,62714.4,62684.025,62684.025,0.0,52.2813214285717,0.00010002400000001057
2024-10-13 13:45:00+00:00,62688.648,62724.766,62679.4065,62705.57,0.0,49.26932142857186,0.00010002400000001057
2024-10-13 13:50:00+00:00,62681.5,62698.445,62623.896,62629.4075,0.0,48.36753571428614,0.00010002400000001057
2024-10-13 13:55:00+00:00,62657.611,62657.8515,62608.893,62646.1,0.000621178,51.026285714286395,0.00012960390476191534
2024-10-13 14:00:00+00:00,62632.6,62632.6,62604.011,62604.011,0.0,51.07582142857219,0.00012960390476191534
2024-10-13 14:05:00+00:00,62561.5431848635,62603.52,62561.5431848635,62574.55,0.0,51.58941536689391,0.00012960390476191534
2024-10-13 14:10:00+00:00,62543.5586848635,62577.75,62543.5586848635,62549.3486848635,0.0,50.873795019501166,0.00012960390476191534
2024-10-13 14:15:00+00:00,62558.54,62573.6,62558.54,62573.6,0.0,49.2201389578222,0.00012960390476191534
2024-10-13 14:20:00+00:00,62576.484,62628.41,62576.484,62628.41,0.0,49.87496038639386,3.719895238096296e-05
2024-10-13 14:25:00+00:00,62610.46,62636.82,62603.225,62618.465,0.159588073,47.339817529251114,0.00763663100000001
2024-10-13 14:30:00+00:00,62627.982,62645.048,62547.4236848635,62551.0586848635,0.0,50.880518610429654,0.00763663100000001
2024-10-13 14:35:00+00:00,62541.2386848635,62541.2386848635,62479.805,62532.15,0.001497534,52.823138957822394,0.007707942142857153
2024-10-13 14:40:00+00:00,62518.165,62518.165,62482.4695,62482.4695,0.0,51.99956752925105,0.007700323095238106
2024-10-13 14:45:00+00:00,62459.6765,62459.6765,62321.15,62406.445,0.0,59.39024610067957,0.007700323095238106
2024-10-13 14:50:00+00:00,62371.005,62371.005,62233.0675,62233.0675,0.0,68.61799610067985,0.007700323095238106
2024-10-13 14:55:00+00:00,62277.325,62277.325,62201.0,62233.645,0.0,70.82981752925063,0.007700323095238106
2024-10-13 15:00:00+00:00,62200.365,62347.7,62200.365,62303.77,0.013972232,75.51988895782208,0.008365667476190487
2024-10-13 15:05:00+00:00,62319.14,62319.14,62319.14,62319.14,0.0,73.12071038639364,0.008365667476190487
2024-10-13 15:10:00+00:00,62293.5135,62313.537,62261.17,62261.17,0.0001,74.25506752925087,0.008370429380952392
2024-10-13 15:15:00+00:00,62224.465,62224.465,62129.716,62129.716,0.0,80.61122359092926,0.008370429380952392
2024-10-13 15:20:00+00:00,62180.3685,62205.26,62113.925,62113.925,0.0,84.69291536689343,0.008370429380952392
2024-10-13 15:25:00+00:00,62139.738,62139.738,62042.5855,62042.5855,0.0004,89.90014285714331,0.00838947700000001
2024-10-13 15:30:00+00:00,62073.7155,62140.3575,62073.7155,62108.1,0.0,92.96885714285703,0.00838947700000001
2024-10-13 15:35:00+00:00,62133.105,62154.65,62091.1,62154.65,0.00160194,95.10850000000002,0.008465759857142867
2024-10-13 15:40:00+00:00,62132.07,62132.07,62062.652,62097.475,0.0,94.70662034739247,0.008436179952380963
2024-10-13 15:45:00+00:00,62139.041,62286.9685,62139.041,62286.9685,0.0,103.15232142857141,0.008436179952380963
2024-10-13 15:50:00+00:00,62271.8455,62271.8455,62224.44,62260.775,0.0,104.07003571428557,0.008436179952380963
2024-10-13 15:55:00+00:00,62208.505,62208.505,62208.505,62208.505,0.0,96.28078571428601,0.008436179952380963
2024-10-13 16:00:00+00:00,62186.465,62222.25,62186.465,62222.25,0.004473157,86.45275000000038,0.00864918742857144
2024-10-13 16:05:00+00:00,62268.896,62301.0745,62248.301,62301.0745,0.0,86.63128571428648,0.00864918742857144
2024-10-13 16:10:00+00:00,62262.5315,62270.902,62229.176,62270.902,0.002,81.24296428571532,0.0011449934761904867
2024-10-13 16:15:00+00:00,62299.143,62436.13,62299.143,62436.13,0.0,91.94710714285767,0.0011449934761904867
2024-10-13 16:20:00+00:00,62405.98,62467.935,62405.98,62433.292,0.0,92.23175000000005,0.0010736823333333438
2024-10-13 16:25:00+00:00,62478.57,62478.57,62425.9015,62425.9015,0.0,86.60421428571446,0.0010736823333333438
2024-10-13 16:30:00+00:00,62461.175,62657.51,62461.175,62625.505,0.0,96.6237500000004,0.0010736823333333438
2024-10-13 16:35:00+00:00,62596.5015,62640.528,62545.602,62622.7675,0.001658583,96.46471428571489,0.0011526624761904866
2024-10-13 16:40:00+00:00,62648.544,62676.465,62624.382,62624.382,0.0,93.31653571428615,0.0011526624761904866
2024-10-13 16:45:00+00:00,62602.446,62602.446,62602.446,62602.446,0.0,90.34410714285696,0.0004873180952381058
2024-10-13 16:50:00+00:00,62608.8,62645.835,62608.8,62645.835,0.0,86.87203571428525,0.0004873180952381058
2024-10-13 16:55:00+00:00,62608.8865,62608.8865,62607.895,62607.895,0.0,76.04678571428511,0.0004825561904762011
2024-10-13 17:00:00+00:00,62636.48,62774.43,62606.7625,62748.96,0.0,83.55671428571388,0.0004825561904762011
2024-10-13 17:05:00+00:00,62703.647,62704.9655,62664.132,62704.9655,0.0,85.88228571428512,0.0004825561904762011
2024-10-13 17:10:00+00:00,62719.4,62797.35,62719.4,62794.9735,0.0,89.9251071428563,0.000463508571428582
2024-10-13 17:15:00+00:00,62821.585,62864.008,62750.641,62750.641,0.0,92.39242857142744,0.000463508571428582
2024-10-13 17:20:00+00:00,62722.997,62722.997,62687.535,62719.5,0.0,91.7643928571415,0.00038722571428572485
2024-10-13 17:30:00+00:00,62678.57,62678.57,62678.57,62678.57,0.0,82.88596428571327,0.00038722571428572485
2024-10-13 17:35:00+00:00,62703.492,62715.9,62620.2815,62620.2815,0.0,85.29049999999968,0.00038722571428572485
2024-10-13 17:40:00+00:00,62582.15,62582.15,62442.1005,62460.4565,0.0,94.25567857142804,0.00038722571428572485
2024-10-13 17:45:00+00:00,62484.66,62517.1625,62417.415,62517.1625,0.0,84.83703571428487,0.00038722571428572485
2024-10-13 17:50:00+00:00,62483.0485,62563.95,62483.0485,62563.95,0.0,83.8352857142849,0.00017421823809524867
2024-10-13 17:55:00+00:00,62533.069,62533.069,62476.393,62515.485,0.0,86.25382142857104,0.00017421823809524867
2024-10-13 18:00:00+00:00,62478.935,62478.935,62443.0005,62443.0005,0.0,89.86442857142849,7.898014285715343e-05
2024-10-13 18:05:00+00:00,62442.2415,62466.8995,62442.2415,62453.265,0.0,88.52650000000047,7.898014285715343e-05
2024-10-13 18:10:00+00:00,62442.9,62442.9,62304.195,62312.245,0.0,96.46435714285742,7.898014285715343e-05
2024-10-13 18:15:00+00:00,62342.4325,62467.659,62342.4325,62467.659,0.0,95.58910714285697,7.898014285715343e-05
2024-10-13 18:20:00+00:00,62447.475,62486.76,62447.475,62457.293,0.0,92.3360357142857,7.898014285715343e-05
2024-10-13 18:25:00+00:00,62496.385,62517.56,62491.525,62512.55,0.0,90.04192857142854,0.0
2024-10-13 18:30:00+00:00,62550.55,62620.275,62542.6765,62542.6765,0.0,89.63892857142855,0.0
2024-10-13 18:35:00+00:00,62523.115,62523.115,62398.65,62412.425,0.0,95.41896428571428,0.0
2024-10-13 18:40:00+00:00,62375.585,62421.0655,62360.035,62360.035,0.0,96.8547142857138,0.0
2024-10-13 18:45:00+00:00,62394.745,62394.745,62394.745,62394.745,0.0,92.50410714285628,0.0
2024-10-13 18:50:00+00:00,62422.03,62434.8855,62422.03,62433.985,0.0,82.64407142857037,0.0
2024-10-13 18:55:00+00:00,62410.75,62410.75,62410.75,62410.75,0.0,77.17889285714202,0.0
2024-10-13 19:00:00+00:00,62438.35,62472.657,62438.35,62472.657,0.0,75.82214285714197,0.0
2024-10-13 19:05:00+00:00,62489.615,62550.46,62489.615,62547.5,0.0,75.12542857142762,0.0
2024-10-13 19:10:00+00:00,62567.0515,62567.0515,62479.3285,62479.3285,0.0,76.21389285714187,0.0
2024-10-13 19:15:00+00:00,62513.25,62513.25,62478.399,62478.399,0.0,76.94196428571324,0.0
2024-10-13 19:20:00+00:00,62529.505,62551.45,62529.505,62551.45,0.0,71.51203571428466,0.0
2024-10-13 19:25:00+00:00,62568.65,62568.7165,62565.0435,62568.7165,0.0,61.64435714285667,0.0
2024-10-13 19:30:00+00:00,62596.883,62626.9885,62596.883,62626.9885,0.0,63.0005714285705,0.0
2024-10-13 19:35:00+00:00,62660.535,62705.3445,62659.412,62691.8,0.0,64.29264285714193,0.0
2024-10-13 19:40:00+00:00,62648.64,62660.235,62648.64,62660.235,0.0,59.68085714285657,0.0
2024-10-13 19:45:00+00:00,62619.8505,62642.444,62619.8505,62642.444,0.0,52.27785714285658,0.0
2024-10-13 19:50:00+00:00,62603.7,62728.8,62603.7,62699.7465,0.001095682,56.85425000000032,5.2175333333343906e-05
2024-10-13 19:55:00+00:00,62721.896,62721.896,62702.775,62719.678,0.0,55.95707142857178,5.2175333333343906e-05
2024-10-13 20:00:00+00:00,62681.56,62699.02,62645.905,62645.905,0.004588369,58.3593928571437,0.0002706690952381058
2024-10-13 20:05:00+00:00,62662.05,62667.5,62662.05,62667.5,0.0,58.24225000000089,0.0002706690952381058
2024-10-13 20:10:00+00:00,62659.8765,62659.8765,62605.4795,62605.4795,0.0,58.25035714285799,0.0002706690952381058
2024-10-13 20:15:00+00:00,62639.1,62639.1,62616.593,62633.546,0.0,55.09446428571495,0.0002706690952381058
2024-10-13 20:20:00+00:00,62633.465,62666.818,62624.565,62666.818,0.0,51.84660714285773,0.0002706690952381058
2024-10-13 20:25:00+00:00,62614.1,62614.1,62605.56,62605.56,0.0,53.73282142857196,0.0002706690952381058
2024-10-13 20:30:00+00:00,62650.505,62650.505,62650.505,62650.505,0.0,51.72525000000054,0.0002706690952381058
2024-10-13 20:35:00+00:00,62606.635,62665.117,62606.635,62660.97,0.0,54.6692142857142,0.0002706690952381058
2024-10-13 20:40:00+00:00,62621.795,62659.595,62610.57,62610.57,0.0,54.10692857142879,0.0002706690952381058
2024-10-13 20:45:00+00:00,62610.9045,62636.4185,62610.9045,62628.0755,0.0,50.35639285714309,0.0002706690952381058
2024-10-13 20:50:00+00:00,62646.572,62686.905,62623.125,62671.365,0.000348471,51.8292499999999,0.000287262952380963
2024-10-13 20:55:00+00:00,62653.09,62758.175,62653.09,62758.175,0.0,56.45071428571464,0.000287262952380963
2024-10-13 21:00:00+00:00,62736.7,62758.175,62721.91,62721.91,0.00461837,50.10535714285704,0.000507185333333344
2024-10-13 21:05:00+00:00,62757.5515,62757.5515,62697.2585,62717.26,0.0,52.82989285714263,0.000507185333333344
2024-10-13 21:10:00+00:00,62756.4785,62756.4785,62690.4,62690.4,0.0,52.28028571428513,0.000507185333333344
2024-10-13 21:15:00+00:00,62722.357,62745.788,62722.357,62745.788,0.0,54.69407142857069,0.000507185333333344
2024-10-13 21:20:00+00:00,62743.24,62856.71,62743.24,62856.71,0.0,58.36903571428515,0.000507185333333344
2024-10-13 21:25:00+00:00,62871.975,62871.975,62829.905,62844.558,0.0,58.97257142857104,0.000507185333333344
2024-10-13 21:30:00+00:00,62868.765,62986.895,62868.765,62954.8,0.0,66.12142857142837,0.000507185333333344
2024-10-13 21:35:00+00:00,62910.931,62944.65,62883.829,62910.45,0.0,66.81521428571432,0.00045501000000001057
2024-10-13 21:40:00+00:00,62904.41,62904.41,62860.203,62860.203,0.0,67.19392857142832,0.00045501000000001057
2024-10-13 21:45:00+00:00,62828.333,62838.6825,62815.613,62815.613,0.0,66.20164285714314,0.0002365162380952487
2024-10-13 21:50:00+00:00,62796.735,62942.2225,62796.735,62942.2225,0.0,72.99360714285753,0.0002365162380952487
2024-10-13 21:55:00+00:00,62911.92,62911.92,62870.8015,62870.9625,0.0,76.24878571428624,0.0002365162380952487
2024-10-13 22:00:00+00:00,62910.836,63080.715,62910.836,63080.715,0.0,86.67539285714312,0.0002365162380952487
2024-10-13 22:05:00+00:00,63051.6995,63078.174,62952.98,62986.61,0.0,88.29324999999933,0.0002365162380952487
2024-10-13 22:10:00+00:00,62941.595,63018.465,62915.2155,62983.32,0.0,93.07785714285637,0.0002365162380952487
2024-10-13 22:15:00+00:00,63014.5845,63014.5845,62912.101,62948.022,0.0,96.0914642857133,0.0002365162380952487
2024-10-13 22:20:00+00:00,62967.6,62967.6,62909.6585,62915.5,0.0,95.51024999999936,0.0002365162380952487
2024-10-13 22:25:00+00:00,62887.405,62887.405,62753.12,62753.12,0.0,103.15253571428495,0.0002365162380952487
2024-10-13 22:30:00+00:00,62791.1875,62791.1875,62732.335,62747.6345,0.0,99.25128571428493,0.0002365162380952487
2024-10-13 22:35:00+00:00,62791.13,62834.95,62761.375,62834.95,0.0,102.48310714285617,0.00021992238095239154
2024-10-13 22:40:00+00:00,62858.2615,62858.2615,62765.9,62805.162,0.0001,98.91342857142756,0.0002246842857142963
2024-10-13 22:45:00+00:00,62769.75,62818.745,62769.75,62818.745,0.0,97.3437142857131,4.761904761915336e-06
2024-10-13 22:50:00+00:00,62766.844,62766.844,62766.844,62766.844,0.0,97.46185714285664,4.761904761915336e-06
2024-10-13 22:55:00+00:00,62743.95,62807.75,62743.95,62807.75,0.0,98.83399999999945,4.761904761915336e-06
2024-10-13 23:00:00+00:00,62771.35,62771.35,62738.8035,62738.8035,0.0,93.36678571428482,4.761904761915336e-06
2024-10-13 23:05:00+00:00,62696.2895,62699.2,62677.76,62677.76,0.0,92.62553571428465,4.761904761915336e-06
2024-10-13 23:10:00+00:00,62678.95,62678.95,62678.95,62678.95,0.0,77.72821428571322,4.761904761915336e-06
2024-10-13 23:15:00+00:00,62685.167,62688.205,62638.0495,62638.0495,0.0,72.1868214285709,4.761904761915336e-06
2024-10-13 23:20:00+00:00,62667.6225,62704.525,62652.295,62704.525,0.0,69.56010714285678,4.761904761915336e-06
2024-10-13 23:25:00+00:00,62659.896,62688.9,62659.896,62668.935,0.0,65.42764285714293,4.761904761915336e-06
2024-10-13 23:30:00+00:00,62694.3455,62723.821,62694.3455,62723.821,0.0,65.20939285714329,4.761904761915336e-06
2024-10-13 23:35:00+00:00,62752.9735,62758.9135,62691.79,62742.5445,0.001399184,58.40535714285787,7.138971428572486e-05
2024-10-13 23:40:00+00:00,62770.9585,62806.672,62770.9585,62806.672,0.0,58.78214285714317,7.138971428572486e-05
2024-10-13 23:45:00+00:00,62826.775,62826.775,62802.95,62802.95,0.0,54.247107142857985,7.138971428572486e-05
2024-10-13 23:50:00+00:00,62778.7,62848.2425,62778.7,62848.2425,0.0,52.617178571429704,7.138971428572486e-05
2024-10-13 23:55:00+00:00,62819.916,62859.863,62819.916,62859.863,1.6e-07,51.97089285714382,7.13973333333439e-05
2024-10-14 00:00:00+00:00,62837.3725,62868.921,62796.6445,62796.6445,0.0,53.42628571428629,7.13973333333439e-05
2024-10-14 00:05:00+00:00,62774.8,62793.532,62734.544,62734.544,0.0,53.30489285714326,7.13973333333439e-05
2024-10-14 00:10:00+00:00,62705.3605,62705.3605,62703.155,62703.155,0.0,50.62221428571502,7.13973333333439e-05
2024-10-14 00:15:00+00:00,62717.72,62717.72,62531.615,62606.655,0.0,59.55517857142955,7.13973333333439e-05
2024-10-14 00:20:00+00:00,62645.9825,62645.9825,62645.9825,62645.9825,0.0,62.279285714287006,7.13973333333439e-05
2024-10-14 00:25:00+00:00,62668.5,62677.95,62668.5,62677.95,0.0,60.98014285714401,6.663542857143914e-05
2024-10-14 00:30:00+00:00,62648.845,62670.4375,62588.662,62670.4375,0.0,62.609607142858295,6.663542857143914e-05
2024-10-14 00:35:00+00:00,62653.425,62653.425,62624.6,62638.912,0.001479203,62.69592857142977,0.00013707366666667722
2024-10-14 00:40:00+00:00,62610.94,62610.94,62569.966,62569.966,0.0,63.7002142857148,0.00013707366666667722
2024-10-14 00:45:00+00:00,62532.18,62532.18,62451.624,62451.624,0.0,67.35867857142875,0.00013707366666667722
2024-10-14 00:50:00+00:00,62500.1845,62532.23,62500.1845,62500.77,0.0,68.5357142857148,0.00013707366666667722
2024-10-14 00:55:00+00:00,62522.516,62553.6295,62513.23,62527.98,0.0,70.60960714285777,0.00013707366666667722
2024-10-14 01:00:00+00:00,62498.9485,62557.815,62498.9485,62557.815,0.0,69.84703571428638,0.00013707366666667722
2024-10-14 01:05:00+00:00,62518.3165,62595.22,62518.3165,62524.495,0.0,72.4867857142864,0.00013707366666667722
2024-10-14 01:10:00+00:00,62547.268,62650.51,62547.268,62650.51,0.0,76.32525000000065,0.00013707366666667722
2024-10-14 01:15:00+00:00,62616.45,62659.425,62616.45,62659.425,0.0,74.95914285714389,0.00013707366666667722
2024-10-14 01:20:00+00:00,62670.421,62802.02,62670.421,62741.17,1.6e-07,82.90242857142896,7.045347619048675e-05
2024-10-14 01:25:00+00:00,62759.0485,62759.0485,62759.0485,62759.0485,0.0,70.88625000000009,7.045347619048675e-05
2024-10-14 01:30:00+00:00,62734.675,62761.755,62695.3015,62743.992,0.0,72.82382142857126,7.045347619048675e-05
2024-10-14 01:35:00+00:00,62716.154,62743.992,62716.154,62729.6565,0.001570678,72.52885714285678,0.00014524766666667723
2024-10-14 01:40:00+00:00,62689.6495,62689.6495,62663.919,62663.919,0.0,70.84667857142787,0.00014524004761905818
2024-10-14 01:45:00+00:00,62629.45,62629.45,62629.45,62629.45,0.0,70.03464285714237,0.00014524004761905818
2024-10-14 01:50:00+00:00,62584.295,62584.295,62521.668,62554.8845,0.0,72.80864285714259,0.00014524004761905818
2024-10-14 01:55:00+00:00,62595.0885,62609.368,62575.755,62609.368,0.0,68.24732142857154,0.00014524004761905818
2024-10-14 02:00:00+00:00,62573.7335,62573.7335,62487.5845,62487.5845,0.0,71.1885714285719,0.00014524004761905818
2024-10-14 02:05:00+00:00,62517.2995,62539.64,62517.2995,62539.64,0.0,71.13114285714308,0.00014524004761905818
2024-10-14 02:15:00+00:00,62565.4055,62617.3555,62565.4055,62579.9,0.0,72.47749999999984,0.00014524004761905818
2024-10-14 02:20:00+00:00,62543.28,62614.5415,62543.28,62581.359,0.0,72.07449999999984,0.00014524004761905818
2024-10-14 02:25:00+00:00,62545.49,62572.05,62545.49,62558.8755,0.0,65.6354999999998,7.480180952382009e-05
2024-10-14 02:30:00+00:00,62580.715,62580.715,62548.4,62548.4,0.0,64.87407142857046,7.480180952382009e-05
2024-10-14 02:35:00+00:00,62524.4,62578.8745,62524.4,62578.8745,0.001496207,58.57974999999923,0.0001460497619047725
2024-10-14 02:40:00+00:00,62621.415,62621.415,62562.7,62579.914,0.0,61.49664285714243,0.0001460497619047725
2024-10-14 02:45:00+00:00,62539.7895,62539.7895,62539.7895,62539.7895,0.0,59.61599999999972,0.0001460497619047725
2024-10-14 02:50:00+00:00,62523.3745,62559.549,62523.3745,62559.549,0.0,60.211464285714364,0.0001460497619047725
2024-10-14 02:55:00+00:00,62577.146,62579.773,62548.9565,62579.773,0.0,57.717107142857586,0.0001460497619047725
2024-10-14 03:00:00+00:00,62618.75,62653.6,62618.75,62644.8895,0.0,60.5283928571428,0.0001460497619047725
2024-10-14 03:05:00+00:00,62648.5045,62648.5045,62648.5045,62648.5045,0.0,53.087892857143224,0.0001460497619047725
2024-10-14 03:10:00+00:00,62678.91,62705.295,62667.3655,62705.295,0.0,53.25267857142847,0.00014604214285715344
2024-10-14 03:15:00+00:00,62739.605,62865.78,62739.605,62835.45,0.0,56.01707142857101,0.00014604214285715344
2024-10-14 03:20:00+00:00,62808.03,63038.775,62808.03,63002.395,0.0,68.78060714285675,0.00014604214285715344
2024-10-14 03:25:00+00:00,63016.8855,63320.765,63016.8855,63320.765,0.003681848,85.97021428571419,0.00024657404761905817
2024-10-14 03:30:00+00:00,63295.355,63556.455,63174.832,63556.455,0.059305309,108.1388928571427,0.0030706363809523914
2024-10-14 03:35:00+00:00,63528.0275,63843.0975,63528.0275,63820.219,0.019514214,128.08182142857186,0.003999884666666677
2024-10-14 03:40:00+00:00,63852.75,64101.45,63826.09,63995.8825,0.010048743,145.86153571428648,0.004478396238095249
2024-10-14 03:45:00+00:00,64020.65,64096.37,63881.915,64096.37,0.016351406,157.28871428571543,0.00525703461904763
2024-10-14 03:50:00+00:00,64122.7995,64149.175,64013.165,64052.7395,0.003628269,162.80978571428673,0.005429809333333344
2024-10-14 03:55:00+00:00,64078.22,64301.725,64078.22,64261.635,1.0,177.72842857142936,0.053048856952380964
2024-10-14 04:00:00+00:00,64279.95,64483.62720403,64279.95,64327.19,0.07407504,191.00112171642937,0.05657623980952383
2024-10-14 04:05:00+00:00,64352.5795,64381.35,64129.9,64129.9,0.00360722,206.76065743071482,0.056748012190476205
2024-10-14 04:10:00+00:00,64165.33,64293.8395,64165.33,64177.5265,0.003601809,213.19726457357214,0.05691952690476192
2024-10-14 04:15:00+00:00,64150.371,64157.14,64071.99,64128.215,0.00160359,220.47737171642908,0.05699588833333335
2024-10-14 04:20:00+00:00,64151.685,64290.915,64151.685,64248.56,0.004362664,228.04233600214397,0.0571323862857143
2024-10-14 04:25:00+00:00,64215.715,64215.715,64145.085,64145.085,0.0,223.970193145001,0.0571323862857143
2024-10-14 04:30:00+00:00,64188.3585,64298.65,64163.1,64298.65,0.0,218.45733600214382,0.0571323862857143
2024-10-14 04:35:00+00:00,64333.6425,64363.98,64297.4775,64297.4775,0.0,200.4668002878581,0.0571323862857143
2024-10-14 04:40:00+00:00,64268.587,64268.587,64244.6685,64260.18,0.0,176.9800860021439,0.0571323862857143
2024-10-14 04:45:00+00:00,64239.682,64266.08,64233.735,64233.735,0.0,156.78544314500064,0.0571323862857143
2024-10-14 04:50:00+00:00,64265.3,64282.65,64145.821,64145.821,0.0,146.47101457357192,0.0571323862857143
2024-10-14 04:55:00+00:00,64134.4875,64137.6465,64121.398,64121.398,0.0,132.8973002878577,0.0571323862857143
2024-10-14 05:00:00+00:00,64135.121,64143.588,64128.193,64128.193,0.0,124.76730028785771,0.0571323862857143
2024-10-14 05:05:00+00:00,64119.088,64119.088,63938.4775,63963.943,0.00359992,120.53372885928651,0.057303811047619065
2024-10-14 05:10:00+00:00,64009.1,64044.15,63932.5275,63932.5275,0.0,112.65017857142968,0.057128484952380966
2024-10-14 05:15:00+00:00,63906.35,63972.825,63874.7185,63930.15,0.0,101.69707142857234,0.05430442261904763
2024-10-14 05:20:00+00:00,63896.4685,63968.6315,63896.4685,63929.13,0.0,95.14160714285806,0.05337517433333335
2024-10-14 05:25:00+00:00,63896.4765,63896.4765,63885.115,63885.115,0.0,90.74721428571502,0.05289666276190478
2024-10-14 05:30:00+00:00,63853.035,63853.035,63853.035,63853.035,0.0,81.41721428571431,0.052118024380952394
2024-10-14 05:35:00+00:00,63829.125,63829.125,63753.3905,63791.085,0.0,81.14360714285742,0.05194524966666668
2024-10-14 05:40:00+00:00,63830.7855,63911.69,63830.7855,63911.69,0.0,78.78932142857177,0.0043262020476190636
2024-10-14 05:45:00+00:00,63899.4495,63899.4495,63899.4495,63899.4495,0.0,74.91346428571445,0.0007988191904762063
2024-10-14 05:50:00+00:00,63870.2,63895.7395,63827.375,63895.7395,0.0,76.28957142857169,0.0006270468095238254
2024-10-14 05:55:00+00:00,63898.6,63920.8535,63898.6,63914.94,0.0,75.77307142857119,0.00045553209523811105
2024-10-14 06:00:00+00:00,63861.2615,63898.915,63861.2615,63874.75,0.0,69.83375000000004,0.00037917066666668243
2024-10-14 06:05:00+00:00,63873.43,63873.43,63824.975,63824.975,0.0,71.64460714285711,0.00017142476190477776
2024-10-14 06:10:00+00:00,63799.55,63848.1075,63779.285,63823.025,0.000644593,74.97549999999943,0.00020211966666668253
2024-10-14 06:15:00+00:00,63842.105,63893.855,63842.105,63893.855,0.00359452,66.48367857142823,0.0003732872857143016
2024-10-14 06:20:00+00:00,63885.045,63900.688,63873.266,63900.688,0.0,60.46935714285636,0.0003732872857143016
2024-10-14 06:25:00+00:00,63929.15,64142.894,63929.15,64112.712,0.000121707,70.76217857142807,0.00037908285714287305
2024-10-14 06:30:00+00:00,64074.36,64074.36,63980.754,63995.75,0.000383281,75.03324999999937,0.0003973343333333492
2024-10-14 06:35:00+00:00,63957.3,64174.1885,63957.3,64148.811,0.000672916,87.3813571428561,0.0004293779523809682
2024-10-14 06:40:00+00:00,64120.4805,64120.4805,64064.31,64095.18,3.34e-06,91.12571428571391,0.00042953700000001585
2024-10-14 06:50:00+00:00,64117.515,64167.8795,64097.625,64124.46,3.27e-06,89.20107142857107,0.00042969271428573014
2024-10-14 06:55:00+00:00,64098.573,64100.85,64079.115,64083.26,0.0,83.82535714285665,0.00025826795238096826
2024-10-14 07:00:00+00:00,64079.0,64079.0,64024.0825,64058.6055,0.008758294,87.17799999999988,0.0006753295714285873
2024-10-14 07:05:00+00:00,64081.9375,64093.333,64007.5825,64007.5825,0.00195234,88.15485714285698,0.0007682981428571588
2024-10-14 07:10:00+00:00,64036.0,64109.815,64035.357,64109.815,0.0,93.66332142857209,0.0007682981428571588
2024-10-14 07:15:00+00:00,64063.272,64063.272,64044.6945,64044.6945,0.0,94.480607142858,0.0007682981428571588
2024-10-14 07:20:00+00:00,64076.6805,64133.17,64069.6155,64069.6155,0.003556996,97.24492857142936,0.0009376789047619206
2024-10-14 07:25:00+00:00,64048.461,64098.065,64048.461,64061.455,0.036050308,95.87217857142969,0.002654360238095254
2024-10-14 07:30:00+00:00,64053.21,64275.081,64053.21,64168.773,0.0,106.66082142857236,0.002654360238095254
2024-10-14 07:35:00+00:00,64151.4175,64232.0255,64151.4175,64195.3575,0.0016,110.45982142857247,0.0027305507142857304
2024-10-14 07:40:00+00:00,64227.145,64313.2575,64209.352,64296.17,0.0,101.58082142857269,0.0027305507142857304
2024-10-14 07:45:00+00:00,64261.522,64431.095,64189.9,64431.095,0.001593475,109.38346428571562,0.0028064304761904924
2024-10-14 07:50:00+00:00,64460.565602015,64618.1493526445,64455.725,64568.6675,0.176263923,107.25245376032295,0.011199950619047635
2024-10-14 07:55:00+00:00,64606.4725,64625.9,64537.57,64573.8985,0.0825,107.52595376032279,0.015128522047619063
2024-10-14 08:00:00+00:00,64599.957,64825.287,64591.195,64596.561,1.703004097,120.28945376032217,0.09619326033333334
2024-10-14 08:05:00+00:00,64591.2,64591.2,64521.222,64539.12,0.00352143,122.43188233175066,0.09618977985714287
2024-10-14 08:10:00+00:00,64508.67,64508.67,64465.0195,64465.0195,0.0,123.49781090317889,0.09618977985714287
2024-10-14 08:15:00+00:00,64431.85,64561.4,64408.075,64561.4,0.00351409,128.32456090317905,0.09635132190476192
2024-10-14 08:20:00+00:00,64582.8315,64663.75,64582.8315,64625.225,0.0,128.33295376032143,0.09633307042857145
2024-10-14 08:25:00+00:00,64594.8585,64594.8585,64555.271,64579.605,0.001801635,128.67820376032094,0.09638681895238096
2024-10-14 08:30:00+00:00,64582.5905,64582.5905,64527.5,64547.974,0.00349778,126.29356090317795,0.09655322085714287
2024-10-14 08:35:00+00:00,64517.456,64558.94,64378.0545,64395.0,0.010454827,135.67081090317828,0.09705091404761908
2024-10-14 08:40:00+00:00,64399.275,64434.75,64399.275,64432.174,0.0,122.66216804603548,0.09705091404761908
2024-10-14 08:45:00+00:00,64438.169,64438.2375,64400.2305,64400.2305,0.0,119.61923947460726,0.09663385242857145
2024-10-14 08:50:00+00:00,64440.2655,64440.2655,64404.981,64423.1,0.0424,114.05745376032168,0.0985599314761905
2024-10-14 08:55:00+00:00,64405.0,64405.0,64343.1,64384.665,0.02902611,102.54352518889313,0.09994212719047622
2024-10-14 09:00:00+00:00,64427.428,64427.428,64388.695,64388.695,0.0,92.23700000000046,0.09994212719047622
2024-10-14 09:05:00+00:00,64424.265,64451.34,64374.785,64374.785,0.0,91.39592857142841,0.09977274642857147
2024-10-14 09:10:00+00:00,64362.285,64461.397,64330.8805,64432.765,0.0,82.76221428571444,0.09805606509523812
2024-10-14 09:15:00+00:00,64474.1845,64631.895,64474.1845,64589.976,0.0,91.60442857142854,0.09805606509523812
2024-10-14 09:20:00+00:00,64606.995,64606.995,64571.633,64571.633,0.0,88.83739285714286,0.09797987461904764
2024-10-14 09:25:00+00:00,64585.334,64585.334,64544.807,64544.807,0.0,80.78039285714269,0.09797987461904764
2024-10-14 09:30:00+00:00,64552.967,64619.995,64552.967,64582.1,0.0,78.84025000000007,0.09790399485714288
2024-10-14 09:35:00+00:00,64583.95,64680.0135,64583.95,64680.0135,0.0,80.83735714285753,0.08951047471428573
2024-10-14 09:40:00+00:00,64640.0135,64707.537,64609.564,64707.537,0.020047357,83.90039285714322,0.08653653933333336
2024-10-14 09:45:00+00:00,64770.4695,64776.1045,64770.4695,64776.1045,0.0,75.87767857142899,0.005441106142857164
2024-10-14 09:50:00+00:00,64744.1725,64795.925,64704.553,64795.925,0.0,79.56496428571492,0.0052734190000000205
2024-10-14 09:55:00+00:00,64844.215,64844.215,64768.573,64793.7515,0.0,82.25317857142883,0.0052734190000000205
2024-10-14 10:00:00+00:00,64829.24,64829.24,64782.35,64782.35,0.0,82.74282142857139,0.005106081380952402
2024-10-14 10:05:00+00:00,64744.6,64744.6,64691.62,64718.085,0.0,83.50924999999968,0.005106081380952402
2024-10-14 10:10:00+00:00,64757.3225,64856.935,64738.515,64856.935,0.0,90.37260714285678,0.005020289238095259
2024-10-14 10:15:00+00:00,64885.978,64885.978,64812.2925,64831.11,0.0,90.16764285714297,0.004853728285714306
2024-10-14 10:20:00+00:00,64850.92,64947.445,64850.92,64928.99,0.032664984,89.15467857142878,0.0059113548095238305
2024-10-14 10:25:00+00:00,64900.55,64900.55,64803.664,64818.66,0.0001,83.88296428571473,0.0059161167142857355
2024-10-14 10:30:00+00:00,64842.6165,64842.6165,64767.2925,64770.725,0.00342587,86.73739285714275,0.006079253380952402
2024-10-14 10:35:00+00:00,64819.945,64849.7,64818.6855,64849.7,0.0,89.48367857142823,0.004060205761904783
2024-10-14 10:40:00+00:00,64885.3365,64912.6,64867.133,64906.964,0.003417305,88.60596428571391,0.0028407388571428786
2024-10-14 10:45:00+00:00,64933.997,64933.997,64868.935,64868.935,0.749277869,86.25942857142842,0.038520637380952405
2024-10-14 10:50:00+00:00,64823.0465,64823.0465,64823.0465,64823.0465,0.0,82.53910714285719,0.038520637380952405
2024-10-14 11:00:00+00:00,64835.285,64869.404,64790.0805,64792.68,0.00341221,83.30739285714299,0.03868312357142859
2024-10-14 11:05:00+00:00,64810.3,64911.6565,64810.3,64873.8585,0.003407091,85.27914285714256,0.03884536600000003
2024-10-14 11:10:00+00:00,64870.164,64896.9425,64857.96,64858.3195,0.0,82.66060714285673,0.03884536600000003
2024-10-14 11:15:00+00:00,64865.3285,64935.2675,64865.3285,64897.15,0.0,84.80760714285705,0.03884536600000003
2024-10-14 11:20:00+00:00,64945.608,64945.608,64945.608,64945.608,0.0,81.78817857142869,0.03884536600000003
2024-10-14 11:25:00+00:00,64898.55,64928.714,64898.55,64928.714,0.0,75.23160714285716,0.03884536600000003
2024-10-14 11:30:00+00:00,64966.0265,65096.822,64814.807,64835.505,0.007880692,90.11228571428572,0.03826600100000002
2024-10-14 11:35:00+00:00,64893.617,64942.3625,64846.7215,64875.28,0.0,89.4353214285719,0.03826600100000002
2024-10-14 11:40:00+00:00,64911.525,64948.1,64866.701,64866.701,0.0,86.2976785714288,0.03826600100000002
2024-10-14 11:45:00+00:00,64911.71,64911.71,64845.409,64845.409,0.0,85.65317857142925,0.03826600100000002
2024-10-14 11:50:00+00:00,64867.745,64867.745,64825.01,64836.4,0.0,83.06460714285797,0.03826600100000002
2024-10-14 11:55:00+00:00,64874.773,64919.9175,64844.6,64889.2125,0.0,84.53728571428655,0.03826600100000002
2024-10-14 12:00:00+00:00,64851.5,64881.8905,64842.4,64858.215,0.0,83.23375000000046,0.03826600100000002
2024-10-14 12:05:00+00:00,64837.27,64868.9,64812.005,64868.9,0.002224968,84.01992857142925,0.03837195185714287
2024-10-14 12:10:00+00:00,64886.085,64969.87,64886.085,64892.85,0.00337269,85.56610714285749,0.03697708071428574
2024-10-14 12:15:00+00:00,64868.065,64868.065,64726.44,64827.1315,0.00672669,88.95421428571457,0.0372926373809524
2024-10-14 12:20:00+00:00,64845.255,64845.255,64786.66,64786.66,0.0,90.35510714285712,0.03712950071428573
2024-10-14 12:25:00+00:00,64733.2,64775.0,64733.2,64743.355,0.003350662,88.677392857143,0.03728905604761906
2024-10-14 12:30:00+00:00,64774.5,64942.0835,64774.5,64911.055,0.0,99.41100000000006,0.03712632723809526
2024-10-14 12:35:00+00:00,64943.28,64943.28,64909.065,64909.065,0.0,98.49364285714286,0.0014464287142857354
2024-10-14 12:40:00+00:00,64911.485,64951.1,64841.73,64862.7055,0.0,86.16185714285686,0.0014464287142857354
2024-10-14 12:45:00+00:00,64847.515,64871.595,64847.515,64871.595,0.0,80.24917857142802,0.001283942523809545
2024-10-14 12:50:00+00:00,64903.5115,64903.5115,64877.137,64877.137,0.0,76.71471428571385,0.0011217000952381162
2024-10-14 12:55:00+00:00,64921.0125,64921.0125,64857.877,64857.877,0.0,76.48860714285651,0.0011217000952381162
2024-10-14 13:00:00+00:00,64839.6755,64839.6755,64769.85,64804.175,0.0,79.72374999999946,0.0011217000952381162
2024-10-14 13:05:00+00:00,64810.675,64830.26,64810.675,64826.915,0.000750451,75.62142857142784,0.0011574358571428782
2024-10-14 13:10:00+00:00,64789.1905,64820.155,64719.6,64820.155,0.64857,79.94303571428516,0.032041721571428594
2024-10-14 13:15:00+00:00,64784.76,64872.5985,64759.31,64811.41,0.027144383,83.97114285714217,0.032959040190476206
2024-10-14 13:20:00+00:00,64787.73,64828.1005,64779.97,64779.97,0.0,80.19689285714205,0.032959040190476206
2024-10-14 13:25:00+00:00,64751.04,64779.97,64650.7,64696.9,0.006855224,77.54403571428546,0.03328547942857145
2024-10-14 13:30:00+00:00,64711.35,64750.805,64689.6165,64689.6165,0.004325762,77.72928571428618,0.03349146809523812
2024-10-14 13:35:00+00:00,64662.838,64790.6,64647.224,64678.55,0.005179996,84.1518571428569,0.03373813457142859
2024-10-14 13:40:00+00:00,64702.2285,64951.94,64670.4625,64951.94,0.014,90.0625,0.03440480123809526
2024-10-14 13:45:00+00:00,64935.545,65255.6,64935.545,65190.175,0.020268576,110.47964285714313,0.035369971523809544
2024-10-14 13:50:00+00:00,65215.869,65263.302,64971.8795,64987.693,0.0,123.4833928571435,0.03526402066666669
2024-10-14 13:55:00+00:00,64961.326,65217.34,64961.326,65140.223,0.16432851,140.05010714285734,0.042928583523809544
2024-10-14 14:00:00+00:00,65101.48,65390.603,65101.48,65282.2665,0.021456568,158.42200000000022,0.043630006285714305
2024-10-14 14:05:00+00:00,65246.375,65365.001,65184.2,65365.001,0.0,166.826678571429,0.043630006285714305
2024-10-14 14:10:00+00:00,65308.436,65464.1744395465,65258.358,65441.95,2.621e-06,175.24020996760737,0.04347057576190478
2024-10-14 14:15:00+00:00,65396.85,65486.9919395465,65254.765,65371.545,0.035248403,189.96463422092867,0.04514907114285716
2024-10-14 14:20:00+00:00,65398.7995,65740.15,65398.7995,65740.15,0.050482564,208.62820564949965,0.04755300276190478
2024-10-14 14:25:00+00:00,65784.335,66035.0,65784.335,66035.0,0.077015661,221.59688422092844,0.05122041519047621
2024-10-14 14:30:00+00:00,66031.8775,66031.8775,65831.6,65886.235,0.094235298,232.68756279235666,0.05570781033333335
2024-10-14 14:35:00+00:00,65868.8785,65912.94,65826.1735,65871.695,0.015586663,229.65159850664193,0.0564500323809524
2024-10-14 14:40:00+00:00,65920.1,66214.76,65920.1,66122.05,0.00190623,249.7856342209265,0.05654080523809525
2024-10-14 14:45:00+00:00,66081.7875,66264.772,66081.7875,66202.88,0.003057949,252.6148127923547,0.05668642185714287
2024-10-14 14:50:00+00:00,66155.915,66155.915,65920.35,65983.35,0.033408826,252.68999136378312,0.058241582571428585
2024-10-14 14:55:00+00:00,66026.2945,66059.3005,65923.795,65923.795,0.0,239.50788422092592,0.027357296857142874
2024-10-14 15:00:00+00:00,65882.3,65952.2585,65836.5,65844.95,0.0,226.96045564949705,0.026064707190476207
2024-10-14 15:05:00+00:00,65885.1815,65993.817,65885.1815,65956.382,0.0,219.3070985066401,0.026064707190476207
2024-10-14 15:10:00+00:00,65991.258,66057.625,65893.719,65959.065,0.003498501,210.36302707806888,0.02590486323809525
2024-10-14 15:15:00+00:00,65990.4965,66057.3,65990.4965,66057.3,0.000616102,204.46545564949753,0.025728212761904776
2024-10-14 15:20:00+00:00,66018.921,66088.8825,65959.8215,65982.425,0.0,198.98292425331914,0.0254815462857143
2024-10-14 15:25:00+00:00,66013.535,66089.215,65951.005,65984.9945,0.0,192.26742857142588,0.024814879619047634
2024-10-14 15:30:00+00:00,66019.815,66081.79,65979.54,66041.572,7.642e-06,173.24207142856903,0.023850073238095255
2024-10-14 15:35:00+00:00,66081.23,66081.23,65978.8,65978.8,0.0,159.4977857142824,0.023850073238095255
2024-10-14 15:40:00+00:00,65929.327,65929.327,65851.85,65881.05,0.0,154.03707142856834,0.016024906095238108
2024-10-14 15:45:00+00:00,65914.455,65945.587,65861.2,65861.2,0.0,153.86710714285437,0.015003164761904778
2024-10-14 15:50:00+00:00,65918.0055,65952.8,65847.7475,65887.78,0.001475356,136.86621428571274,0.015073419809523828
2024-10-14 15:55:00+00:00,65913.505,66025.9485,65842.435,65842.435,0.0,136.90399999999914,0.015073295000000016
2024-10-14 16:00:00+00:00,65877.92,66011.7445,65876.229,65969.465,0.001524392,128.81682142857088,0.01346738971428573
2024-10-14 16:05:00+00:00,65935.739,65964.5305,65835.4465,65835.4465,0.0,128.710607142856,0.01106345809523811
2024-10-14 16:10:00+00:00,65814.625,65814.625,65668.75,65668.75,0.0,132.34903571428524,0.007396045666666682
2024-10-14 16:15:00+00:00,65719.725,65719.725,65630.9735,65630.9735,0.0,128.055071428572,0.0029086505238095396
2024-10-14 16:20:00+00:00,65595.737,65729.715,65595.737,65691.99,0.015673565,125.91735714285771,0.0029127887142857303
2024-10-14 16:25:00+00:00,65650.3,65668.42,65622.4705,65668.42,0.0,123.8662500000012,0.002822015857142873
2024-10-14 16:30:00+00:00,65690.684,65762.12,65690.684,65762.12,0.0,121.34046428571517,0.002676399238095254
2024-10-14 16:35:00+00:00,65790.575,65905.402,65790.575,65791.2145,0.0,121.70275000000194,0.0010855027619047779
2024-10-14 16:40:00+00:00,65769.303,65801.275,65761.0615,65762.125,0.0,117.27157142857322,0.0010855027619047779
2024-10-14 16:45:00+00:00,65723.83,65729.815,65633.055,65729.815,0.001550171,119.17442857143136,0.0011593204285714445
2024-10-14 16:50:00+00:00,65683.35,65710.7435,65683.35,65709.6485,0.0,113.42550000000276,0.0011593204285714445
2024-10-14 16:55:00+00:00,65688.95,65688.95,65666.7245,65675.716,0.0,110.46385714285965,0.0009927251428571587
2024-10-14 17:00:00+00:00,65650.7,65721.9705,65629.5,65721.9705,0.0,109.56514285714469,0.0009633869523809681
2024-10-14 17:05:00+00:00,65762.1815,65762.1815,65679.34,65679.34,0.033675305,102.37428571428816,0.002566972904761921
2024-10-14 17:10:00+00:00,65721.3645,65721.3645,65593.795,65624.7445,0.014430227,99.39285714285923,0.0032541265714285876
2024-10-14 17:15:00+00:00,65675.5525,65696.11,65630.495,65663.065,0.0,94.91764285714557,0.0032537626666666827
2024-10-14 17:20:00+00:00,65639.3455,65639.3455,65532.003,65557.247,0.0,92.37232142857412,0.0032537626666666827
2024-10-14 17:25:00+00:00,65518.009,65602.0205,65518.009,65555.0,0.0,92.0337500000018,0.0032537626666666827
2024-10-14 17:30:00+00:00,65605.3705,65665.405,65605.3705,65665.405,0.132168409,90.34996428571581,0.009547496428571445
2024-10-14 17:35:00+00:00,65619.525,65716.167,65584.995,65716.167,0.0,94.75371428571556,0.009477241380952397
2024-10-14 17:40:00+00:00,65767.8715,65770.23,65740.443,65770.23,0.009383438,91.92250000000111,0.009924071761904778
2024-10-14 17:45:00+00:00,65806.535,65806.535,65741.333,65756.5,0.00362744,86.34535714285812,0.01002421690476192
2024-10-14 17:50:00+00:00,65738.371,65769.6185,65648.848,65648.848,0.0,92.0994285714296,0.01002421690476192
2024-10-14 17:55:00+00:00,65663.783,65663.783,65644.0215,65644.0215,0.0,84.29167857142862,0.01002421690476192
2024-10-14 18:00:00+00:00,65672.894,65723.4295,65545.704,65619.85,0.0,93.6674285714289,0.01002421690476192
2024-10-14 18:05:00+00:00,65649.1555,65821.968,65649.1555,65798.84,0.0,105.03842857142808,0.009277856666666683
2024-10-14 18:10:00+00:00,65812.355,65854.2075,65780.31,65791.95,0.004137691,103.71178571428598,0.009474889571428589
2024-10-14 18:15:00+00:00,65817.895,65817.895,65731.06,65811.2195,0.0,103.99703571428576,0.009474889571428589
2024-10-14 18:20:00+00:00,65839.57,65839.57,65798.2,65836.9,0.076653382,97.83992857142948,0.013125050619047637
2024-10-14 18:25:00+00:00,65865.7,65886.66,65806.41,65855.75,0.0,98.47453571428663,0.013125050619047637
2024-10-14 18:30:00+00:00,65884.267,65884.267,65787.85,65816.9615,0.001478578,95.99989285714348,0.013121641428571447
2024-10-14 18:35:00+00:00,65845.8545,65903.893,65789.99,65903.893,0.090722618,98.13499999999996,0.017441766095238113
2024-10-14 18:40:00+00:00,65941.295,65941.295,65884.627,65921.25,0.0,94.29664285714327,0.017441766095238113
2024-10-14 18:45:00+00:00,65881.2,65907.195,65801.779,65907.195,0.029,93.46085714285748,0.018822718476190495
2024-10-14 18:50:00+00:00,65864.1,65907.674,65816.1235,65816.1235,0.0,96.13853571428626,0.01721913252380954
2024-10-14 18:55:00+00:00,65836.8635,65840.395,65772.57,65772.57,0.0,96.32589285714286,0.016531978857142877
2024-10-14 19:00:00+00:00,65739.4575,65835.5,65693.6,65835.5,1.7379e-05,97.83514285714253,0.016532806428571446
2024-10-14 19:05:00+00:00,65859.386,65939.6405,65859.386,65939.6405,0.019129909,103.86221428571402,0.017443754476190492
2024-10-14 19:10:00+00:00,65951.765,66004.7,65951.765,66004.7,0.0,95.81464285714277,0.017443754476190492
2024-10-14 19:15:00+00:00,66028.55,66028.55,65964.455,66000.238,0.0,85.95585714285802,0.011150020714285733
2024-10-14 19:20:00+00:00,66031.9935,66060.897,65780.915,65780.915,0.207770266,100.67617857142925,0.021043842904761922
2024-10-14 19:25:00+00:00,65741.0,65893.3815,65741.0,65866.09,0.054854527,105.35807142857188,0.023209132857142874
2024-10-14 19:30:00+00:00,65885.1835,66008.066,65885.1835,66008.066,0.0,112.54421428571472,0.02303639761904764
2024-10-14 19:35:00+00:00,65965.0485,66034.871,65965.0485,65987.375,0.0,111.79939285714292,0.02303639761904764
2024-10-14 19:40:00+00:00,66031.6485,66031.6485,65966.895,66031.0395,0.029486706,109.53771428571365,0.024440526476190497
2024-10-14 19:45:00+00:00,66059.075,66074.389,65994.795,66040.721,0.044203276,107.08707142857124,0.0265454443809524
2024-10-14 19:50:00+00:00,66007.839,66078.7,65943.18,66020.505,0.105202351,112.71935714285688,0.03155508014285716
2024-10-14 19:55:00+00:00,65980.106,65980.106,65906.688,65942.8005,0.0,112.31550000000009,0.03135804723809526
2024-10-14 20:00:00+00:00,65912.176,65917.371,65843.3175,65843.3175,0.0,112.8821071428569,0.03135804723809526
2024-10-14 20:05:00+00:00,65818.205,65920.04,65818.205,65920.04,0.0,115.31139285714224,0.02770788619047621
2024-10-14 20:10:00+00:00,65947.5565,65990.525,65947.5565,65990.525,0.0,110.21032142857128,0.02770788619047621
2024-10-14 20:15:00+00:00,65977.41,66042.923,65977.41,66036.624,0.0,107.45121428571396,0.02763747771428573
2024-10-14 20:20:00+00:00,65994.475,66003.175,65975.4325,65975.4325,0.000103981,107.17492857142808,0.023322304523809543
2024-10-14 20:25:00+00:00,65974.77,66038.375,65970.675,66038.375,0.0,107.43242857142779,0.02332230452380954
2024-10-14 20:30:00+00:00,66040.2115,66040.2115,65982.189,65982.189,0.0,91.578178571428,0.02194135214285716
2024-10-14 20:35:00+00:00,66009.453,66017.87,65971.935,65971.935,0.0,83.97485714285618,0.02194135214285716
2024-10-14 20:40:00+00:00,65937.044,66017.148,65937.044,66017.148,0.0,79.55542857142738,0.02194135214285716
2024-10-14 20:45:00+00:00,65983.835,65983.835,65960.7175,65960.7175,0.0,78.59885714285649,0.02194052457142859
2024-10-14 20:50:00+00:00,65968.3505,65968.3505,65926.9,65963.3025,0.001566975,76.93435714285754,0.021104194380952398
2024-10-14 20:55:00+00:00,65924.25,65924.25,65924.25,65924.25,0.0,74.03853571428668,0.021104194380952398
2024-10-14 21:00:00+00:00,65905.083,65905.083,65891.662,65891.662,0.0,66.68625000000091,0.021104194380952398
2024-10-14 21:05:00+00:00,65893.235,65954.6585,65893.235,65954.6585,0.0,63.056214285715086,0.011210372190476207
2024-10-14 21:10:00+00:00,65982.873,66006.256,65963.3065,65979.825,1.6544e-05,59.635821428571944,0.008599039666666683
2024-10-14 21:15:00+00:00,65954.2,65954.2,65878.3735,65883.088,0.058839019,59.60842857142935,0.011400897714285731
2024-10-14 21:20:00+00:00,65936.9075,65970.435,65858.371,65858.371,0.001,62.578357142857776,0.011448516761904778
2024-10-14 21:25:00+00:00,65856.744,65856.744,65787.396,65833.22,0.0,62.96850000000164,0.010044387904761923
2024-10-14 21:30:00+00:00,65821.2335,65852.692,65787.005,65787.005,0.0,63.28960714285807,0.007939470000000018
2024-10-14 21:35:00+00:00,65781.3735,65845.738,65735.4,65845.738,0.0,66.33517857142995,0.0029298342380952554
2024-10-14 21:40:00+00:00,65878.95,65878.95,65841.875,65841.875,0.0,64.83892857142928,0.0029298342380952554
2024-10-14 21:45:00+00:00,65878.85,65878.85,65798.791,65835.79,0.000838749,67.27635714285861,0.0029697746666666838
2024-10-14 21:50:00+00:00,65805.3,65835.79,65805.3,65828.325,0.000104886,63.732500000000336,0.0029747692380952553
2024-10-14 21:55:00+00:00,65805.929,65805.929,65768.85,65768.85,0.0,63.94996428571384,0.0029747692380952553
2024-10-14 22:00:00+00:00,65811.385,65904.585,65811.385,65904.585,0.0,70.68457142857058,0.0029747692380952553
2024-10-14 22:05:00+00:00,65878.75,65985.0015,65878.75,65985.0015,0.0,75.48449999999866,0.002969817761904779
2024-10-14 22:10:00+00:00,65939.0865,65970.06,65909.387,65970.06,0.0,78.55782142856957,0.002969817761904779
2024-10-14 22:15:00+00:00,65952.045,66174.536,65952.045,66142.49,0.0,89.95028571428286,0.002969817761904779
2024-10-14 22:20:00+00:00,66175.515,66256.2945,66112.752,66112.752,0.0,96.5177857142844,0.002969817761904779
2024-10-14 22:25:00+00:00,66140.275,66209.274,66136.015,66136.015,0.0,96.16567857142842,0.002969817761904779
2024-10-14 22:30:00+00:00,66095.203,66095.203,66026.0695,66026.0695,0.0,96.01435714285721,0.002969817761904779
2024-10-14 22:35:00+00:00,66051.253,66068.3195,66031.529,66068.3195,0.0,93.96257142857108,0.002895199904761922
2024-10-14 22:40:00+00:00,66094.5,66271.0285,66094.5,66199.36,0.0,103.74985714285764,0.002895199904761922
2024-10-14 22:45:00+00:00,66161.975,66201.52,66087.64,66175.7405,0.042234028,104.00285714285772,0.0049063440952381125
2024-10-14 22:50:00+00:00,66131.515,66131.515,66131.515,66131.515,0.0,104.51360714285796,0.0049063440952381125
2024-10-14 22:55:00+00:00,66183.587,66456.005,66183.587,66434.919,0.003150059,121.97296428571488,0.005055559095238113
2024-10-14 23:00:00+00:00,66471.532277078,66476.470277078,66336.666,66405.125,0.0,129.7811269341442,0.002253701047619065
2024-10-14 23:05:00+00:00,66364.155,66364.155,66239.517,66239.517,0.0,137.3620555055729,0.002206082000000017
2024-10-14 23:10:00+00:00,66208.335,66209.7,66129.45,66138.87,0.0,135.528626934145,0.002206082000000017
2024-10-14 23:15:00+00:00,66095.734,66122.59,66066.825,66100.32,0.0,133.08530550557356,0.002206082000000017
2024-10-14 23:20:00+00:00,66146.978,66216.05,66146.978,66188.341,0.001,135.9506983627164,0.0022537010476190644
2024-10-14 23:25:00+00:00,66146.4185,66190.48,66146.4185,66151.8,0.0,123.20573407700223,0.0022537010476190644
2024-10-14 23:30:00+00:00,66124.55,66124.55,66124.55,66124.55,0.0,114.89912693414433,0.002213760619047636
2024-10-14 23:35:00+00:00,66086.28,66086.28,66086.28,66086.28,0.0,110.73826979128664,0.0022087660476190645
2024-10-14 23:40:00+00:00,66044.392,66094.841,66044.392,66060.04,0.0,106.48851979128605,0.0022087660476190645
2024-10-14 23:45:00+00:00,66081.87,66150.519,66081.87,66125.735,0.004376032,109.9334483627151,0.002417148523809541
2024-10-14 23:50:00+00:00,66098.012,66098.012,66053.554,66053.554,0.002645754,100.61001979128612,0.0025431368095238265
2024-10-14 23:55:00+00:00,66086.0,66086.0,66053.554,66072.912,0.007417548,94.79330550557123,0.002896353380952398
2024-10-15 00:00:00+00:00,66110.4005,66110.4005,66042.397,66061.958,0.0,96.4917340770002,0.002896353380952398
2024-10-15 00:05:00+00:00,66096.94,66128.14,66004.8925,66011.255,0.0,82.11726979128538,0.002896353380952398
2024-10-15 00:10:00+00:00,65972.0545,66003.42,65929.047,65973.99,0.0,78.0032499999995,0.002896353380952398
2024-10-15 00:15:00+00:00,65933.246,66082.144,65933.246,66071.69,0.0,76.80967857142865,0.002896353380952398
2024-10-15 00:20:00+00:00,66114.005,66201.8115,66114.005,66201.8115,0.0,78.24214285714177,0.002896353380952398
2024-10-15 00:25:00+00:00,66236.1615,66301.78,66236.1615,66301.78,0.0,80.2366785714278,0.002896353380952398
2024-10-15 00:30:00+00:00,66278.19,66278.19,66087.1855,66105.6595,0.0,87.29842857142752,0.0008852091904762078
2024-10-15 00:35:00+00:00,66137.175,66137.175,65963.77,65963.77,0.0,96.53724999999915,0.0008852091904762078
2024-10-15 00:40:00+00:00,65935.1155,65978.275,65895.75,65895.75,0.0,100.48546428571301,0.0007352063809523982
2024-10-15 00:45:00+00:00,65867.58,65973.645,65866.91,65930.6,0.0,105.3758214285699,0.0007352063809523982
2024-10-15 00:50:00+00:00,65978.3,65978.3,65927.765,65976.41,0.0,105.3819642857135,0.0007352063809523982
2024-10-15 00:55:00+00:00,65930.95,65930.95,65930.95,65930.95,0.0,102.16632142857063,0.0007352063809523982
2024-10-15 01:00:00+00:00,65909.168,65979.5,65909.168,65927.7185,0.0,102.03424999999905,0.0007352063809523982
2024-10-15 01:05:00+00:00,65974.0245,65992.685,65928.945,65957.183,0.0,104.35714285714182,0.0006875873333333506
2024-10-15 01:10:00+00:00,65943.6,65960.045,65943.6,65960.045,0.0,100.67439285714083,0.0006875873333333506
2024-10-15 01:15:00+00:00,65941.338,65941.338,65883.81,65883.81,0.0,97.31635714285532,0.0006875873333333506
2024-10-15 01:20:00+00:00,65848.2485,65866.15,65826.93,65826.93,0.0,95.50721428571289,0.0006875873333333506
2024-10-15 01:25:00+00:00,65871.05,65906.9585,65856.12,65867.435,0.0,90.58796428571284,0.0006875873333333506
2024-10-15 01:30:00+00:00,65836.948,65865.815,65836.948,65865.815,0.0,83.47121428571283,0.0004792048571428743
2024-10-15 01:35:00+00:00,65831.7715,65860.29,65831.7715,65860.29,0.0,78.76228571428406,0.00035321657142858864
2024-10-15 01:40:00+00:00,65823.2655,65903.81,65753.55,65903.81,0.0,74.16696428571284,0.0
2024-10-15 01:55:00+00:00,65874.97,65874.97,65843.015,65843.015,0.0,66.12339285714135,0.0
2024-10-15 02:00:00+00:00,65854.4805,65854.4805,65819.58,65819.58,0.0,62.721642857142015,0.0
2024-10-15 02:05:00+00:00,65801.82,65803.7105,65716.385,65716.385,0.0,62.46878571428533,0.0
2024-10-15 02:10:00+00:00,65760.842,65760.842,65760.842,65760.842,0.0,62.0346428571429,0.0
2024-10-15 02:15:00+00:00,65779.2425,65849.586,65779.2425,65849.586,0.0,65.12635714285612,0.0
2024-10-15 02:20:00+00:00,65877.741,65877.741,65845.707,65845.707,0.0,62.39078571428503,0.0
2024-10-15 02:25:00+00:00,65826.383,65826.383,65826.383,65826.383,0.0,59.130607142856334,0.0
2024-10-15 02:30:00+00:00,65799.535,65799.535,65799.535,65799.535,0.0,59.87367857142817,0.0
2024-10-15 02:35:00+00:00,65753.345,65753.345,65715.492,65715.492,0.0,60.43139285714278,0.0
2024-10-15 02:40:00+00:00,65748.7155,65748.7155,65731.238,65731.238,0.0,58.74164285714297,0.0
2024-10-15 03:00:00+00:00,65702.6495,65702.6495,65702.6495,65702.6495,0.0,55.06735714285709,0.0
2024-10-15 03:10:00+00:00,65720.68,65720.68,65682.568,65682.568,0.0,55.61199999999995,0.0
2024-10-15 03:15:00+00:00,65653.167,65653.167,65653.167,65653.167,0.0,55.28039285714268,0.0
2024-10-15 03:20:00+00:00,65614.0875,65614.0875,65586.35,65586.35,0.0,49.32017857142845,0.0
2024-10-15 03:25:00+00:00,65546.5,65609.05,65546.5,65609.05,0.001,49.445535714285924,4.7619047619064805e-05
2024-10-15 03:30:00+00:00,65580.115,65580.115,65473.9645,65473.9645,0.0,56.60160714285718,4.7619047619064805e-05
2024-10-15 03:35:00+00:00,65439.75,65439.75,65357.7425,65409.7,0.0,57.532107142856795,4.7619047619064805e-05
2024-10-15 03:40:00+00:00,65437.3935,65519.52,65437.3935,65519.52,0.0,62.20089285714182,4.7619047619064805e-05
2024-10-15 03:45:00+00:00,65528.68,65528.68,65489.04,65509.9745,0.001698202,58.69346428571381,0.00012848580952382673
2024-10-15 03:50:00+00:00,65483.8755,65483.8755,65377.4,65402.1455,0.004576898,65.87492857142777,0.00034643333333335055
2024-10-15 03:55:00+00:00,65427.102,65427.102,65306.38,65367.838,0.0,73.11764285714266,0.00034643333333335055
2024-10-15 04:00:00+00:00,65395.5795,65437.34,65367.45,65367.45,0.0,76.19207142857132,0.00034643333333335055
2024-10-15 04:05:00+00:00,65340.347,65340.347,65297.985,65334.769,0.0,75.15078571428499,0.00034643333333335055
2024-10-15 04:10:00+00:00,65372.45,65478.8315,65372.45,65478.8315,0.0,83.0678571428559,0.00034643333333335055
2024-10-15 04:15:00+00:00,65511.575,65511.575,65507.4345,65507.4345,0.0,83.36464285714153,0.00034643333333335055
2024-10-15 04:20:00+00:00,65559.04,65592.383,65559.04,65592.383,0.0,86.71010714285616,0.00034643333333335055
2024-10-15 04:25:00+00:00,65566.365,65566.365,65566.365,65566.365,0.0,86.46846428571318,0.00034643333333335055
2024-10-15 04:30:00+00:00,65520.2,65554.16,65520.2,65554.16,0.0,84.99332142857124,0.00034643333333335055
2024-10-15 04:35:00+00:00,65597.5385,65656.3215,65597.5385,65656.3215,0.0,87.82271428571403,0.00034643333333335055
2024-10-15 04:40:00+00:00,65628.2645,65628.2645,65628.2645,65628.2645,0.0,80.17782142857115,0.00034643333333335055
2024-10-15 04:50:00+00:00,65662.55,65662.55,65615.5975,65615.5975,0.0,75.22999999999956,0.00034643333333335055
2024-10-15 04:55:00+00:00,65602.0115,65602.0115,65556.023,65556.023,0.0,71.64103571428548,0.00034643333333335055
2024-10-15 05:00:00+00:00,65520.07,65520.07,65520.07,65520.07,0.0,71.37767857142846,0.00034643333333335055
2024-10-15 05:05:00+00:00,65491.28,65525.445,65461.83,65461.83,0.0,66.4520000000001,0.00034643333333335055
2024-10-15 05:10:00+00:00,65430.807,65430.807,65351.7735,65386.06,0.0001,65.69017857142846,0.0003511952380952553
2024-10-15 05:15:00+00:00,65419.8,65419.8,65380.3445,65380.3445,0.0,63.516285714285914,0.0003035761904762077
2024-10-15 05:20:00+00:00,65415.6805,65443.5725,65399.925,65438.412,0.0,63.070785714286366,0.0003035761904762077
2024-10-15 05:25:00+00:00,65400.1785,65413.7,65344.504,65384.0625,0.0,59.48832142857178,0.0003035761904762077
2024-10-15 05:30:00+00:00,65337.7505,65337.7505,65222.8005,65237.865,0.0,68.66821428571504,0.0003035761904762077
2024-10-15 05:35:00+00:00,65275.257,65311.4795,65242.385,65280.1655,0.0,67.85864285714395,0.00022270942857144577
2024-10-15 05:40:00+00:00,65244.57,65274.36,65244.57,65274.36,0.0,68.54275000000156,4.7619047619219444e-06
2024-10-15 05:45:00+00:00,65310.3,65310.3,65310.3,65310.3,0.0,67.812392857144,4.7619047619219444e-06
2024-10-15 05:50:00+00:00,65330.325,65330.325,65330.325,65330.325,0.0,61.94550000000059,4.7619047619219444e-06
2024-10-15 05:55:00+00:00,65308.2675,65308.2675,65308.2675,65308.2675,0.0,61.516964285714494,4.7619047619219444e-06
2024-10-15 06:00:00+00:00,65336.615,65336.615,65291.376,65323.228,0.0,61.39457142857178,4.7619047619219444e-06
2024-10-15 06:05:00+00:00,65286.5635,65313.755,65273.825,65273.825,0.0,60.6680357142863,4.7619047619219444e-06
2024-10-15 06:10:00+00:00,65298.769,65346.841,65298.769,65346.841,0.0,63.31539285714358,4.7619047619219444e-06
2024-10-15 06:15:00+00:00,65384.2695,65473.052,65354.539,65473.052,0.000234201,67.78653571428679,1.5914333333350516e-05
2024-10-15 06:20:00+00:00,65508.1465,65508.1465,65508.1465,65508.1465,0.0,62.43210714285825,1.5914333333350516e-05
2024-10-15 06:25:00+00:00,65472.1,65495.5,65437.3285,65437.3285,0.001,64.67228571428652,6.353338095239814e-05
2024-10-15 06:30:00+00:00,65473.5465,65473.5465,65473.5465,65473.5465,0.0,62.74300000000013,6.353338095239814e-05
2024-10-15 06:35:00+00:00,65523.0195,65523.0195,65408.4,65424.822,0.015507574,64.22239285714333,0.0008019892857143029
2024-10-15 06:40:00+00:00,65380.05,65413.7835,65380.05,65405.375,0.037030464,55.90167857142868,0.0025653447142857315
2024-10-15 06:45:00+00:00,65390.9,65390.9,65337.85,65337.85,0.0,55.46671428571426,0.0025653447142857315
2024-10-15 06:50:00+00:00,65361.0,65523.6645,65337.85,65523.6645,3.0599e-05,66.19664285714263,0.002566801809523827
2024-10-15 06:55:00+00:00,65564.865,65598.23,65554.755,65554.755,0.000103833,68.95560714285655,0.0025669843333333505
2024-10-15 07:00:00+00:00,65594.22,65607.4615,65594.22,65607.4615,0.0,71.28999999999984,0.0025669843333333505
2024-10-15 07:05:00+00:00,65644.02,65709.4025,65638.615,65709.4025,0.0,76.99596428571385,0.0025669843333333505
2024-10-15 07:10:00+00:00,65666.525,65783.03,65666.525,65783.03,0.000237883,82.08639285714266,0.0025783120952381122
2024-10-15 07:15:00+00:00,65762.383,65762.383,65680.316,65741.92,0.1,85.8943214285703,0.007340216857142875
2024-10-15 07:20:00+00:00,65711.335,65711.335,65663.44,65663.44,0.0,86.28460714285549,0.007340216857142875
2024-10-15 07:25:00+00:00,65694.8,65708.1005,65663.44,65704.635,0.018245785,80.45957142856943,0.00820906376190478
2024-10-15 07:30:00+00:00,65746.0165,65746.0165,65746.0165,65746.0165,0.0,80.90864285714113,0.00820906376190478
2024-10-15 07:35:00+00:00,65713.142,65774.6795,65713.11,65767.4445,0.001573261,80.24803571428389,0.008283980952380969
2024-10-15 07:40:00+00:00,65809.638,65809.638,65721.776,65721.776,0.0,83.93689285714208,0.008283980952380969
2024-10-15 07:45:00+00:00,65684.48,65703.5345,65684.48,65703.5345,0.0,78.41378571428504,0.008283980952380969
2024-10-15 07:50:00+00:00,65690.5775,65701.875,65690.5775,65701.875,0.0,76.14128571428488,0.008283980952380969
2024-10-15 07:55:00+00:00,65690.97,65690.97,65611.673,65611.673,0.0032873,77.76107142857083,0.008440519047619065
2024-10-15 08:00:00+00:00,65657.0,65703.337,65657.0,65687.736,0.0,71.03603571428539,0.008429366619047637
2024-10-15 08:05:00+00:00,65648.863,65724.58,65648.863,65724.58,0.0,71.1182857142859,0.008429366619047637
2024-10-15 08:10:00+00:00,65760.16,65760.16,65716.0,65716.0,0.000739839,70.50782142857186,0.008416978000000018
2024-10-15 08:15:00+00:00,65730.0,65763.6985,65730.0,65760.553,0.003282369,66.63335714285806,0.008573281285714305
2024-10-15 08:20:00+00:00,65730.8505,65730.8505,65699.6695,65699.6695,0.0,62.66039285714318,0.0078348253809524
2024-10-15 08:25:00+00:00,65719.615,65782.51,65719.615,65766.3325,0.001,61.24085714285736,0.006119089000000018
2024-10-15 08:30:00+00:00,65738.683,65799.45,65738.683,65799.45,0.0,59.97564285714283,0.006119089000000018
2024-10-15 08:35:00+00:00,65782.15,65806.2495,65782.15,65806.2495,0.0,58.50700000000091,0.0061176319047619235
2024-10-15 08:40:00+00:00,65772.886,65772.886,65705.0955,65705.0955,0.0,62.77646428571565,0.0061126874761904945
2024-10-15 08:45:00+00:00,65714.3,65714.3,65656.6115,65656.6115,0.00328133,62.499250000001794,0.006268941285714304
2024-10-15 08:50:00+00:00,65687.587,65710.374,65673.468,65673.468,0.004442399,60.06357142857242,0.006480484095238113
2024-10-15 08:55:00+00:00,65716.884,65737.192,65694.336,65714.425,0.0,61.951285714286705,0.00646915633333335
2024-10-15 09:00:00+00:00,65736.51,65736.51,65670.245,65670.245,0.0,65.75900000000131,0.0017072515714285886
2024-10-15 09:05:00+00:00,65699.91,65699.91,65582.6605,65582.6605,0.0,67.69096428571564,0.0017072515714285886
2024-10-15 09:10:00+00:00,65609.89,65615.081,65609.89,65615.081,0.0,63.4592857142873,0.0008384046666666837
2024-10-15 09:15:00+00:00,65647.777,65674.685,65634.9755,65634.9755,0.0,62.30835714285786,0.0008384046666666837
2024-10-15 09:25:00+00:00,65621.155,65621.155,65598.4,65613.3815,0.001,61.76660714285806,0.000811106523809541
2024-10-15 09:30:00+00:00,65657.7185,65765.71,65657.7185,65721.379,0.009415684,69.24017857142982,0.0012594724285714457
2024-10-15 09:35:00+00:00,65704.4,65704.4,65661.0,65661.0,0.0,69.20414285714443,0.0012594724285714457
2024-10-15 09:40:00+00:00,65627.87,65627.87,65627.87,65627.87,0.0,65.65339285714539,0.0012594724285714457
2024-10-15 09:45:00+00:00,65669.37,65691.7855,65669.37,65691.7855,0.0,65.87828571428898,0.0011029343333333506
2024-10-15 09:50:00+00:00,65729.665,65729.665,65698.83,65698.83,0.0,66.86257142857357,0.0011029343333333506
2024-10-15 09:55:00+00:00,65661.9655,65661.9655,65604.355,65604.355,0.0,66.38550000000188,0.0011029343333333506
2024-10-15 10:00:00+00:00,65635.3475,65635.3475,65635.3475,65635.3475,0.0,64.478642857145,0.001067703904761922
2024-10-15 10:05:00+00:00,65611.5565,65611.5565,65568.221,65568.221,0.0,65.43321428571653,0.0009114006190476363
2024-10-15 10:10:00+00:00,65598.4355,65672.3765,65598.4355,65672.3765,0.0,68.32117857143021,0.0009114006190476363
2024-10-15 10:15:00+00:00,65701.4715,65701.4715,65701.4715,65701.4715,0.0,65.66617857143034,0.0008637815714285886
2024-10-15 10:20:00+00:00,65676.903,65714.735,65673.3335,65714.735,0.0,60.24846428571618,0.0008637815714285886
2024-10-15 10:25:00+00:00,65686.5685,65725.345,65666.554,65725.345,0.0,62.13207142857261,0.0008637815714285886
2024-10-15 10:30:00+00:00,65720.3,65720.3,65720.3,65720.3,0.0,58.23500000000162,0.0008637815714285886
2024-10-15 10:35:00+00:00,65673.756,65673.756,65615.1405,65628.6695,0.0,63.13385714285895,0.0007075277619047791
2024-10-15 10:40:00+00:00,65672.977,65706.47,65672.977,65677.5075,0.001099263,57.810428571429966,0.0005483308095238266
2024-10-15 10:45:00+00:00,65707.6835,65707.6835,65707.6835,65707.6835,0.0,55.65307142857221,0.0005483308095238266
2024-10-15 10:50:00+00:00,65680.6615,65728.35,65680.6615,65728.35,0.0,56.69296428571501,0.0005483308095238266
2024-10-15 10:55:00+00:00,65683.3365,65683.3365,65632.33,65639.315,0.0032,58.98614285714367,0.0007007117619047791
2024-10-15 11:00:00+00:00,65671.13,65694.3,65640.275,65680.3495,0.0,60.20796428571547,0.0007007117619047791
2024-10-15 11:05:00+00:00,65642.77,65685.359,65594.665,65594.665,0.032906097,59.937892857143844,0.0022676687619047793
2024-10-15 11:10:00+00:00,65570.65,65570.65,65428.81,65493.8605,0.0,69.57092857142872,0.0022200497142857317
2024-10-15 11:15:00+00:00,65460.615,65460.615,65362.435,65395.0685,0.0,74.1637142857149,0.0017716838095238267
2024-10-15 11:20:00+00:00,65424.35,65492.805,65424.35,65456.5,0.0,73.7052142857153,0.0017716838095238267
2024-10-15 11:25:00+00:00,65438.56,65528.4105,65353.35,65528.4105,0.0,84.13132142857232,0.0017716838095238267
2024-10-15 11:30:00+00:00,65554.05,65630.6175,65554.05,65630.6175,0.0,88.47457142857145,0.0017716838095238267
2024-10-15 11:35:00+00:00,65603.6695,65603.6695,65469.6935,65469.6935,0.0,95.76978571428533,0.0017716838095238267
2024-10-15 11:40:00+00:00,65500.27,65546.9765,65459.1425,65498.895,0.0,101.68328571428563,0.0017716838095238267
2024-10-15 11:45:00+00:00,65520.3565,65559.4285,65520.3565,65522.6715,0.0,98.49571428571342,0.0017716838095238267
2024-10-15 11:50:00+00:00,65494.09,65494.09,65323.63,65323.63,0.0,107.15578571428497,0.0017716838095238267
2024-10-15 11:55:00+00:00,65296.055,65355.965,65296.055,65355.965,0.0,109.2796428571424,0.0017716838095238267
2024-10-15 12:00:00+00:00,65405.848,65451.634,65382.125,65428.6215,0.0,112.70682142857082,0.0017716838095238267
2024-10-15 12:05:00+00:00,65444.255,65499.81,65422.1685,65499.81,0.0,111.39407142857037,0.0017716838095238267
2024-10-15 12:10:00+00:00,65460.98,65492.8605,65386.445,65432.035,0.0,115.56407142857019,0.0017716838095238267
2024-10-15 12:15:00+00:00,65471.78,65555.69,65471.78,65555.69,0.0,117.91842857142703,0.0017716838095238267
2024-10-15 12:20:00+00:00,65595.6455,65627.0,65531.7,65566.755,0.000627957,112.87878571428466,0.0018015865238095409
2024-10-15 12:25:00+00:00,65541.7,65581.1,65527.285,65569.303,0.000322863,107.33517857142735,0.001764615095238112
2024-10-15 12:30:00+00:00,65583.11,65796.4805,65583.11,65796.4805,0.0,116.5809642857135,0.001764615095238112
2024-10-15 12:35:00+00:00,65763.35,65863.98,65726.15,65863.98,0.000369782,113.92164285714223,0.0017822237619047787
2024-10-15 12:40:00+00:00,65894.45,65937.652,65841.4335,65871.6,0.0,113.49389285714278,0.0016298428095238267
2024-10-15 12:45:00+00:00,65835.7,65870.465,65793.007,65870.465,0.0,107.61310714285823,0.0016298428095238267
2024-10-15 12:50:00+00:00,65828.778,65872.819,65757.2195,65791.5675,0.0,109.5963571428578,6.288580952382671e-05
2024-10-15 12:55:00+00:00,65783.933,65790.4605,65746.35,65790.4605,0.0,108.50235714285789,6.288580952382671e-05
2024-10-15 13:00:00+00:00,65820.905,65952.6375,65805.15,65952.6375,0.00443065,105.86917857142907,0.00027386914285716006
2024-10-15 13:05:00+00:00,65913.615,65928.505,65899.865,65928.505,0.0,105.35935714285733,0.00027386914285716006
2024-10-15 13:10:00+00:00,65909.19,65949.9,65864.012,65901.65,0.00358603,104.66071428571377,0.0004446324761904934
2024-10-15 13:15:00+00:00,65935.4,65935.4,65883.1725,65883.1725,0.00191847,102.84542857142775,0.0005359881904762077
2024-10-15 13:20:00+00:00,65927.175,65985.208,65920.877,65960.915,0.0,102.03617857142775,0.0005359881904762077
2024-10-15 13:25:00+00:00,65921.55,65921.55,65791.4,65843.985,0.0,105.31189285714208,0.0005359881904762077
2024-10-15 13:30:00+00:00,65817.345,66024.301,65784.1,66024.301,0.0,115.66196428571337,0.0005359881904762077
2024-10-15 13:35:00+00:00,65996.344,66111.305,65958.2305,66111.305,0.0,122.75192857142663,0.0005359881904762077
2024-10-15 13:40:00+00:00,66137.365,66444.05,66137.365,66444.05,0.0,130.29246428571267,0.0005359881904762077
2024-10-15 13:45:00+00:00,66472.019777078,66822.405,66467.85,66791.2445,0.222750513,147.4728214285694,0.011143155476190495
2024-10-15 13:50:00+00:00,66827.95,67250.5,66827.95,67250.5,0.010741414,173.40403571428345,0.0116546513809524
2024-10-15 13:55:00+00:00,67290.9385,67733.4455,67290.9385,67616.408,0.015282551,202.28635714285443,0.012382391904761921
2024-10-15 14:00:00+00:00,67672.115,67926.179,67563.322,67738.045,0.051127833,219.9476071428549,0.014817050619047636
2024-10-15 14:05:00+00:00,67687.44,67687.44,67337.9255,67419.535,0.00228639,245.2977499999979,0.014896023619047637
2024-10-15 14:10:00+00:00,67449.7815,67582.9,67366.1025,67402.9735,0.002221278,249.19921428571251,0.01498642433333335
2024-10-15 14:15:00+00:00,67352.6,67433.105,67004.559,67082.3175,0.0,276.04017857142753,0.01498642433333335
2024-10-15 14:20:00+00:00,67041.895,67170.338,66850.6,66901.085,0.004713872,292.74374999999935,0.015193285761904781
2024-10-15 14:25:00+00:00,66938.8845,67120.738,66789.46,66789.46,0.019825094,312.6759285714278,0.016137337857142876
2024-10-15 14:30:00+00:00,66764.1195,66898.9835,66579.11,66579.11,0.037045537,328.23578571428516,0.017901411047619067
2024-10-15 14:35:00+00:00,66548.8,66631.6615,65840.72,65894.034,1.501200658,372.6233928571424,0.08938715666666668
2024-10-15 14:40:00+00:00,65843.825,65843.825,65437.5095,65570.72,0.032199541,388.0750714285709,0.09092046814285716
2024-10-15 14:45:00+00:00,65537.876,65868.9695,65174.3025,65868.9695,0.001041839,426.7602500000009,0.09075909619047622
2024-10-15 14:50:00+00:00,65916.9235,65916.9235,65540.192,65716.9935,0.0,429.9021428571437,0.09075909619047622
2024-10-15 14:55:00+00:00,65703.975,65771.023,65304.465,65378.0275,0.0,436.2023571428586,0.09058833285714288
2024-10-15 15:00:00+00:00,65414.77,65463.95,65205.7225,65275.085,0.039960228,421.84321428571536,0.09239984514285716
2024-10-15 15:05:00+00:00,65311.6485,65340.2715,64806.65,64922.885,0.000135692,425.4629285714296,0.09240630666666669
2024-10-15 15:10:00+00:00,64870.9,65360.9885,64813.615,65360.9885,0.0,438.6426785714294,0.09240630666666669
2024-10-15 15:15:00+00:00,65385.095,65786.904,65385.095,65473.6,0.031015961,440.4852500000005,0.09388325719047622
2024-10-15 15:20:00+00:00,65451.2,65490.06,65259.4,65419.0435,0.00079138,441.4754285714288,0.09392094195238097
2024-10-15 15:25:00+00:00,65450.73,65880.195,65445.85,65842.7825,0.032228257,443.8043928571434,0.09545562085714288
2024-10-15 15:30:00+00:00,65808.6,66255.77,65808.6,66167.155,0.0,452.90667857142915,0.08484845357142859
2024-10-15 15:35:00+00:00,66209.3,66251.1635,65976.1695,66004.755,0.0,448.8863928571435,0.08433695766666668
2024-10-15 15:40:00+00:00,65961.931,66217.545,65961.931,66100.077,0.0,444.2964285714292,0.08360921714285716
2024-10-15 15:45:00+00:00,66142.535,66212.915,65954.7465,65978.4155,0.00999382,406.2412142857148,0.08165045461904763
2024-10-15 15:50:00+00:00,66018.14,66110.047,65975.65,65985.56,0.002033946,383.2321071428586,0.0816384334761905
2024-10-15 15:55:00+00:00,66016.535,66047.0265,65924.755,65999.882,0.002028516,342.3467142857153,0.08162925433333335
2024-10-15 16:00:00+00:00,66021.9,66106.615,65562.0,66072.939,0.003180678,354.33839285714356,0.08178071519047621
2024-10-15 16:05:00+00:00,66036.87,66362.0635,66036.87,66362.0635,0.0,344.2409285714296,0.08155624509523811
2024-10-15 16:10:00+00:00,66374.0,66461.195,66337.975,66417.887,0.000135352,334.5975357142873,0.08061863833333335
2024-10-15 16:15:00+00:00,66443.865,66645.0925,66346.529,66602.955,0.011068814,317.8076785714303,0.07938165152380955
2024-10-15 16:20:00+00:00,66561.82,66716.3625,66411.7045,66568.645,0.002224968,300.4708571428585,0.008001856761904782
2024-10-15 16:25:00+00:00,66597.365,66598.2,66467.929,66598.2,0.002618537,279.35339285714406,0.006593237523809545
2024-10-15 16:30:00+00:00,66632.8615,66849.635,66564.59,66799.6875,0.0,283.23803571428704,0.006543626142857165
2024-10-15 16:35:00+00:00,66841.0625,67013.39,66774.075,67013.39,0.0,267.3925714285724,0.006543626142857165
2024-10-15 16:40:00+00:00,67048.3,67201.358,66909.15,66949.005,0.001062735,256.3238571428582,0.006594232571428594
2024-10-15 16:45:00+00:00,66987.23,67010.828,66904.782,66940.8,0.002907623,244.2561428571436,0.004829822809523831
2024-10-15 16:50:00+00:00,66895.328,66936.65,66651.1715,66651.1715,0.0,246.68575000000106,0.004823361285714307
2024-10-15 16:55:00+00:00,66705.3765,66896.2695,66705.3765,66872.65,0.0,245.7521428571438,0.004823361285714307
2024-10-15 17:00:00+00:00,66821.415,67035.15,66821.415,66863.445,0.0,251.41914285714302,0.0033464107619047834
2024-10-15 17:05:00+00:00,66906.344,66960.05,66740.7715,66740.7715,0.013832735,258.3482142857143,0.003967427666666688
2024-10-15 17:10:00+00:00,66719.0875,66832.68,66544.2635,66832.68,0.0,240.0483214285705,0.002432748761904783
2024-10-15 17:15:00+00:00,66859.215,66859.215,66702.74,66721.728,0.0,227.99699999999783,0.002432748761904783
2024-10-15 17:20:00+00:00,66773.875,66797.8535,66699.199,66737.105,0.0,226.24232142856948,0.002432748761904783
2024-10-15 17:25:00+00:00,66692.45,66692.45,66552.6595,66591.3,0.0,218.0910357142836,0.002432748761904783
2024-10-15 17:30:00+00:00,66619.091,66717.13,66543.197,66543.197,0.0,208.75353571428423,0.0019568525714285926
2024-10-15 17:35:00+00:00,66593.916,66718.7765,66551.4635,66718.7765,0.0,211.98985714285664,0.0018599980000000211
2024-10-15 17:40:00+00:00,66756.5705,67022.9015,66756.5705,66933.33,0.002542022,213.35271428571392,0.0018844506666666875
2024-10-15 17:45:00+00:00,66912.86,66958.9645,66884.4115,66927.562,0.000353396,201.58399999999943,0.0017498181904762114
2024-10-15 17:50:00+00:00,66961.3,66990.4,66892.7,66943.8105,0.0,187.69057142857076,0.0017498181904762114
2024-10-15 17:55:00+00:00,66913.3935,66913.3935,66781.405,66825.81,0.0,191.7162500000008,0.0017433728571428781
2024-10-15 18:00:00+00:00,66784.262,67093.053,66784.262,67093.053,0.000159538,193.08500000000018,0.001223883523809545
2024-10-15 18:05:00+00:00,67134.02,67161.618,66996.39,66996.39,0.0,187.3800000000005,0.0011179326666666879
2024-10-15 18:10:00+00:00,67036.7735,67096.3115,66996.352,67096.3115,0.000145151,179.25317857142883,0.001000152380952402
2024-10-15 18:15:00+00:00,67068.665,67366.2765,67068.665,67314.296,0.0015,184.84839285714406,0.0010715809523809735
2024-10-15 18:20:00+00:00,67351.0195,67351.0195,67208.671,67286.75,0.171317187,174.41496428571554,0.009229542238095259
2024-10-15 18:25:00+00:00,67270.53,67298.9,67074.1825,67074.1825,0.004595392,179.28942857143036,0.009397764000000022
2024-10-15 18:30:00+00:00,67124.088,67147.1,66955.4905,66955.4905,0.0001,185.92907142857334,0.009264067666666688
2024-10-15 18:35:00+00:00,66912.981,67047.9,66912.981,67033.59,0.039311116,182.3914642857157,0.011136025571428593
2024-10-15 18:40:00+00:00,67063.88,67148.533,67033.59,67112.15,0.0029,178.1778928571439,0.01127412080952383
2024-10-15 18:45:00+00:00,67162.754,67162.754,66921.261,66929.035,0.0,182.88600000000068,0.01127412080952383
2024-10-15 18:50:00+00:00,66962.66,67039.5855,66898.35,66951.599,0.008924346,171.25103571428605,0.011040388000000022
2024-10-15 18:55:00+00:00,66993.005,67008.5,66906.403,66906.403,0.002304121,173.21846428571422,0.01115010804761907
2024-10-15 19:00:00+00:00,66943.5105,67043.5,66786.7,66810.04,0.041472954,184.58275000000035,0.013125010619047642
2024-10-15 19:05:00+00:00,66769.13,66769.13,66588.768,66674.2,0.0,188.7874999999996,0.013125010619047642
2024-10-15 19:10:00+00:00,66707.853,66849.19,66707.853,66812.27,0.004243057,179.23028571428586,0.013327060952380974
2024-10-15 19:15:00+00:00,66858.2435,66858.2435,66697.902,66748.781,0.005761214,178.8812499999996,0.0136014044761905
2024-10-15 19:20:00+00:00,66773.603,66854.35,66773.603,66854.35,0.0,179.28192857142858,0.0136014044761905
2024-10-15 19:25:00+00:00,66829.068,66829.068,66746.5885,66788.72,0.0,165.72121428571387,0.013480355809523831
2024-10-15 19:30:00+00:00,66831.783,66831.783,66707.567,66707.567,0.00084728,164.42603571428586,0.013503874095238117
2024-10-15 19:35:00+00:00,66661.199,66765.35,66622.0495,66744.0415,0.0033915,158.61053571428678,0.013665374095238119
2024-10-15 19:40:00+00:00,66716.2,66886.0295,66716.2,66886.0295,0.001,157.05482142857258,0.013712993142857167
2024-10-15 19:45:00+00:00,66938.8,66938.8,66838.75,66896.4535,0.0,154.56417857143035,0.013705396095238118
2024-10-15 19:50:00+00:00,66914.23,67031.83,66845.6,67013.87,0.020632288,159.65610714285867,0.014687886000000023
2024-10-15 19:55:00+00:00,66983.53,67010.75,66950.64,66988.7,0.0,146.92303571428678,0.01468097404761907
2024-10-15 20:00:00+00:00,67015.215,67015.215,66889.86,66914.0,0.0,145.78871428571543,0.014609545476190498
2024-10-15 20:05:00+00:00,66882.0615,67013.4985,66882.0615,67013.4985,0.65,147.8844285714305,0.03740396514285717
2024-10-15 20:10:00+00:00,66964.255,66973.73,66921.8515,66926.55,0.0,136.08778571428724,0.03718513695238097
2024-10-15 20:15:00+00:00,66896.4425,66896.4425,66686.237,66686.237,0.005897946,137.4478571428595,0.037461229619047645
2024-10-15 20:20:00+00:00,66660.975,66769.885,66585.21,66769.885,0.0,138.13964285714403,0.03558927171428573
2024-10-15 20:25:00+00:00,66788.585,66819.6,66683.2255,66683.2255,0.0,136.42771428571618,0.035451176476190505
2024-10-15 20:30:00+00:00,66717.5835,66717.5835,66541.407,66618.58,0.0,141.47110714285787,0.035451176476190505
2024-10-15 20:35:00+00:00,66575.6915,66649.0425,66505.625,66573.905,0.0,144.01796428571419,0.03502620761904764
2024-10-15 20:40:00+00:00,66614.3,66682.7,66614.3,66639.779,0.0,142.91646428571403,0.034916487571428595
2024-10-15 20:45:00+00:00,66676.184,66721.5,66655.33,66655.33,0.0,138.5179285714278,0.03294158500000002
2024-10-15 20:50:00+00:00,66615.9975,66682.445,66570.455,66682.445,0.0,134.3865357142848,0.03294158500000002
2024-10-15 20:55:00+00:00,66653.975,66653.975,66413.53,66494.8635,0.0,146.4483214285709,0.032739534666666695
2024-10-15 21:00:00+00:00,66541.055,66541.055,66423.384,66537.321,0.0,141.55124999999887,0.03246519114285716
2024-10-15 21:05:00+00:00,66566.729,66588.839,66416.115,66429.105,0.0,149.3722499999993,0.03246519114285716
2024-10-15 21:10:00+00:00,66387.2,66468.9865,66383.225,66397.145,0.0,146.54414285714196,0.03246519114285716
2024-10-15 21:15:00+00:00,66420.256,66420.256,66309.4945,66321.7235,0.0,145.06732142856967,0.032424844476190505
2024-10-15 21:20:00+00:00,66270.948,66381.745,66167.75,66381.745,0.0,153.8064642857124,0.032263344476190496
2024-10-15 21:25:00+00:00,66419.25,66510.8,66403.4,66403.4,0.0,145.85946428571228,0.03221572542857145
2024-10-15 21:30:00+00:00,66440.0,66440.0,66316.805,66422.8035,0.0,141.46803571428504,0.03221572542857145
2024-10-15 21:35:00+00:00,66386.344,66386.344,66152.556,66259.925,0.0001,151.03039285714163,0.031237997428571453
2024-10-15 21:40:00+00:00,66225.75,66278.293,66133.913,66237.18,0.003540779,148.75921428571434,0.03140660595238097
2024-10-15 21:45:00+00:00,66260.405,66379.779,66260.405,66289.884,0.0,148.70075000000048,0.03140660595238097
2024-10-15 21:50:00+00:00,66322.18,66462.865,66322.18,66462.865,0.003289653,153.28546428571488,0.000610875142857164
2024-10-15 21:55:00+00:00,66439.5,66439.5,66408.17,66439.005,0.0,151.35503571428646,0.000610875142857164
2024-10-15 22:00:00+00:00,66466.15,66641.753,66431.655,66431.655,0.0,158.36275000000023,0.0003300205714285926
2024-10-15 22:05:00+00:00,66470.9965,66516.11,66434.981,66516.11,0.0,145.18703571428549,0.0003300205714285926
2024-10-15 22:10:00+00:00,66515.8295,66560.55,66509.659,66541.41,0.0,140.4170357142866,0.0003300205714285926
2024-10-15 22:15:00+00:00,66573.6805,66726.5755,66573.6805,66726.5755,0.0,141.30571428571525,0.0003300205714285926
2024-10-15 22:20:00+00:00,66740.0625,66796.5225,66740.0625,66792.37,0.0,140.1761071428586,0.0003300205714285926
2024-10-15 22:25:00+00:00,66821.75,66821.75,66731.364,66806.6555,0.004460212,138.72071428571613,0.0005424116190476402
2024-10-15 22:30:00+00:00,66828.1075,66975.5625,66828.1075,66975.5625,0.0,135.50014285714548,0.0005424116190476402
2024-10-15 22:35:00+00:00,66933.925,66933.925,66794.1865,66794.1865,0.0,139.2373571428595,0.0005424116190476402
2024-10-15 22:40:00+00:00,66828.15,66882.13,66805.405,66805.405,0.0,136.71939285714532,0.0005424116190476402
2024-10-15 22:45:00+00:00,66768.23,66805.405,66750.75,66750.75,0.001984678,121.31992857143112,0.0006369200952381164
2024-10-15 22:50:00+00:00,66726.2315,66815.25,66726.2315,66815.25,0.0,117.36553571428833,0.0006369200952381164
2024-10-15 22:55:00+00:00,66790.353,66790.353,66743.3295,66743.3295,0.0,112.3170714285734,0.0006369200952381164
2024-10-15 23:00:00+00:00,66778.224,66852.934,66778.224,66852.934,0.0,107.7901785714296,0.0006369200952381164
2024-10-15 23:05:00+00:00,66813.0685,66813.0685,66730.7,66746.255,0.0,112.61439285714316,0.0006369200952381164
2024-10-15 23:10:00+00:00,66739.259,66817.333,66679.465,66679.465,0.001978184,107.45510714285774,0.0007311193333333544
2024-10-15 23:15:00+00:00,66705.8865,66715.2835,66705.8865,66715.2835,0.0,103.9810714285725,0.0007311193333333544
2024-10-15 23:20:00+00:00,66666.018,66719.07,66666.018,66719.07,0.0,104.13542857143018,0.0007263574285714498
2024-10-15 23:25:00+00:00,66716.465,66767.388,66716.465,66767.388,0.0,94.54667857143068,0.0005577489047619259
2024-10-15 23:30:00+00:00,66780.7955,66861.225,66780.7955,66861.225,0.0,96.2531071428592,0.0005577489047619259
2024-10-15 23:35:00+00:00,66880.203,66967.59,66880.203,66967.59,0.0,97.39446428571578,0.000401098761904783
2024-10-15 23:40:00+00:00,66997.6605,67144.905,66997.6605,67034.835,0.0,97.99503571428691,0.000401098761904783
2024-10-15 23:45:00+00:00,67077.17,67110.725,67025.3485,67066.296,0.0,91.13792857143042,0.000401098761904783
2024-10-15 23:50:00+00:00,67028.231,67028.231,66998.172,66998.172,0.0,89.72225000000097,0.000401098761904783
2024-10-15 23:55:00+00:00,66971.138,67082.515,66971.138,67082.515,0.0,93.77382142857199,0.000401098761904783
2024-10-16 00:00:00+00:00,67112.6,67112.6,67020.559,67048.5875,0.000153501,93.98971428571531,0.00040840833333335443
2024-10-16 00:05:00+00:00,67025.3135,67101.35,66940.206,66940.206,0.0,100.36282142857297,0.00040840833333335443
2024-10-16 00:10:00+00:00,66924.6865,66924.6865,66893.4145,66913.94,0.0,95.87617857143154,0.00019601728571430689
2024-10-16 00:15:00+00:00,66892.815,66950.6305,66824.636,66950.6305,0.0,96.14478571428897,0.00019601728571430689
2024-10-16 00:20:00+00:00,66921.62,66921.62,66841.871,66841.871,0.0,94.06560714286024,0.00019601728571430689
2024-10-16 00:25:00+00:00,66812.9445,66836.3375,66790.3335,66791.201,0.0,95.18839285714577,0.00019601728571430689
2024-10-16 00:30:00+00:00,66834.02,66834.02,66784.4645,66789.6845,0.0,94.93864285714517,0.00010150880952383066
2024-10-16 00:35:00+00:00,66815.88,66842.4,66815.88,66842.4,0.0,95.06667857142955,0.00010150880952383066
2024-10-16 00:40:00+00:00,66880.49,66991.0635,66880.49,66931.295,0.0,98.98285714285885,0.00010150880952383066
2024-10-16 00:45:00+00:00,66950.7645,66950.7645,66776.2,66866.985,0.001973238,103.85425000000292,0.00019547252380954495
2024-10-16 00:50:00+00:00,66911.5015,66944.91,66869.2805,66869.2805,0.0,96.75496428571725,0.00019547252380954495
2024-10-16 00:55:00+00:00,66892.092,66892.092,66891.8825,66891.8825,0.0,92.2860357142885,0.00010127328571430686
2024-10-16 01:00:00+00:00,66856.275,66928.8635,66856.275,66883.945,0.0,92.60492857143254,0.00010127328571430686
2024-10-16 01:05:00+00:00,66835.0115,66854.7725,66811.7415,66854.7725,0.0,89.80682142857611,0.00010127328571430686
2024-10-16 01:10:00+00:00,66810.6345,66870.2835,66777.55,66870.2835,0.0,89.8562857142897,0.00010127328571430686
2024-10-16 01:15:00+00:00,66899.422,67282.95,66899.422,67159.65,0.0,107.82217857143198,0.00010127328571430686
2024-10-16 01:20:00+00:00,67129.9155,67421.496347607,67120.801,67404.068347607,0.000150959,125.95816768621651,0.00010846180952383066
2024-10-16 01:25:00+00:00,67401.146347607,67484.1436146095,67330.79,67475.27,0.004,127.91239015832356,0.00029893800000002115
2024-10-16 01:30:00+00:00,67437.5545,67437.5545,67253.265,67253.375,0.002287531,136.00135444403818,0.00040786804761906877
2024-10-16 01:35:00+00:00,67229.25,67296.2325,67165.1545,67249.349,0.0,141.68281872975163,0.00040786804761906877
2024-10-16 01:40:00+00:00,67204.2,67253.392,67150.176,67253.392,0.002,145.51571158689435,0.000503106142857164
2024-10-16 01:45:00+00:00,67210.29,67227.984,67144.69,67227.984,0.0,149.51474730118102,0.0004957965714285925
2024-10-16 01:50:00+00:00,67259.758,67370.5985,67259.758,67370.5985,0.001952359,149.08267587260863,0.0005887660476190687
2024-10-16 01:55:00+00:00,67344.208,67373.1,67333.63,67372.58,0.0,139.43306872975103,0.0005887660476190687
2024-10-16 02:00:00+00:00,67394.035,67448.61,67314.701,67409.52,0.001,143.43192587260793,0.0006363850952381164
2024-10-16 02:05:00+00:00,67370.964,67554.106,67370.964,67484.1745,0.008,154.88410444403522,0.0010173374761904973
2024-10-16 02:10:00+00:00,67513.8,67559.015,67470.2835,67470.2835,0.0,156.03717587260533,0.0010173374761904973
2024-10-16 02:15:00+00:00,67425.8675,67425.8675,67360.275,67370.444,0.0,158.73753301546301,0.0010173374761904973
2024-10-16 02:20:00+00:00,67347.525,67424.405,67308.6705,67390.096,0.0,160.38046158689187,0.0010173374761904973
2024-10-16 02:25:00+00:00,67354.845,67354.845,67270.237,67322.5455,0.0121,139.4656401583218,0.0015935279523809737
2024-10-16 02:30:00+00:00,67294.41,67294.415,67218.1,67294.415,0.004449061,125.44779390067872,0.0017114242857143068
2024-10-16 02:35:00+00:00,67319.8325,67375.071,67294.5095,67294.5095,0.0,120.25510714285754,0.0017114242857143068
2024-10-16 02:40:00+00:00,67257.385,67353.6,67257.385,67312.45,0.007277949,111.270107142858,0.0020579932857143065
2024-10-16 02:45:00+00:00,67357.3,67366.7,67304.515,67353.787,0.012,106.34917857142968,0.0026294218571428782
2024-10-16 02:50:00+00:00,67302.785,67382.0,67272.5995,67331.73,0.007274881,106.79092857142989,0.002975844761904783
2024-10-16 02:55:00+00:00,67348.08,67348.08,67284.033,67284.033,0.0,103.60128571428712,0.002975844761904783
2024-10-16 03:00:00+00:00,67264.495,67271.732,67241.4455,67241.4455,0.0,96.45650000000127,0.002975844761904783
2024-10-16 03:05:00+00:00,67246.63,67246.63,67214.6,67243.693,0.0,95.92507142857254,0.0029686562380952593
2024-10-16 03:10:00+00:00,67222.32,67222.32,67206.0265,67206.0265,0.0,89.05060714285771,0.0027781800476190687
2024-10-16 03:15:00+00:00,67200.0,67200.0,67094.35,67127.025,0.001,83.94592857142977,0.0027168690476190686
2024-10-16 03:20:00+00:00,67172.2775,67176.7,67116.57,67154.28,0.00774616,81.90296428571517,0.003085733809523831
2024-10-16 03:25:00+00:00,67146.795,67184.027,67133.05,67142.965,0.0,77.6864285714286,0.0029904957142857353
2024-10-16 03:30:00+00:00,67126.7045,67164.234,67076.725,67152.593,0.0,75.6703214285704,0.0029904957142857353
2024-10-16 03:35:00+00:00,67127.5795,67127.5795,67083.35,67083.35,0.0,72.05489285714013,0.0028975262380952593
2024-10-16 03:40:00+00:00,67111.0065,67111.013,67080.655,67107.675,0.0,66.76292857142731,0.0028975262380952593
2024-10-16 03:45:00+00:00,67149.358,67199.35,67144.2625,67144.2625,0.0,67.54999999999875,0.002849907190476212
2024-10-16 03:55:00+00:00,67101.299,67101.299,67086.474,67086.474,0.0,64.80524999999761,0.002468954809523831
2024-10-16 04:00:00+00:00,67090.71,67114.47,67070.9605,67114.47,0.0,63.4712857142835,0.002468954809523831
2024-10-16 04:05:00+00:00,67129.34,67223.338,67129.34,67165.559,0.00774687,63.433249999997706,0.002837853380952402
2024-10-16 04:10:00+00:00,67204.395,67204.4665,67204.395,67204.4665,0.0,61.63757142856879,0.002837853380952402
2024-10-16 04:15:00+00:00,67174.6,67174.6,67131.16,67161.405,0.0,63.83178571428289,0.0022616629047619258
2024-10-16 04:20:00+00:00,67133.4585,67133.4585,67080.059,67080.059,0.0,67.35435714285475,0.0020498028571428782
2024-10-16 04:25:00+00:00,67052.07,67054.761,67020.75,67020.75,0.0,68.90024999999774,0.0020498028571428782
2024-10-16 04:30:00+00:00,67046.315,67046.315,67006.8005,67006.8005,0.0,63.74582142856941,0.0017032338571428783
2024-10-16 04:35:00+00:00,67000.0,67000.0,66886.6,66886.6,0.001,68.03657142856953,0.0011794243333333545
2024-10-16 04:40:00+00:00,66930.9115,66980.777,66930.9115,66951.6195,0.0,71.1222857142836,0.0008330014285714497
2024-10-16 04:45:00+00:00,66967.13,66986.82,66916.538,66980.6465,0.0,69.89178571428472,0.0008330014285714497
2024-10-16 04:50:00+00:00,67021.725,67043.909,67005.9035,67005.9035,0.0,69.46460714285682,0.0008330014285714497
2024-10-16 04:55:00+00:00,66994.6505,67033.025,66978.85,67025.588,0.0,71.16582142856974,0.0008330014285714497
2024-10-16 05:00:00+00:00,66976.424,67017.29,66974.175,66974.175,0.0,68.28996428571243,0.0008330014285714497
2024-10-16 05:05:00+00:00,66929.3645,67010.9945,66914.389,66960.22,0.0,71.062607142856,0.000785382380952402
2024-10-16 05:10:00+00:00,66971.5855,67024.4,66971.5855,66981.4065,0.003,72.53907142856977,0.0005593747619047831
2024-10-16 05:15:00+00:00,67016.8225,67105.9425,67016.8225,67091.17,0.0,73.658214285713,0.000559374761904783
2024-10-16 05:20:00+00:00,67092.4,67131.9,67044.547,67127.57,0.00101461,77.11860714285493,0.0006076895238095449
2024-10-16 05:25:00+00:00,67129.7895,67173.179,67101.43,67173.179,0.0,77.0073571428563,0.0006076895238095449
2024-10-16 05:30:00+00:00,67152.7805,67160.29,67116.7265,67140.881,0.0,75.22924999999876,0.0006076895238095449
2024-10-16 05:35:00+00:00,67118.889,67272.436,67076.19,67246.7615,0.001,85.01046428571343,0.0006553085714285925
2024-10-16 05:40:00+00:00,67261.1,67295.51,67247.9825,67276.085,0.0,85.67003571428462,0.0006553085714285925
2024-10-16 05:45:00+00:00,67306.773,67355.395,67269.43,67286.7085,9.0685e-05,83.22464285714315,0.0006596269047619259
2024-10-16 05:50:00+00:00,67250.14,67250.14,67200.7585,67200.7585,0.0,82.63700000000037,0.0002907283333333545
2024-10-16 05:55:00+00:00,67171.2245,67238.8,67171.2245,67223.1915,0.005180759,82.44367857142892,0.000537431142857164
2024-10-16 06:00:00+00:00,67176.05,67176.05,67110.42,67157.9,0.0,85.98003571428646,0.000537431142857164
2024-10-16 06:05:00+00:00,67187.9965,67246.645,67187.9965,67231.231,0.0,88.44932142857371,0.000537431142857164
2024-10-16 06:10:00+00:00,67261.247,67288.509,67233.6405,67288.509,0.0,88.86825000000265,0.000537431142857164
2024-10-16 06:15:00+00:00,67259.638,67290.426,67259.638,67290.426,0.0,84.16700000000232,0.000537431142857164
2024-10-16 06:20:00+00:00,67259.7,67259.7,67131.442,67182.072,0.0,90.93871428571791,0.0004898120952381164
2024-10-16 06:25:00+00:00,67138.5015,67138.5015,67009.645,67009.645,0.0,94.35950000000283,0.0004898120952381164
2024-10-16 06:30:00+00:00,67039.247,67073.323,66965.845,67050.245,0.001,95.79700000000386,0.000537431142857164
2024-10-16 06:35:00+00:00,67068.05,67143.635,67068.05,67135.478,0.0,97.34278571428877,0.000537431142857164
2024-10-16 06:40:00+00:00,67113.1585,67145.173,67113.1585,67145.173,0.0,95.59721428571667,0.000537431142857164
2024-10-16 06:45:00+00:00,67102.4995,67117.455,67060.3625,67117.455,0.0,87.63753571428762,0.000537431142857164
2024-10-16 06:50:00+00:00,67135.805,67174.4,67135.805,67174.4,0.0,88.22300000000125,0.000537431142857164
2024-10-16 06:55:00+00:00,67132.915,67132.915,67045.592,67045.592,0.0075,91.28321428571404,0.0007517168571428783
2024-10-16 07:00:00+00:00,67010.457,67010.457,66912.39,66983.981,0.0,94.65835714285744,0.0007517168571428783
2024-10-16 07:05:00+00:00,67021.1045,67021.1045,66911.126,66911.126,0.0,97.68714285714252,0.0007034020952381164
2024-10-16 07:10:00+00:00,66874.8835,66875.75,66832.1665,66832.1665,0.0,95.27199999999928,0.0007034020952381164
2024-10-16 07:15:00+00:00,66844.9665,66915.495,66800.3,66915.495,0.0,97.16128571428375,0.0007034020952381164
2024-10-16 07:20:00+00:00,66891.05,66891.05,66851.34,66890.175,0.0,97.65249999999754,0.0006557830476190688
2024-10-16 07:25:00+00:00,66923.2345,66923.2345,66872.768,66891.355,0.0,99.05810714285533,0.0006557830476190688
2024-10-16 07:30:00+00:00,66919.2215,66955.7625,66919.2215,66955.7625,0.0,92.30264285714033,0.0006514647142857354
2024-10-16 07:35:00+00:00,66915.2515,66916.2625,66864.302,66864.302,0.156075589,86.51932142856926,0.00808363561904764
2024-10-16 07:40:00+00:00,66845.2615,66866.25,66845.2615,66866.25,0.0,80.3414999999981,0.00783693280952383
2024-10-16 07:45:00+00:00,66910.08,66939.095,66864.315,66907.434,0.0,79.01221428571236,0.00783693280952383
2024-10-16 07:50:00+00:00,66925.58,66959.096,66892.05,66959.096,0.0,81.5144642857132,0.00783693280952383
2024-10-16 07:55:00+00:00,67004.105,67004.105,66962.3945,66972.99,0.0,78.67149999999882,0.00783693280952383
2024-10-16 08:00:00+00:00,66996.9,67050.735,66962.5745,66962.5745,0.0,80.90117857142779,0.00783693280952383
2024-10-16 08:05:00+00:00,66919.875,67038.9325,66919.875,67038.9325,0.0,80.20471428571389,0.00783693280952383
2024-10-16 08:10:00+00:00,67081.05,67159.455,67029.585,67029.585,0.00219725,79.96671428571322,0.007941563761904783
2024-10-16 08:15:00+00:00,67060.61,67092.75,67018.095,67092.75,0.0,77.44360714285618,0.007893944714285735
2024-10-16 08:20:00+00:00,67068.4,67119.57,67068.4,67119.57,0.0,75.458642857143,0.007893944714285735
2024-10-16 08:25:00+00:00,67159.95,67159.95,67119.065,67145.04,0.0,70.15078571428603,0.007893944714285735
2024-10-16 08:30:00+00:00,67188.929,67188.929,67099.692,67099.692,0.0,71.94235714285813,0.007893944714285735
2024-10-16 08:35:00+00:00,67133.713,67197.84,67133.713,67196.2,0.0,75.34817857142896,0.007893944714285735
2024-10-16 08:40:00+00:00,67200.0,67246.81,67132.125,67169.9295,0.001,78.9394285714287,0.007584420904761926
2024-10-16 08:45:00+00:00,67216.532,67259.65,67209.225,67209.225,0.002156216,78.81514285714262,0.007687097857142878
2024-10-16 08:50:00+00:00,67189.249,67225.93,67179.2215,67179.2215,0.0,80.65228571428452,0.007687097857142878
2024-10-16 08:55:00+00:00,67154.927,67154.927,67121.77,67121.77,0.0,79.41453571428428,0.007687097857142878
2024-10-16 09:00:00+00:00,67092.44,67166.8405,67092.44,67166.8405,0.001043023,79.9398571428558,0.00773676561904764
2024-10-16 09:05:00+00:00,67148.0245,67148.0245,67073.142,67098.125,0.0,83.41767857142779,0.00773676561904764
2024-10-16 09:10:00+00:00,67085.705,67161.9765,67085.705,67161.9765,0.0,82.56846428571382,0.00773676561904764
2024-10-16 09:15:00+00:00,67197.225,67243.0345,67140.8005,67140.8005,0.0,81.36678571428534,0.00773676561904764
2024-10-16 09:20:00+00:00,67108.48,67151.8,67108.48,67151.8,0.0,75.18464285714332,0.0003045947142857354
2024-10-16 09:25:00+00:00,67115.7365,67239.385,67115.7365,67239.385,0.0,78.6841785714288,0.0003045947142857354
2024-10-16 09:30:00+00:00,67293.015,67380.875,67293.015,67380.875,0.000611025,85.13560714285684,0.000333691142857164
2024-10-16 09:35:00+00:00,67397.6185,67456.8325,67348.86,67456.8325,0.001,89.92757142857174,0.0003813101904762116
2024-10-16 09:40:00+00:00,67420.488,67420.488,67390.533,67407.63,0.0001,88.28917857142889,0.0003860720952381164
2024-10-16 09:45:00+00:00,67364.44,67400.61,67360.8,67400.61,0.002246728,84.62360714285751,0.0004930591428571639
2024-10-16 09:50:00+00:00,67361.924,67361.924,67322.485,67346.235,0.00350139,82.0121785714291,0.0006597920000000211
2024-10-16 09:55:00+00:00,67326.855,67386.85,67283.235,67386.85,0.0,83.00464285714406,0.0005551610476190688
2024-10-16 10:00:00+00:00,67422.63,67422.63,67335.0115,67393.762,0.001941391,85.92678571428821,0.0006476082380952593
2024-10-16 10:05:00+00:00,67427.5845,67487.1575,67427.5845,67487.1575,0.0,88.494214285717,0.0006476082380952593
2024-10-16 10:10:00+00:00,67457.227,67565.2425,67457.227,67565.2425,0.0,90.89528571428777,0.0006476082380952593
2024-10-16 10:15:00+00:00,67584.0,67789.729,67573.35,67643.3995,0.006083855,100.23728571428884,0.0009373156190476403
2024-10-16 10:20:00+00:00,67664.41,67764.65,67614.9,67752.515,5.0087e-05,105.48575000000294,0.0009397007142857354
2024-10-16 10:25:00+00:00,67724.915,67755.658,67661.9555,67661.9555,0.001617225,104.87635714286027,0.000969092380952402
2024-10-16 10:30:00+00:00,67629.75,67661.66,67606.5355,67641.41,0.0,105.74064285714537,0.0008664154285714496
2024-10-16 10:35:00+00:00,67620.5105,67769.982,67620.5105,67670.1885,0.0,107.58514285714566,0.0008664154285714496
2024-10-16 10:40:00+00:00,67640.3,67640.3,67531.87,67568.5525,0.001,107.35860714286017,0.0009140344761904973
2024-10-16 10:45:00+00:00,67591.099,67633.08,67569.44,67617.1145,0.094222368,104.25539285714538,0.005351146142857164
2024-10-16 10:50:00+00:00,67644.3195,67699.124,67570.38,67699.124,0.0,108.71571428571562,0.005351146142857164
2024-10-16 10:55:00+00:00,67684.95,67731.0,67660.3565,67731.0,0.0029925,110.41667857143018,0.005493646142857163
2024-10-16 11:00:00+00:00,67758.08,67788.9,67626.74,67662.172,0.005680788,116.41917857142938,0.005764159857142878
2024-10-16 11:05:00+00:00,67611.36,67747.725,67611.36,67717.45,0.0,118.7584642857151,0.005764159857142878
2024-10-16 11:10:00+00:00,67720.1315,67761.6375,67694.8,67761.6375,0.001936537,117.27410714285672,0.005856375904761926
2024-10-16 11:15:00+00:00,67771.55,67864.7365,67708.799,67708.799,0.002,121.74139285714253,0.005922517571428592
2024-10-16 11:20:00+00:00,67758.773,67910.72,67758.773,67902.6,0.0,128.4489285714288,0.005874898523809545
2024-10-16 11:25:00+00:00,67942.765,68196.25,67942.765,68109.315,0.002512313,133.38917857142744,0.005989770571428592
2024-10-16 11:30:00+00:00,68163.0655,68284.08,68143.05,68184.9,0.0,135.1759642857131,0.005882783523809544
2024-10-16 11:35:00+00:00,68226.425,68298.681,68178.8065,68178.8065,0.0,137.04539285714105,0.005716050666666687
2024-10-16 11:40:00+00:00,68223.053,68295.46,68182.87,68267.255,0.0,141.41921428571263,0.005716050666666687
2024-10-16 11:45:00+00:00,68226.51,68386.6455,68198.181,68230.84,0.0,144.2044285714271,0.005623603476190496
2024-10-16 11:50:00+00:00,68187.548,68220.75,67912.84,67955.495,0.001,157.03882142856932,0.005671222523809544
2024-10-16 11:55:00+00:00,67915.89,68072.605,67911.065,67911.065,0.934542467,163.9682857142834,0.05017324476190478
2024-10-16 12:00:00+00:00,67940.893,67940.893,67662.9,67933.5955,0.003372134,174.62892857142702,0.05004411519047621
2024-10-16 12:05:00+00:00,67968.35,68042.2585,67818.551,67847.252,0.001739839,185.56207142856874,0.0501245795714286
2024-10-16 12:10:00+00:00,67893.101,67987.4835,67878.089,67902.265,0.0,183.99574999999874,0.050047568857142885
2024-10-16 12:15:00+00:00,67954.8985,67954.8985,67801.9275,67835.35,0.012321292,185.18189285714055,0.05063429704761908
2024-10-16 12:20:00+00:00,67800.0,67884.095,67770.59,67882.925,0.025778796,188.51528571428415,0.05186185876190479
2024-10-16 12:25:00+00:00,67917.48,67982.595,67872.2175,67982.595,1.13e-06,185.2609999999986,0.05181429352380955
2024-10-16 12:30:00+00:00,67953.71,67978.375,67947.92,67947.92,0.0,173.3148571428558,0.04732751409523811
2024-10-16 12:35:00+00:00,67930.293,67973.3,67882.9735,67952.99,0.0,158.7917499999998,0.04732751409523812
2024-10-16 12:40:00+00:00,67912.33,67912.33,67837.085,67885.025,0.0,154.58746428571405,0.04718501409523811
2024-10-16 12:45:00+00:00,67897.2795,67897.2795,67773.9955,67878.553,0.0,154.8310000000004,0.046914500380952406
2024-10-16 12:50:00+00:00,67906.2,67942.723,67805.8255,67826.98,0.0,156.2769999999998,0.046914500380952406
2024-10-16 12:55:00+00:00,67806.315,67837.13,67806.315,67813.323,0.0,145.01632142857125,0.04682228433333335
2024-10-16 13:00:00+00:00,67850.375,67912.521,67783.6385,67912.521,0.0,131.50792857142784,0.04672704623809526
2024-10-16 13:05:00+00:00,67880.61,67962.9245,67779.6,67810.8,0.018374426,133.06396428571315,0.04760201890476193
2024-10-16 13:10:00+00:00,67766.1,67832.939,67761.694,67761.694,0.093986812,118.29624999999838,0.05195794742857145
2024-10-16 13:15:00+00:00,67785.199,67799.75,67754.2025,67766.333,0.0,105.57053571428489,0.05195794742857145
2024-10-16 13:20:00+00:00,67802.066,67817.95,67730.138,67810.73,0.159663442,101.82628571428359,0.059560968476190496
2024-10-16 13:25:00+00:00,67856.0615,67872.407,67856.0615,67872.407,0.0,95.30528571428502,0.059560968476190496
2024-10-16 13:30:00+00:00,67838.125,67884.985,67570.64,67884.985,0.002,109.65099999999906,0.059656206571428595
2024-10-16 13:35:00+00:00,67825.568,67833.248,67266.225,67266.225,0.002,145.96403571428422,0.05970382561904765
2024-10-16 13:40:00+00:00,67314.4265,67482.405,67086.8,67220.19,0.005722716,171.74474999999802,0.015474313666666689
2024-10-16 13:45:00+00:00,67242.33,67395.15,67176.935,67334.3285,0.0,180.8796428571399,0.015313735857142878
2024-10-16 13:50:00+00:00,67312.59,67327.006,67236.6995,67327.006,0.0,179.57421428571146,0.015230886380952404
2024-10-16 13:55:00+00:00,67373.234,67439.39,67303.406,67376.9475,0.001,180.48135714285414,0.01527850542857145
2024-10-16 14:00:00+00:00,67413.424,67636.27,67325.8305,67626.9165,0.005850621,192.8772142857124,0.014970378238095262
2024-10-16 14:05:00+00:00,67589.9545,67987.55,67523.0095,67956.4685,0.001276153,223.8576071428553,0.013803585714285735
2024-10-16 14:10:00+00:00,67939.755,67939.755,67790.92,67907.5945,0.019556834,226.47660714285615,0.014734809714285736
2024-10-16 14:15:00+00:00,67949.664,68276.055,67945.825,68084.5505,0.002,239.70060714285606,0.01483004780952383
2024-10-16 14:20:00+00:00,68125.035,68177.221,67921.9385,68102.0415,0.002,252.84614285714218,0.014925285904761927
2024-10-16 14:25:00+00:00,68051.113,68138.4085,67736.922,67751.193,0.001,278.27035714285637,0.014972904952380975
2024-10-16 14:30:00+00:00,67787.1945,67834.909,67616.224,67834.909,4.2891e-05,287.6184285714283,0.014974947380952402
2024-10-16 14:35:00+00:00,67858.7585,67858.7585,67463.005,67463.005,0.001,311.4810357142841,0.01502256642857145
2024-10-16 14:40:00+00:00,67441.6525,67502.21,67426.0965,67461.543,0.0,294.46449999999874,0.01502256642857145
2024-10-16 14:45:00+00:00,67439.7,67748.6755,67411.8,67736.255,0.0,274.3298928571416,0.01502256642857145
2024-10-16 14:50:00+00:00,67781.0,67854.165,67634.023,67715.992,0.001,261.7968214285699,0.01419521280952383
2024-10-16 14:55:00+00:00,67685.584,67685.584,67567.866,67627.035,0.001,256.7904642857133,0.0097672693809524
2024-10-16 15:00:00+00:00,67642.58,67718.1075,67506.865,67506.865,0.047681547,264.90571428571275,0.012037819238095257
2024-10-16 15:05:00+00:00,67488.53,67546.3015,67421.15,67546.3015,0.004292804,264.1319642857135,0.00463921742857145
2024-10-16 15:10:00+00:00,67581.565,67729.828,67581.565,67729.828,0.0,255.06674999999814,0.00463921742857145
2024-10-16 15:15:00+00:00,67752.65,67853.74,67724.093,67754.064,0.105855963,231.1457857142845,0.009584739476190499
2024-10-16 15:20:00+00:00,67792.884,67964.5,67792.884,67869.68,0.0,234.35203571428428,0.009489501380952402
2024-10-16 15:25:00+00:00,67891.489,67937.311,67835.7,67937.311,0.0,215.29135714285698,0.009216991095238117
2024-10-16 15:30:00+00:00,67896.452,68053.0485,67885.575,67885.575,0.001010696,209.019285714286,0.009265119476190497
2024-10-16 15:35:00+00:00,67907.06,67985.38,67834.6165,67834.6165,0.00189454,191.11050000000043,0.009355335666666688
2024-10-16 15:40:00+00:00,67870.516,67954.681,67870.15,67870.15,0.0,184.06617857142868,0.00930771661904764
2024-10-16 15:45:00+00:00,67838.8505,67838.8505,67658.5,67749.911,0.001,170.91592857142885,0.009076734666666688
2024-10-16 15:50:00+00:00,67783.31,67820.61,67707.5,67770.65,0.0,173.55853571428557,0.009015965476190498
2024-10-16 15:55:00+00:00,67761.211,67794.735,67699.865,67738.5625,3.1746e-05,156.27242857142846,0.008086199380952402
2024-10-16 16:00:00+00:00,67773.3145,67938.226,67733.595,67809.427,0.088436654,155.1645,0.012202230523809546
2024-10-16 16:05:00+00:00,67836.9,67836.9,67652.66,67788.687,0.007171902,157.7440714285705,0.012448511571428593
2024-10-16 16:10:00+00:00,67827.6,67854.015,67659.4555,67697.86,0.001893845,156.55242857142835,0.01249107561904764
2024-10-16 16:15:00+00:00,67667.61,67667.61,67517.046,67628.01,0.001,160.52832142857056,0.012536652238095261
2024-10-16 16:20:00+00:00,67577.714,67713.375,67577.714,67680.933,0.0,157.10935714285628,0.012489033190476213
2024-10-16 16:25:00+00:00,67650.958,67684.351,67614.67,67684.351,0.0,152.82607142856952,0.012489033190476213
2024-10-16 16:30:00+00:00,67659.05,67659.05,67480.42,67480.42,0.0,152.36142857142633,0.012489033190476213
2024-10-16 16:35:00+00:00,67504.5375,67642.097,67477.45,67604.595,0.066002541,156.86399999999725,0.015584392285714309
2024-10-16 16:40:00+00:00,67646.255,67646.255,67568.5155,67568.719,0.0,150.45442857142604,0.01553677323809526
2024-10-16 16:45:00+00:00,67599.998,67641.785,67544.9,67634.321,0.414347746,146.60596428571236,0.032997068428571454
2024-10-16 16:50:00+00:00,67654.055,67781.84,67654.055,67781.84,0.0,148.5669999999986,0.03279264919047622
2024-10-16 16:55:00+00:00,67800.0,67800.0,67721.647,67780.39,6.3596e-05,139.0457857142849,0.032795677571428594
2024-10-16 17:00:00+00:00,67755.805,67755.805,67679.27,67725.5595,0.0,138.18935714285595,0.027754917428571453
2024-10-16 17:05:00+00:00,67702.272,67783.315,67702.272,67723.39,0.0,137.2017142857138,0.027754917428571453
2024-10-16 17:10:00+00:00,67754.0385,67780.9945,67754.0385,67774.01,0.0,126.69982142857147,0.027754917428571453
2024-10-16 17:15:00+00:00,67794.857,67888.64,67774.44,67774.44,0.000984081,121.7276785714296,0.027753650047619073
2024-10-16 17:20:00+00:00,67824.5635,67889.225,67824.5635,67878.2,0.0,116.02950000000108,0.027663433857142882
2024-10-16 17:25:00+00:00,67909.1325,67958.4875,67840.7,67840.7,0.008078098,111.52760714285874,0.02804810519047621
2024-10-16 17:30:00+00:00,67893.287,67960.868,67893.287,67960.868,0.0,110.42096428571676,0.028000486142857165
2024-10-16 17:35:00+00:00,67974.7,68035.414,67921.51,67935.95,0.001,113.57975000000339,0.02804810519047621
2024-10-16 17:40:00+00:00,67899.6,68044.994,67867.3,68044.994,0.001892668,111.7056785714324,0.02813672052380955
2024-10-16 17:45:00+00:00,68022.538,68052.604,68022.538,68052.604,1.5879e-05,102.09275000000447,0.023926207428571454
2024-10-16 17:50:00+00:00,68023.5295,68053.24,67898.37,67898.37,0.0,107.60207142857585,0.02358468828571431
2024-10-16 17:55:00+00:00,67932.4045,67970.9595,67932.4045,67936.6375,0.0,105.86667857143246,0.023494505190476214
2024-10-16 18:00:00+00:00,67904.3,68025.525,67904.3,68025.525,3.1798e-05,103.98853571428897,0.02344840033333336
2024-10-16 18:05:00+00:00,68071.6205,68071.6205,67887.2,67960.6025,0.0,111.5647857142893,0.02344840033333336
2024-10-16 18:10:00+00:00,67928.2795,67961.6865,67905.128,67905.128,0.014428576,108.3818214285753,0.024135475380952405
2024-10-16 18:15:00+00:00,67926.5,67949.863,67865.8985,67941.575,0.043301635,108.59050000000363,0.026197458000000024
2024-10-16 18:20:00+00:00,67923.8,68064.057,67914.099,67997.385,0.036205098,115.18717857143201,0.024778532142857163
2024-10-16 18:25:00+00:00,67954.2795,68004.215,67954.2795,68003.79,0.0,110.56614285714542,0.024778532142857163
2024-10-16 18:30:00+00:00,68049.5645,68049.5645,67895.045,67897.73,0.0001431,113.40432142857337,0.005054501380952402
2024-10-16 18:35:00+00:00,67869.14,67882.05,67833.12,67833.12,0.0,109.60592857143014,0.005054501380952402
2024-10-16 18:40:00+00:00,67841.617,67841.617,67805.4155,67805.4155,0.0,103.60832142857232,0.005051473000000022
2024-10-16 18:45:00+00:00,67819.4,67853.9295,67819.4,67830.76,0.015158428,98.93760714285703,0.005773302904761926
2024-10-16 18:50:00+00:00,67873.1365,67880.33,67822.9,67863.1975,0.0,90.34732142857163,0.005773302904761926
2024-10-16 18:55:00+00:00,67821.24,67832.913,67815.4,67832.913,0.0,91.61385714285696,0.005773302904761926
2024-10-16 19:00:00+00:00,67865.826,67865.826,67722.16,67722.16,0.002937519,90.81357142857034,0.005866323761904784
2024-10-16 19:05:00+00:00,67743.9845,67893.633,67743.9845,67893.633,0.0,97.87667857142722,0.005866323761904784
2024-10-16 19:10:00+00:00,67915.435,67943.341,67882.1,67927.048,0.0,93.59210714285602,0.00548165242857145
2024-10-16 19:15:00+00:00,67881.31,67964.955,67874.124,67907.25,1.5919e-05,86.90714285714161,0.005482410476190498
2024-10-16 19:20:00+00:00,67873.5275,67875.4355,67846.362,67875.4355,0.071642509,87.21639285714211,0.008846339476190497
2024-10-16 19:25:00+00:00,67837.7125,67905.7585,67806.06,67846.26,0.17982903,88.34024999999903,0.017319499571428594
2024-10-16 19:30:00+00:00,67824.765,67885.77,67824.765,67885.77,0.0,81.98646428571374,0.01731874342857145
2024-10-16 19:35:00+00:00,67830.77,67830.77,67777.7675,67799.3305,0.0,86.1341071428573,0.01731874342857145
2024-10-16 19:40:00+00:00,67776.483,67776.483,67661.2895,67727.4,0.0,84.95707142857178,0.01731874342857145
2024-10-16 19:45:00+00:00,67690.591,67724.8175,67678.003,67678.003,0.001738473,83.87042857142868,0.017400013666666686
2024-10-16 19:50:00+00:00,67714.757,67832.03,67692.3,67820.7115,0.078750404,92.28653571428627,0.021150032904761924
2024-10-16 19:55:00+00:00,67862.9955,67862.9955,67761.824,67761.824,0.0,96.0477857142874,0.020462957857142878
2024-10-16 20:00:00+00:00,67724.497,67763.2235,67680.3,67760.314,0.0041,97.86875000000042,0.018596213333333354
2024-10-16 20:05:00+00:00,67802.2325,67867.243,67767.795,67867.243,0.0,102.09242857142921,0.01687216104761907
2024-10-16 20:10:00+00:00,67899.309,67939.505,67865.62,67899.977,0.0,97.10807142857291,0.01687216104761907
2024-10-16 20:15:00+00:00,67863.195,67895.135,67838.4,67895.135,0.0,89.25835714285911,0.016865346761904782
2024-10-16 20:20:00+00:00,67866.1665,67866.1665,67839.0565,67839.0565,0.0,88.8896071428587,0.016865346761904782
2024-10-16 20:25:00+00:00,67854.91,67854.91,67854.91,67854.91,0.0,83.53407142857239,0.016865346761904782
2024-10-16 20:30:00+00:00,67829.129,67919.0525,67829.129,67919.0525,0.0,85.60803571428654,0.016143516857142878
2024-10-16 20:35:00+00:00,67952.205,67952.205,67894.875,67921.4285,0.018414831,82.58171428571534,0.017020413571428594
2024-10-16 20:45:00+00:00,67892.2855,67939.405,67855.971,67908.1975,0.64857,84.183785714286,0.04790469928571431
2024-10-16 20:50:00+00:00,67877.4125,67877.4125,67782.25,67782.25,0.0,85.46557142857117,0.04776481742857145
2024-10-16 20:55:00+00:00,67736.065,67736.065,67633.345,67633.345,0.0,86.24157142857128,0.04776481742857145
2024-10-16 21:00:00+00:00,67676.7825,67691.3195,67625.54,67625.54,0.0,87.41175000000034,0.04776481742857145
2024-10-16 21:05:00+00:00,67611.55,67611.55,67611.55,67611.55,0.0,77.40910714285668,0.0477640593809524
2024-10-16 21:10:00+00:00,67629.31,67629.31,67610.3,67610.3,0.0,71.54042857142693,0.04435251133333335
2024-10-16 21:15:00+00:00,67624.75,67624.75,67611.365,67611.365,0.0,66.64946428571317,0.03578922419047621
2024-10-16 21:20:00+00:00,67600.6,67617.5,67528.4715,67528.4715,0.001,65.37085714285578,0.03583684323809526
2024-10-16 21:25:00+00:00,67573.619,67592.312,67573.619,67592.312,0.0,64.65339285714124,0.03583684323809526
2024-10-16 21:30:00+00:00,67564.3285,67565.345,67554.945,67554.945,0.0,62.924107142855064,0.03583684323809526
2024-10-16 21:35:00+00:00,67594.1795,67594.1795,67569.7235,67569.7235,0.0,61.7209642857124,0.035754058809523835
2024-10-16 21:40:00+00:00,67584.5,67584.5,67535.3855,67535.3855,0.0,64.09674999999801,0.0320040395714286
2024-10-16 21:45:00+00:00,67518.87,67586.717,67518.87,67564.7315,1.5919e-05,62.51985714285547,0.03200479761904764
2024-10-16 21:50:00+00:00,67513.8065,67533.105,67513.8065,67533.105,0.0,62.062357142854516,0.031809559523809545
2024-10-16 21:55:00+00:00,67552.385,67586.627,67551.64,67575.4,1.5879e-05,59.92578571428333,0.031810315666666686
2024-10-16 22:00:00+00:00,67586.78,67642.5,67579.3695,67640.565,0.001,55.72239285714126,0.03185793471428574
2024-10-16 22:05:00+00:00,67671.85,67688.4385,67642.336,67652.23,0.0,48.50585714285574,0.03185793471428574
2024-10-16 22:10:00+00:00,67637.038,67674.775,67627.985,67674.775,0.0,47.14946428571212,0.03185793471428574
2024-10-16 22:15:00+00:00,67710.4995,67710.4995,67710.4995,67710.4995,0.0,48.70192857142787,0.03185793471428574
2024-10-16 22:20:00+00:00,67682.95,67685.2,67655.3085,67669.0115,0.0,51.28628571428583,0.03185793471428574
2024-10-16 22:30:00+00:00,67667.9,67735.01,67667.9,67714.77,0.004,55.047714285714655,0.03117151419047621
2024-10-16 22:35:00+00:00,67745.715,67760.0,67745.715,67760.0,0.0,51.91925000000005,0.00028722847619049735
2024-10-16 22:40:00+00:00,67787.05,67839.0,67787.05,67809.475,0.001,53.00207142857107,0.00033484752380954493
2024-10-16 22:45:00+00:00,67769.8,67769.8,67769.8,67769.8,0.0,53.166928571428535,0.00033484752380954493
2024-10-16 22:50:00+00:00,67750.325,67804.13,67750.325,67804.13,0.0,54.207678571429696,0.00033484752380954493
2024-10-16 22:55:00+00:00,67808.5115,67808.5115,67786.225,67786.225,0.0,52.291392857143364,0.00033484752380954493
2024-10-16 23:00:00+00:00,67763.125,67763.125,67725.15,67731.955,0.001,51.80767857142928,0.0003824665714285926
2024-10-16 23:05:00+00:00,67716.945,67736.752,67681.102,67736.752,0.0,52.145178571429696,0.0003824665714285926
2024-10-16 23:10:00+00:00,67727.355,67755.65,67723.0525,67746.95,0.0,50.65057142857196,0.00033484752380954493
2024-10-16 23:15:00+00:00,67749.2145,67749.2145,67660.8225,67668.063,5e-05,52.171428571429196,0.0003372284761904973
2024-10-16 23:20:00+00:00,67674.375,67674.375,67630.554,67630.554,0.0,51.88196428571454,0.0003372284761904973
2024-10-16 23:25:00+00:00,67626.57,67657.035,67613.62,67657.035,0.0,51.640892857144145,0.0003372284761904973
2024-10-16 23:30:00+00:00,67648.2,67734.41,67648.2,67720.65,0.000590541,55.247000000000945,0.0003653494761904973
2024-10-16 23:35:00+00:00,67716.38,67784.94,67712.0705,67712.0705,0.003051356,56.50975000000056,0.0005098940952381164
2024-10-16 23:40:00+00:00,67712.0,67712.0,67676.47,67676.47,0.0,54.25907142857198,0.0005098940952381164
2024-10-16 23:45:00+00:00,67629.3,67633.888,67623.665,67623.665,0.0,54.80014285714424,0.0005091379523809736
2024-10-16 23:50:00+00:00,67636.55,67664.635,67631.475,67656.3305,0.0,52.08371428571575,0.00046151890476192587
2024-10-16 23:55:00+00:00,67618.472,67638.5,67618.472,67622.1,0.0,51.95396428571569,0.00046151890476192587
2024-10-17 00:00:00+00:00,67600.0,67697.9555,67600.0,67691.558,0.001,55.10757142857204,0.0005091379523809735
2024-10-17 00:05:00+00:00,67728.993,67762.9005,67689.65,67689.65,0.0,58.7478571428593,0.0005091379523809735
2024-10-17 00:10:00+00:00,67704.1845,67722.17,67688.601,67688.601,0.0,56.78314285714441,0.0005091379523809735
2024-10-17 00:15:00+00:00,67655.75,67710.282,67584.32,67710.282,0.0,61.80542857143051,0.000318661761904783
2024-10-17 00:20:00+00:00,67742.459,67745.23,67696.6425,67696.6425,0.0,62.94757142857374,0.000318661761904783
2024-10-17 00:25:00+00:00,67723.522,67758.3195,67723.522,67758.3195,0.0,61.03935714285866,0.0002710427142857354
2024-10-17 00:30:00+00:00,67780.605,67895.0185,67780.605,67895.0185,0.001,67.67350000000235,0.000318661761904783
2024-10-17 00:35:00+00:00,67937.02,67937.02,67866.0,67897.9895,0.0,69.64528571428777,0.000318661761904783
2024-10-17 00:40:00+00:00,67868.8095,67868.8095,67868.8095,67868.8095,0.0,65.57171428571539,0.000318661761904783
2024-10-17 00:45:00+00:00,67890.955,67890.955,67808.2365,67808.2365,0.0,66.27521428571552,0.0002710427142857354
2024-10-17 00:50:00+00:00,67804.795,67812.1,67697.4925,67697.4925,0.0,71.91857142857354,0.0002710427142857354
2024-10-17 00:55:00+00:00,67699.6785,67721.855,67684.357,67698.9,0.0,70.82521428571532,0.0002710427142857354
2024-10-17 01:00:00+00:00,67688.4105,67784.2305,67688.4105,67784.2305,0.0,74.74307142857288,0.00026866176190478303
2024-10-17 01:05:00+00:00,67751.934,67795.145,67727.4225,67727.4225,0.0,76.87621428571583,0.00026866176190478303
2024-10-17 01:10:00+00:00,67680.9,67725.8635,67680.9,67706.67,0.0,73.20242857143083,0.00026866176190478303
2024-10-17 01:15:00+00:00,67675.05,67680.542,67634.331,67680.542,0.0,73.1373214285725,0.00024054076190478305
2024-10-17 01:20:00+00:00,67633.8,67633.8,67633.8,67633.8,0.0,74.07825000000074,9.523809523811634e-05
2024-10-17 01:25:00+00:00,67631.35,67640.0,67631.35,67640.0,0.0,65.69882142857179,9.523809523811634e-05
2024-10-17 01:30:00+00:00,67620.207,67626.45,67432.85,67434.99,0.001,77.02471428571464,0.00014285714285716396
2024-10-17 01:35:00+00:00,67465.0355,67523.829,67420.8475,67519.65,0.0,79.97503571428595,0.00014285714285716396
2024-10-17 01:40:00+00:00,67474.75,67597.199,67474.75,67597.199,0.0,78.95717857142778,0.00014285714285716396
2024-10-17 01:45:00+00:00,67544.8,67751.133,67544.8,67751.133,0.0,88.62239285714168,9.523809523811634e-05
2024-10-17 01:50:00+00:00,67783.95,67861.245,67771.8545,67771.8545,0.001,94.40324999999886,0.00014285714285716396
2024-10-17 01:55:00+00:00,67803.6725,67900.2735,67803.6725,67900.2735,0.0,97.6675714285697,0.00014285714285716396
2024-10-17 02:00:00+00:00,67860.069,67875.4575,67802.62,67802.62,0.0,96.45657142856882,0.00014285714285716396
2024-10-17 02:05:00+00:00,67766.7,67807.905,67766.7,67807.905,0.0002,96.72135714285521,0.00015238095238097348
2024-10-17 02:10:00+00:00,67764.995,67764.995,67691.735,67691.735,0.0,98.17492857142601,0.00015238095238097348
2024-10-17 02:15:00+00:00,67644.14,67646.775,67503.8,67503.8,0.001,106.76153571428274,0.00015238095238097348
2024-10-17 02:20:00+00:00,67543.6815,67543.6815,67500.654,67500.654,0.0,106.51189285714021,0.00015238095238097348
2024-10-17 02:25:00+00:00,67470.7,67558.9805,67470.7,67544.635,0.002478174,107.65057142856988,0.0002703892380952592
2024-10-17 02:30:00+00:00,67577.878,67585.2765,67509.920795698,67585.2765,0.0,109.69440745014228,0.0002703892380952592
2024-10-17 02:35:00+00:00,67540.795,67540.795,67502.970795698,67511.4,0.0,114.95552918600048,0.0002703892380952592
2024-10-17 02:40:00+00:00,67491.760295698,67491.760295698,67413.821,67490.42,0.002545503,107.12902918600074,0.00039160366666668775
2024-10-17 02:45:00+00:00,67535.1,67535.1,67492.6,67492.6,0.0,102.96463632885882,0.00039160366666668775
2024-10-17 02:50:00+00:00,67464.255,67488.1215,67423.6275,67463.4045,0.0,99.14488632885956,0.00039160366666668775
2024-10-17 02:55:00+00:00,67434.0,67466.335,67434.0,67450.569,0.0,86.71645775743153,0.00039160366666668775
2024-10-17 03:00:00+00:00,67437.9925,67504.779,67437.9925,67474.2935,0.0,83.62177918600355,0.00039160366666668775
2024-10-17 03:05:00+00:00,67437.7,67466.4,67418.15,67460.52,0.0,78.45924347171864,0.00039160366666668775
2024-10-17 03:10:00+00:00,67459.771,67494.185,67454.54,67494.185,0.0,74.31577918600462,0.00039160366666668775
2024-10-17 03:15:00+00:00,67496.638,67515.7465,67484.588,67515.7465,0.0,73.59817204314666,0.00034398461904764017
2024-10-17 03:20:00+00:00,67548.0115,67613.6,67548.0115,67583.5,0.0,72.28985061457622,0.00034398461904764017
2024-10-17 03:25:00+00:00,67560.677,67561.4,67511.009,67561.4,0.0,64.04385061457599,0.00034398461904764017
2024-10-17 03:30:00+00:00,67573.613,67573.613,67515.9025,67540.293,0.0,65.09263632886099,0.00034398461904764017
2024-10-17 03:35:00+00:00,67539.784,67616.005,67539.784,67600.642,0.0,64.23124347171792,0.0002963655714285925
2024-10-17 03:40:00+00:00,67626.261,67650.2,67587.705,67587.705,0.000762319,63.312621735859594,0.0003326664761904973
2024-10-17 03:45:00+00:00,67641.9955,67665.8355,67613.0105,67613.0105,0.0,63.01439285714462,0.0003326664761904973
2024-10-17 03:50:00+00:00,67587.1,67588.609,67585.95,67585.95,0.0,57.977357142859546,0.0003231426666666878
2024-10-17 03:55:00+00:00,67600.717,67600.717,67581.0995,67581.0995,0.0,56.18717857143098,0.0003231426666666878
2024-10-17 04:00:00+00:00,67555.817,67575.02,67523.665,67571.682,0.001,55.36303571428808,0.0003231426666666878
2024-10-17 04:05:00+00:00,67544.96,67546.01,67498.947,67505.4945,0.0,58.248750000001955,0.0003231426666666878
2024-10-17 04:10:00+00:00,67491.665,67491.665,67454.135,67461.525,0.0,57.146821428573666,0.00020513438095240207
2024-10-17 04:15:00+00:00,67506.31,67506.31,67470.1925,67501.344,0.0,56.335500000002085,0.00020513438095240207
2024-10-17 04:20:00+00:00,67528.955,67528.955,67444.7935,67444.7935,0.0,59.515250000001934,0.00020513438095240207
2024-10-17 04:25:00+00:00,67448.255,67452.866,67444.47,67448.15,0.0,57.88935714285929,8.391995238097349e-05
2024-10-17 04:30:00+00:00,67470.96,67470.96,67435.98,67466.375,0.0,53.39839285714489,8.391995238097349e-05
2024-10-17 04:35:00+00:00,67478.9945,67486.63,67435.4235,67435.4235,0.0,51.878071428573875,8.391995238097349e-05
2024-10-17 04:40:00+00:00,67414.835,67416.9235,67255.5,67288.543,0.00499,60.60757142857411,0.0003215390000000211
2024-10-17 04:45:00+00:00,67324.4295,67352.5815,67276.9065,67276.9065,0.054841572,60.56857142857397,0.0029330424285714495
2024-10-17 04:50:00+00:00,67243.666,67243.666,67243.666,67243.666,0.0,58.47896428571715,0.0029330424285714495
2024-10-17 04:55:00+00:00,67275.61,67275.61,67237.056,67242.97,0.0,55.65207142857461,0.0029330424285714495
2024-10-17 05:00:00+00:00,67266.355,67298.5695,67266.355,67298.5695,0.0,57.690571428573875,0.0029330424285714495
2024-10-17 05:05:00+00:00,67327.48,67327.48,67313.3,67313.3,0.0,58.354357142858916,0.0029330424285714495
2024-10-17 05:10:00+00:00,67290.5,67350.985,67267.412,67350.985,0.0,60.22139285714469,0.0029330424285714495
2024-10-17 05:15:00+00:00,67378.2125,67378.2125,67378.2125,67378.2125,0.0,56.970857142858485,0.0029330424285714495
2024-10-17 05:20:00+00:00,67344.415,67358.2,67317.22,67358.2,0.0,57.65892857142899,0.0029330424285714495
2024-10-17 05:25:00+00:00,67305.456,67305.456,67305.456,67305.456,0.0,58.22742857142813,0.0028967415238095448
2024-10-17 05:30:00+00:00,67268.04,67433.8145,67268.04,67397.1,0.0,64.05692857142796,0.0028967415238095448
2024-10-17 05:35:00+00:00,67425.606,67442.298,67393.0755,67393.0755,0.0,66.97310714285621,0.0028967415238095448
2024-10-17 05:40:00+00:00,67387.672,67387.672,67354.322,67354.322,0.0,67.24264285714162,0.0028967415238095448
2024-10-17 05:45:00+00:00,67381.809,67401.95,67347.405,67347.405,0.0,67.48110714285576,0.002849122476190497
2024-10-17 05:50:00+00:00,67333.39,67334.64,67285.61,67302.0555,0.0,59.04335714285532,0.002849122476190497
2024-10-17 05:55:00+00:00,67269.8455,67340.07,67269.8455,67320.8035,0.0,58.65403571428448,0.002849122476190497
2024-10-17 06:00:00+00:00,67344.608,67344.608,67287.415,67287.415,0.0,60.3649285714273,0.002849122476190497
2024-10-17 06:05:00+00:00,67249.295,67322.3925,67248.306,67248.306,0.0,62.9029642857131,0.002849122476190497
2024-10-17 06:10:00+00:00,67291.4055,67291.4055,67249.177,67277.43,0.0,62.01010714285595,0.002849122476190497
2024-10-17 06:15:00+00:00,67306.942,67416.71,67306.942,67379.934,0.0,69.89364285714275,0.002849122476190497
2024-10-17 06:20:00+00:00,67416.3595,67452.66,67346.901,67346.901,0.0,71.47835714285715,0.002849122476190497
2024-10-17 06:25:00+00:00,67376.566,67400.095,67376.566,67393.8,0.0,73.33310714285783,0.0026115034285714494
2024-10-17 06:30:00+00:00,67397.73,67436.05,67397.73,67404.9325,0.0,71.99435714285833,0.0
2024-10-17 06:35:00+00:00,67381.352,67432.85,67325.704,67432.85,0.0,75.88021428571665,0.0
2024-10-17 06:40:00+00:00,67449.2655,67449.2655,67424.755,67434.685,0.0,65.78992857143021,0.0
2024-10-17 06:45:00+00:00,67422.05,67422.05,67386.699,67386.699,0.0,65.70160714285988,0.0
2024-10-17 06:50:00+00:00,67407.617,67407.617,67371.59,67380.11,0.0,65.50685714285957,0.0
2024-10-17 06:55:00+00:00,67332.9475,67346.69,67118.678,67118.678,0.001029697,80.28450000000261,4.903319047621162e-05
2024-10-17 07:00:00+00:00,67139.865,67268.85,67139.865,67141.2515,0.001,86.59714285714601,9.665223809525924e-05
2024-10-17 07:05:00+00:00,67174.41,67201.35,67078.2255,67078.2255,0.0,90.37571428571702,9.665223809525924e-05
2024-10-17 07:10:00+00:00,67117.11,67198.19,67109.0,67180.015,0.003551528,94.85939285714578,0.0002657726190476402
2024-10-17 07:15:00+00:00,67142.2,67142.2,67100.71,67100.71,0.0,95.23214285714494,0.0002657726190476402
2024-10-17 07:20:00+00:00,67085.087,67205.9315,67085.087,67205.9315,0.0,100.78535714285992,0.0002657726190476402
2024-10-17 07:25:00+00:00,67182.5755,67182.5755,67169.2985,67179.46,0.0,93.45342857143052,0.0002657726190476402
2024-10-17 07:30:00+00:00,67151.107,67184.339,67151.107,67184.339,0.0,88.27292857143038,0.0002657726190476402
2024-10-17 07:40:00+00:00,67142.765,67214.195,67142.765,67214.195,0.0,89.57550000000212,0.0002657726190476402
2024-10-17 07:45:00+00:00,67168.486,67211.4,67168.486,67211.4,0.0,89.82257142857374,0.0002657726190476402
2024-10-17 07:50:00+00:00,67190.692,67222.391,67190.692,67218.672,0.0,84.4335000000023,0.0002657726190476402
2024-10-17 07:55:00+00:00,67228.755,67292.29,67228.755,67291.255,3.0303e-05,87.94117857143075,0.0002672156190476402
2024-10-17 08:00:00+00:00,67316.967,67358.01,67316.967,67358.01,0.0,89.28182142857258,0.0002672156190476402
2024-10-17 08:05:00+00:00,67309.99,67309.99,67235.9995,67235.9995,0.0,95.42350000000026,0.0002672156190476402
2024-10-17 08:10:00+00:00,67202.0545,67202.0545,67197.31,67197.31,0.0,79.5133214285722,0.0002672156190476402
2024-10-17 08:15:00+00:00,67228.6605,67260.7255,67228.6605,67229.975,0.0,73.31642857142911,0.0002672156190476402
2024-10-17 08:20:00+00:00,67225.58,67225.58,67198.12,67198.12,0.0,66.79717857142948,0.0002672156190476402
2024-10-17 08:25:00+00:00,67215.002,67277.825,67215.002,67260.0,0.0,63.9215000000009,0.0002672156190476402
2024-10-17 08:30:00+00:00,67313.015,67324.0605,67313.015,67324.0605,0.0,62.83260714285903,0.0002672156190476402
2024-10-17 08:35:00+00:00,67272.17,67350.076,67269.55,67350.076,0.0,59.952714285715565,0.0002672156190476402
2024-10-17 08:40:00+00:00,67305.8895,67323.85,67295.42,67303.315,0.0,61.24007142857278,0.0002672156190476402
2024-10-17 08:45:00+00:00,67343.8845,67391.444,67343.8845,67390.0,0.0,65.16128571428688,0.0002181824285714497
2024-10-17 08:50:00+00:00,67380.608,67433.025,67380.608,67433.025,0.177200744,63.80321428571499,0.008608694047619068
2024-10-17 08:55:00+00:00,67431.675,67450.0,67412.0845,67435.001,2.9942e-05,63.24653571428644,0.008610119857142879
2024-10-17 09:00:00+00:00,67414.3,67450.0,67414.3,67445.6,0.001,63.532321428571386,0.008488618523809546
2024-10-17 09:05:00+00:00,67430.055,67430.055,67345.9555,67356.25,0.0,65.39135714285865,0.008488618523809546
2024-10-17 09:10:00+00:00,67385.598,67415.45,67385.598,67415.1,0.0,64.8517142857163,0.008488618523809546
2024-10-17 09:15:00+00:00,67394.85,67446.8605,67394.85,67401.5805,0.0,59.8517142857163,0.008488618523809546
2024-10-17 09:20:00+00:00,67409.4035,67420.085,67364.8425,67367.822,0.0,61.034071428573434,0.008488618523809546
2024-10-17 09:25:00+00:00,67370.713,67380.226,67357.4265,67368.9025,0.0,58.13292857142993,0.008488618523809546
2024-10-17 09:30:00+00:00,67335.096,67335.096,67303.7955,67309.8955,0.0,60.50807142857229,0.008488618523809546
2024-10-17 09:35:00+00:00,67277.375,67277.375,67271.5865,67271.5865,0.0,57.551214285714586,0.008488618523809546
2024-10-17 09:40:00+00:00,67327.101,67327.101,67269.39,67269.39,0.0,57.09767857142807,0.008487175523809546
2024-10-17 09:45:00+00:00,67292.5165,67292.5165,67262.097,67268.9155,0.0,53.51864285714276,0.008487175523809546
2024-10-17 09:50:00+00:00,67231.45,67256.0,67228.9,67256.0,0.0,52.47289285714318,0.008487175523809546
2024-10-17 09:55:00+00:00,67271.2865,67271.2865,67203.95,67209.3,3.0037e-05,50.9877142857149,0.008488605857142877
2024-10-17 10:00:00+00:00,67221.3,67232.4,67200.0,67224.44,0.001,49.55792857142868,0.008536224904761925
2024-10-17 10:05:00+00:00,67273.588,67276.8255,67246.52,67246.52,0.0,50.59150000000019,0.008536224904761925
2024-10-17 10:10:00+00:00,67224.975,67224.975,67181.05,67192.75,0.0,52.717928571429056,0.008536224904761925
2024-10-17 10:15:00+00:00,67185.715,67185.715,67149.8985,67180.986,0.0,48.66128571428583,0.008536224904761925
2024-10-17 10:20:00+00:00,67168.373,67168.373,67168.373,67168.373,0.0,45.333642857143005,0.008536224904761925
2024-10-17 10:25:00+00:00,67170.962,67170.962,67090.765,67090.765,0.0,47.3469642857152,0.008536224904761925
2024-10-17 10:30:00+00:00,67039.8925,67039.8925,66811.735,66811.735,0.001,63.331785714286006,0.008583843952380973
2024-10-17 10:35:00+00:00,66837.912,66989.0,66837.912,66989.0,0.0,74.3650357142864,0.00014571328571430687
2024-10-17 10:40:00+00:00,66931.57,66972.3,66931.57,66972.3,0.0,73.81667857142851,0.00014428747619049735
2024-10-17 10:45:00+00:00,66940.4095,67082.85,66940.4095,67082.85,0.0,81.25464285714406,9.666842857144972e-05
2024-10-17 10:50:00+00:00,67036.585,67129.929,67036.585,67119.559,0.0,83.79985714285847,9.666842857144972e-05
2024-10-17 10:55:00+00:00,67166.6,67200.0,67166.6,67179.65,3.2096e-05,87.37282142857293,9.819680952383068e-05
2024-10-17 11:00:00+00:00,67195.363,67195.363,67141.76,67141.76,0.0,88.34335714285824,9.819680952383067e-05
2024-10-17 11:05:00+00:00,67167.415,67199.35,67130.4995,67130.4995,0.0,88.45150000000078,9.819680952383067e-05
2024-10-17 11:10:00+00:00,67092.995,67094.0,67030.307,67061.756,0.04,93.29382142857295,0.0020029587142857356
2024-10-17 11:15:00+00:00,67024.885,67024.885,66881.7045,66881.7045,0.0,102.41282142857173,0.0020029587142857356
2024-10-17 11:20:00+00:00,66929.84,66962.375,66884.41,66890.8,0.0,103.49857142857114,0.0020029587142857356
2024-10-17 11:25:00+00:00,66856.03,66899.86,66856.03,66894.297,0.0,103.56846428571382,0.0020029587142857356
2024-10-17 11:30:00+00:00,66926.21,66926.21,66818.985,66852.3,0.0,110.32646428571441,0.0020029587142857356
2024-10-17 11:35:00+00:00,66887.481,66962.21,66854.8235,66939.565,0.0,112.44882142857179,0.0020029587142857356
2024-10-17 11:40:00+00:00,66951.61,66951.61,66850.959,66850.959,0.0,99.70746428571458,0.0020015283809524023
2024-10-17 11:45:00+00:00,66828.15,66857.7025,66805.2,66826.335,0.0,90.79585714285766,0.0019539093333333546
2024-10-17 11:50:00+00:00,66845.51,66845.51,66820.55,66820.55,0.0,88.47657142857186,0.0019539093333333546
2024-10-17 11:55:00+00:00,66856.2975,66896.045,66856.2975,66863.957,3.2535e-05,83.69474999999927,0.0019554586190476406
2024-10-17 12:00:00+00:00,66834.05,66919.06,66810.0165,66899.7005,0.000514167,84.8161428571423,0.0019799427619047833
2024-10-17 12:05:00+00:00,66864.627,66980.9,66864.627,66916.467,0.012621691,87.37557142857051,0.002580975666666688
2024-10-17 12:15:00+00:00,66901.154,66990.745,66849.6645,66990.745,0.0,93.6239642857129,0.002580975666666688
2024-10-17 12:20:00+00:00,67022.655,67069.2175,66983.915,66999.0,0.026869558,94.7991071428561,0.0038128593809524025
2024-10-17 12:25:00+00:00,67030.5,67030.5,66951.648,67005.1,0.000242858,93.27478571428426,0.003824424047619069
2024-10-17 12:30:00+00:00,67026.045,67125.9,67026.045,67125.9,0.0,89.04253571428437,0.003824424047619069
2024-10-17 12:35:00+00:00,67104.903,67124.2,66961.745,67124.2,0.0,95.00571428571337,0.003824424047619069
2024-10-17 12:40:00+00:00,67092.65,67132.6715,67061.395,67101.16,0.0,96.96617857142701,0.003824424047619069
2024-10-17 12:45:00+00:00,67062.4505,67062.4505,67018.23,67018.23,0.0,95.23082142857,0.003822895666666688
2024-10-17 12:50:00+00:00,67059.6465,67059.6465,66981.295,66985.4,0.001451801,92.97664285714147,0.0038920290476190693
2024-10-17 12:55:00+00:00,67021.295,67151.315,67021.295,67151.315,3.2735e-05,97.63835714285649,0.0038935878571428784
2024-10-17 13:00:00+00:00,67173.5,67173.5,67112.5395,67112.5395,0.0,98.24249999999925,0.0019888259523809736
2024-10-17 13:05:00+00:00,67075.25,67166.55,67069.0825,67166.55,0.001,103.4216071428569,0.0020364450000000213
2024-10-17 13:10:00+00:00,67142.35,67142.35,67093.0015,67111.165,0.000584304,103.28257142857183,0.0020642690000000213
2024-10-17 13:15:00+00:00,67074.39,67074.39,67000.2575,67000.2575,0.0,103.41571428571375,0.0020642690000000213
2024-10-17 13:20:00+00:00,67029.75,67029.75,66985.1,66985.1,0.0008,98.29978571428468,0.002102364238095259
2024-10-17 13:25:00+00:00,67020.57,67020.57,66952.0755,66980.229,0.0,93.1150714285707,0.002102364238095259
2024-10-17 13:30:00+00:00,66968.34,66970.05,66812.255,66819.6685,0.002156216,99.02017857142762,0.0022050411904762117
2024-10-17 13:35:00+00:00,66807.4,66864.4455,66648.4,66864.4455,0.002238651,108.81971428571394,0.0023116436190476404
2024-10-17 13:40:00+00:00,66881.7835,67173.75,66881.7835,67173.75,0.001,122.2843214285718,0.002359262666666688
2024-10-17 13:45:00+00:00,67181.1,67315.75,67179.03,67257.75,0.000967904,120.70182142857188,0.0024038040476190687
2024-10-17 13:50:00+00:00,67206.419,67206.419,67082.6915,67108.6545,0.0,128.11482142857236,0.002379319904761926
2024-10-17 13:55:00+00:00,67132.933,67143.49,67002.0755,67002.0755,0.000132136,132.292285714286,0.0017845791904762115
2024-10-17 14:00:00+00:00,67027.14,67031.8745,66808.295,66861.2295,0.001,142.66571428571478,0.0018321982380952594
2024-10-17 14:05:00+00:00,66822.71,66877.286,66690.218,66825.39,0.001060706,144.17664285714272,0.0006032052857143069
2024-10-17 14:10:00+00:00,66812.249,66978.05,66734.135,66976.5805,0.0,157.2448214285718,0.0005916406190476402
2024-10-17 14:15:00+00:00,66946.8605,66950.3375,66884.0735,66894.2,0.0,156.8905000000003,0.0005916406190476402
2024-10-17 14:20:00+00:00,66912.5545,67065.9095,66912.5545,66930.334,0.001,163.9019999999998,0.0006392596666666878
2024-10-17 14:25:00+00:00,66913.6385,66914.965,66720.331,66914.965,0.001,170.98025000000052,0.0006868787142857354
2024-10-17 14:30:00+00:00,66971.6935,66990.395,66857.35,66936.208,0.000189495,177.2941785714294,0.0006959022857143069
2024-10-17 14:35:00+00:00,66907.9,66995.985,66794.35,66995.985,0.0,186.80421428571466,0.000626768904761926
2024-10-17 14:40:00+00:00,66994.95,67096.88,66923.6345,66961.825,0.0017,187.1807500000006,0.0007061624761904974
2024-10-17 14:45:00+00:00,66995.98,67067.2955,66932.07,67067.2955,0.0160378,181.4078928571419,0.0014698672380952594
2024-10-17 14:50:00+00:00,67085.74,67176.65,67061.107,67176.65,0.0,167.56778571428418,0.0014222481904762117
2024-10-17 14:55:00+00:00,67195.305,67271.13,67100.2,67100.2,0.001031817,169.6342142857133,0.0014435583333333546
2024-10-17 15:00:00+00:00,67057.74,67129.12,66984.198,67065.5335,0.03994,167.4816071428556,0.0033454630952381168
2024-10-17 15:05:00+00:00,67028.092,67152.91,66946.7975,67152.91,0.001,172.1028928571416,0.0033549869047619263
2024-10-17 15:10:00+00:00,67122.84,67122.84,66983.61,66983.61,0.00145164,168.22578571428417,0.003424112619047641
2024-10-17 15:15:00+00:00,67025.5085,67118.709,67025.5085,67096.414,0.001662947,164.51371428571292,0.0034006236190476406
2024-10-17 15:20:00+00:00,67044.36,67157.395,67044.36,67157.395,0.001344247,155.16514285714115,0.003358032952380974
2024-10-17 15:25:00+00:00,67186.65,67268.3715,67186.65,67268.3715,0.001,156.4843928571406,0.003358032952380974
2024-10-17 15:30:00+00:00,67226.4,67378.35,67196.2575,67378.35,1.9444e-05,157.22603571428357,0.003312868190476212
2024-10-17 15:35:00+00:00,67399.5,67639.2285,67399.5,67508.769,0.004246466,160.85999999999746,0.0035150808571428782
2024-10-17 15:40:00+00:00,67474.395,67474.395,67434.321,67460.1925,0.0,156.67449999999786,0.0035087886666666877
2024-10-17 15:45:00+00:00,67436.9615,67564.9795,67419.073,67509.0315,0.0,152.69389285714092,0.00346116961904764
2024-10-17 15:50:00+00:00,67524.777,67556.3205,67498.9185,67556.3205,0.0,144.419357142855,0.0034106598095238307
2024-10-17 15:55:00+00:00,67536.947,67561.0,67507.84,67561.0,0.0,138.55753571428482,0.0034106598095238307
2024-10-17 16:00:00+00:00,67528.275,67568.9,67426.895,67426.895,0.001454536,140.44767857142764,0.00347992342857145
2024-10-17 16:05:00+00:00,67449.2755,67514.8125,67363.3915,67363.3915,0.002,139.05417857142726,0.0035275424761904975
2024-10-17 16:10:00+00:00,67333.5585,67333.5585,67222.865,67276.37,0.0,138.74021428571308,0.00347992342857145
2024-10-17 16:15:00+00:00,67308.52,67335.965,67221.35,67335.965,0.31133855,132.20467857142648,0.018296545095238117
2024-10-17 16:20:00+00:00,67299.2755,67313.1465,67246.152,67313.1465,0.0,126.52703571428303,0.018296545095238117
2024-10-17 16:25:00+00:00,67299.8465,67333.4,67234.0,67333.4,0.0,123.97710714285391,0.018215592714285737
2024-10-17 16:30:00+00:00,67291.53,67291.53,67122.3655,67122.3655,0.00558755,130.97707142856754,0.017717961761904783
2024-10-17 16:35:00+00:00,67175.655,67257.642,67152.221,67257.642,0.0,132.71278571428306,0.017717961761904783
2024-10-17 16:40:00+00:00,67222.905,67360.291,67222.905,67347.2205,0.0,129.51946428571162,0.017668827619047638
2024-10-17 16:45:00+00:00,67372.55,67454.11,67336.0555,67454.11,0.023631039,119.31774999999782,0.01689221042857145
2024-10-17 16:50:00+00:00,67389.246,67389.246,67326.812,67380.466,0.0,123.0927499999972,0.016844591380952404
2024-10-17 16:55:00+00:00,67402.8785,67437.448,67337.697,67337.697,2.9947e-05,119.79592857142623,0.016776891714285733
2024-10-17 17:00:00+00:00,67375.0975,67416.3355,67335.583,67371.647,0.0,121.46382142856912,0.016697703761904784
2024-10-17 17:05:00+00:00,67380.789,67493.97,67380.789,67411.195,0.015529434,126.40403571428344,0.01737318885714288
2024-10-17 17:10:00+00:00,67451.7865,67521.82,67451.7865,67521.82,0.0,124.16260714285558,0.01732556980952383
2024-10-17 17:15:00+00:00,67477.6,67477.6,67413.775,67437.7975,0.0,121.06432142857064,0.017324643904761926
2024-10-17 17:20:00+00:00,67409.4765,67409.4765,67232.615,67232.615,0.0,125.68260714285654,0.01712243123809526
2024-10-17 17:25:00+00:00,67222.46,67257.556,67200.8495,67227.6595,0.004340207,121.54628571428579,0.017329107761904782
2024-10-17 17:30:00+00:00,67221.131,67326.092,67221.131,67294.824,0.0,122.6282857142869,0.017329107761904782
2024-10-17 17:35:00+00:00,67263.2025,67363.54,67263.2025,67363.54,0.0,122.6952500000012,0.017329107761904782
2024-10-17 17:40:00+00:00,67322.973,67396.648,67322.973,67396.648,0.0,112.88385714285894,0.017329107761904782
2024-10-17 17:45:00+00:00,67425.325,67425.325,67425.325,67425.325,0.0,105.26960714285815,0.017259844142857163
2024-10-17 17:50:00+00:00,67400.83,67400.83,67328.1155,67353.8595,0.006501778,102.39985714285805,0.017474214523809546
2024-10-17 17:55:00+00:00,67308.578,67344.256,67280.037,67288.589,0.000897514,99.24042857143026,0.017516953285714305
2024-10-17 18:00:00+00:00,67252.31,67252.31,67146.3225,67146.3225,0.001,100.30960714286006,0.0027389270952381164
2024-10-17 18:05:00+00:00,67108.1175,67108.1175,66913.6,66913.6,0.0099,109.80757142857328,0.0032103556666666882
2024-10-17 18:10:00+00:00,66885.5,66953.3725,66816.18,66830.935,0.0,113.83900000000202,0.0032103556666666882
2024-10-17 18:15:00+00:00,66859.4415,66859.4415,66753.565,66808.025,0.001,112.66425000000163,0.002991900904761926
2024-10-17 18:20:00+00:00,66790.2635,66802.3265,66711.25,66802.3265,0.007704306,111.6749642857155,0.0033587726190476403
2024-10-17 18:25:00+00:00,66836.171,66991.4335,66827.2,66901.0485,0.143511735,117.4651071428577,0.010192664761904783
2024-10-17 18:30:00+00:00,66932.11,66937.1425,66860.945,66860.945,0.0,108.25189285714337,0.009067377190476213
2024-10-17 18:35:00+00:00,66835.45,66938.11,66835.45,66938.11,0.0,111.53428571428647,0.009067377190476213
2024-10-17 18:40:00+00:00,66971.255,67038.4935,66958.711,66958.711,0.001,111.20732142857118,0.009113570190476213
2024-10-17 18:45:00+00:00,67010.59,67049.556,66948.7945,66948.7945,0.014618738,111.23760714285683,0.009809700571428593
2024-10-17 18:50:00+00:00,66912.019,66948.7945,66865.5525,66899.3645,0.001025215,111.92096428571365,0.009119023476190497
2024-10-17 18:55:00+00:00,66936.678,66968.36,66928.892,66964.26,3.572e-05,114.80085714285711,0.00912072442857145
2024-10-17 19:00:00+00:00,66923.1815,66981.655,66864.5195,66864.5195,2.7108e-05,116.2241428571433,0.009122015285714307
2024-10-17 19:05:00+00:00,66898.9315,66973.055,66898.9315,66973.055,0.0,118.70364285714251,0.009122015285714307
2024-10-17 19:10:00+00:00,66954.01,66980.9,66930.98,66980.9,0.0003,112.10746428571292,0.008929624476190497
2024-10-17 19:15:00+00:00,66952.94,66952.94,66901.6,66922.015,0.0,101.14871428571288,0.008929624476190497
2024-10-17 19:20:00+00:00,66961.0915,66998.0,66961.0915,66998.0,0.0,96.7767499999983,0.008929624476190497
2024-10-17 19:25:00+00:00,66955.52,66955.52,66904.55,66904.55,0.0,95.88914285714107,0.008929624476190497
2024-10-17 19:30:00+00:00,66874.4275,66924.05,66874.4275,66924.05,0.0,92.5211071428556,0.008929624476190497
2024-10-17 19:35:00+00:00,66949.5,66949.5,66834.2705,66834.2705,0.000116271,87.24414285714114,0.008625552714285736
2024-10-17 19:40:00+00:00,66885.285,66912.488,66838.153,66865.64,0.0,87.38842857142716,0.008582813952380974
2024-10-17 19:45:00+00:00,66913.0905,66921.315,66877.07,66911.05,0.0,84.03235714285567,0.008535194904761926
2024-10-17 19:50:00+00:00,66873.4605,66873.65,66807.3,66830.08,0.003918866,84.27282142857023,0.008250379000000021
2024-10-17 19:55:00+00:00,66808.585,66821.88,66805.3,66821.88,3.7268e-05,78.84557142857064,0.008252153666666687
2024-10-17 20:00:00+00:00,66846.5335,66992.3485,66846.5335,66992.3485,0.0,85.07603571428419,0.00820453461904764
2024-10-17 20:05:00+00:00,66960.975,67002.821,66876.635,67002.821,0.001,89.16107142856968,0.007885281952380974
2024-10-17 20:10:00+00:00,66972.3225,67006.63,66967.295,66967.295,0.000363038,83.60389285714129,0.0010686773333333545
2024-10-17 20:15:00+00:00,66985.2,66985.2,66985.2,66985.2,0.0,77.1302857142842,0.0010686773333333545
2024-10-17 20:20:00+00:00,67021.624,67050.6475,67021.624,67025.8275,0.0,78.23939285714212,0.0010686773333333545
2024-10-17 20:25:00+00:00,67013.565,67077.06,67013.565,67077.06,0.0,77.11046428571406,0.0010210582857143068
2024-10-17 20:30:00+00:00,67108.799,67108.799,67027.0135,67027.0135,0.0,77.5247857142853,0.0003249279047619259
2024-10-17 20:35:00+00:00,67073.2,67073.2,67015.0,67015.0,0.0,75.00692857142816,0.00027610814285716404
2024-10-17 20:45:00+00:00,67044.76,67044.76,67044.76,67044.76,0.0,73.58817857142796,0.0002744071904762116
2024-10-17 20:50:00+00:00,67008.8535,67008.8535,66966.895,66966.895,0.0,70.91928571428434,0.00027311633333335447
2024-10-17 20:55:00+00:00,66941.095,66998.8,66934.7905,66934.7905,3.4826e-05,69.90442857142729,0.00027477471428573547
2024-10-17 21:00:00+00:00,66930.05,66960.695,66930.05,66960.695,0.0,68.11657142857023,0.0002604890000000211
2024-10-17 21:05:00+00:00,66939.0,66963.065,66925.415,66963.065,0.001,63.39514285714228,0.0003081080476190687
2024-10-17 21:10:00+00:00,67020.07,67020.07,67000.255,67014.1985,0.0,65.69692857142842,0.0003081080476190687
2024-10-17 21:15:00+00:00,66985.472,67057.9825,66985.472,67057.9825,0.0,58.699928571429545,0.0003081080476190687
2024-10-17 21:20:00+00:00,67066.491,67074.85,67030.174,67050.488,0.0001,52.877785714287064,0.00031286995238097347
2024-10-17 21:25:00+00:00,67056.82,67122.7555,67051.7295,67122.7555,0.0,55.23010714285816,0.00030733323809525924
2024-10-17 21:30:00+00:00,67089.44,67089.44,67060.9955,67060.9955,0.0,58.36260714285787,0.00030733323809525924
2024-10-17 21:35:00+00:00,67098.09,67098.09,67098.09,67098.09,0.0,56.33739285714234,0.00030733323809525924
2024-10-17 21:40:00+00:00,67074.0145,67074.0145,67024.497,67024.497,0.0,57.058678571427926,0.00012072057142859256
2024-10-17 21:45:00+00:00,66973.1,66995.805,66973.1,66993.8825,0.0,54.88807142857071,0.0001189459047619259
2024-10-17 21:50:00+00:00,66986.53,67048.255,66980.575,67033.18,0.0,55.56521428571432,0.0001189459047619259
2024-10-17 21:55:00+00:00,67042.15,67126.0,67037.31,67076.3615,3.4468e-05,60.06950000000091,7.296819047621162e-05
2024-10-17 22:00:00+00:00,67119.7745,67149.5,67119.7745,67149.5,0.0,59.731892857144494,5.568066666668781e-05
2024-10-17 22:05:00+00:00,67176.8,67257.903,67143.7895,67252.99,0.001,63.31075000000211,0.00010329971428573543
2024-10-17 22:10:00+00:00,67288.0,67295.5135,67249.3435,67295.5135,0.0,64.41967857143027,0.00010329971428573543
2024-10-17 22:15:00+00:00,67330.15,67330.15,67225.14,67225.14,0.0,69.23110714285784,0.00010329971428573543
2024-10-17 22:20:00+00:00,67244.115,67323.6405,67244.115,67294.155,0.0,72.19507142857141,0.00010329971428573543
2024-10-17 22:30:00+00:00,67324.7165,67374.25,67324.7165,67374.25,0.0,72.73682142857122,0.00010329971428573543
2024-10-17 22:35:00+00:00,67370.055,67376.445,67363.455,67363.455,0.0,70.47353571428539,0.00010329971428573543
2024-10-17 22:40:00+00:00,67383.4,67397.81,67373.87,67397.81,0.0,67.76549999999926,0.00010329971428573543
2024-10-17 22:45:00+00:00,67384.85,67384.85,67355.683,67380.25,0.0,66.363142857142,0.00010164133333335449
2024-10-17 22:50:00+00:00,67393.3,67468.219,67393.3,67418.055,0.001,69.99703571428525,0.0001492603809524021
2024-10-17 22:55:00+00:00,67398.204,67437.1295,67390.3925,67437.1295,0.0,68.07874999999954,0.00010164133333335449
2024-10-17 23:00:00+00:00,67390.525,67396.4035,67349.5945,67360.48,0.0,70.66003571428466,0.00010164133333335449
2024-10-17 23:05:00+00:00,67381.265,67390.597,67330.015,67330.015,0.001,70.15303571428376,0.0001492603809524021
2024-10-17 23:10:00+00:00,67318.995,67322.6145,67282.045,67282.045,0.0,66.94946428571191,0.00014449847619049734
2024-10-17 23:15:00+00:00,67323.099,67395.451,67308.44,67321.92,0.0,69.82571428571204,0.00014449847619049734
2024-10-17 23:25:00+00:00,67348.3,67399.105,67348.3,67384.935,0.0,67.18796428571139,0.00014449847619049734
2024-10-17 23:30:00+00:00,67341.1295,67383.7,67341.1295,67350.5675,0.0,67.01907142856882,0.00014449847619049734
2024-10-17 23:35:00+00:00,67317.592,67371.5035,67317.592,67371.5035,0.0,63.369178571426474,0.00014449847619049734
2024-10-17 23:40:00+00:00,67366.045,67366.045,67355.904,67355.904,0.0,57.44767857142766,0.00014449847619049734
2024-10-17 23:45:00+00:00,67330.749,67330.749,67330.749,67330.749,0.0,53.52339285714178,0.00014449847619049734
2024-10-17 23:50:00+00:00,67290.525,67338.693,67290.525,67338.693,0.0,56.03610714285605,0.000142857142857164
2024-10-17 23:55:00+00:00,67375.986,67447.035,67331.315,67424.6685,2.9102e-05,61.84789285714214,0.00014424295238097353
2024-10-18 00:00:00+00:00,67386.04,67390.219,67358.249,67390.219,0.0,63.583071428571465,9.662390476192592e-05
2024-10-18 00:05:00+00:00,67372.85,67372.85,67353.146,67353.146,0.0,59.947642857143364,9.662390476192592e-05
2024-10-18 00:10:00+00:00,67319.883,67319.9505,67309.3,67309.3,0.0,59.74114285714313,9.662390476192592e-05
2024-10-18 00:15:00+00:00,67290.25,67290.25,67290.25,67290.25,0.0,54.849357142858416,9.662390476192592e-05
2024-10-18 00:20:00+00:00,67234.003,67444.542,67234.003,67397.8815,0.001,65.56057142857337,0.00014424295238097353
2024-10-18 00:25:00+00:00,67363.7095,67405.1865,67336.795,67344.1595,0.0,67.01925000000172,0.00014424295238097353
2024-10-18 00:30:00+00:00,67306.665,67306.665,67240.685,67240.685,0.0,66.30985714285842,0.00014424295238097353
2024-10-18 00:35:00+00:00,67277.8765,67338.465,67277.8765,67338.465,0.0,67.78092857142994,0.00014424295238097353
2024-10-18 00:40:00+00:00,67283.165,67283.165,67242.5825,67242.5825,0.0,71.50071428571495,9.662390476192592e-05
2024-10-18 00:45:00+00:00,67295.7605,67295.7605,67204.3,67204.3,0.0,74.18278571428631,9.662390476192592e-05
2024-10-18 00:50:00+00:00,67218.72,67218.72,67201.65,67209.495,0.0,74.28782142857173,9.662390476192592e-05
2024-10-18 00:55:00+00:00,67203.048,67215.9,67203.048,67215.9,0.0,73.40903571428602,4.9004857142878295e-05
2024-10-18 01:00:00+00:00,67231.128,67318.68,67231.128,67293.2085,0.0,77.30989285714271,4.9004857142878295e-05
2024-10-18 01:05:00+00:00,67332.0,67573.91,67332.0,67540.0,0.0,89.09428571428622,4.9004857142878295e-05
2024-10-18 01:10:00+00:00,67578.8265,67578.8265,67474.6245,67474.6245,0.0,91.79303571428525,4.9004857142878295e-05
2024-10-18 01:15:00+00:00,67512.262,67568.0735,67424.59,67568.0735,0.0009975,99.39378571428513,9.650485714287828e-05
2024-10-18 01:20:00+00:00,67544.8655,67568.2,67543.9,67543.9,0.0,97.99764285714316,9.650485714287828e-05
2024-10-18 01:25:00+00:00,67573.45,67680.4945,67573.45,67680.4945,0.011,106.39367857142913,0.0006203143809524021
2024-10-18 01:30:00+00:00,67643.206,67653.69,67534.8345,67602.1705,0.0,101.75946428571478,0.0006203143809524021
2024-10-18 01:35:00+00:00,67633.51,67636.5905,67570.35,67629.379,0.0,101.60582142857207,0.0006203143809524021
2024-10-18 01:40:00+00:00,67680.3095,67759.656,67680.3095,67759.656,0.0,103.52028571428673,0.0006189285714285925
2024-10-18 01:45:00+00:00,67776.65,67943.15,67776.65,67932.53,0.001,109.64271428571477,0.0006665476190476402
2024-10-18 01:50:00+00:00,67890.575,67961.9875,67851.564,67961.9875,0.0,110.68135714285849,0.0006665476190476402
2024-10-18 01:55:00+00:00,67978.52,68189.45,67978.52,68049.7,0.917353859,120.39578571428657,0.044350064714285736
2024-10-18 02:00:00+00:00,68068.845,68114.103,67907.5365,67907.5365,0.0,133.9312500000004,0.044350064714285736
2024-10-18 02:05:00+00:00,67873.9095,67923.937,67823.079,67823.079,0.001,140.2173928571439,0.044350064714285736
2024-10-18 02:10:00+00:00,67854.0245,67934.73,67853.7,67853.7,0.0,140.85103571428667,0.044350064714285736
2024-10-18 02:15:00+00:00,67829.905,67969.35,67829.905,67866.52,0.0,130.76128571428646,0.044350064714285736
2024-10-18 02:20:00+00:00,67910.4685,67933.785,67867.805,67912.687,0.0,128.12292857142998,0.044350064714285736
2024-10-18 02:25:00+00:00,67863.311,67904.5845,67863.311,67904.5845,0.0,121.4009642857158,0.044350064714285736
2024-10-18 02:30:00+00:00,67937.185,68041.13,67937.185,67970.55,0.0,129.41850000000184,0.044350064714285736
2024-10-18 02:35:00+00:00,67959.745,67978.332,67940.3095,67940.3095,0.0,122.37764285714366,0.044350064714285736
2024-10-18 02:40:00+00:00,67978.44,68014.4505,67912.9235,67912.9235,0.0,119.2252857142864,0.044350064714285736
2024-10-18 02:45:00+00:00,67950.0,68017.82,67950.0,67985.325,0.0,121.98642857142944,0.044350064714285736
2024-10-18 02:50:00+00:00,68017.15,68017.15,68017.15,68017.15,0.0,114.9541428571434,0.044350064714285736
2024-10-18 02:55:00+00:00,68056.713,68117.037,68056.713,68061.6955,0.000142848,108.9822142857156,0.04435686700000002
2024-10-18 03:00:00+00:00,68027.7565,68086.4945,68005.695,68072.0915,0.00363692,106.86621428571483,0.04448255366666669
2024-10-18 03:05:00+00:00,68031.315,68060.7,68006.6,68060.7,0.0,95.29685714285733,0.04448255366666669
2024-10-18 03:10:00+00:00,68042.9,68060.7,67910.8105,67910.8105,0.006451037,91.24849999999944,0.0442659363809524
2024-10-18 03:15:00+00:00,67945.1285,67945.1285,67858.8305,67886.455,0.0,90.2084999999996,0.0442659363809524
2024-10-18 03:20:00+00:00,67919.235,67919.235,67877.865,67877.865,0.0,85.18842857142798,0.0442659363809524
2024-10-18 03:25:00+00:00,67869.2755,67894.235,67868.835,67894.235,0.0,77.04235714285564,0.0442659363809524
2024-10-18 03:30:00+00:00,67902.04,67902.04,67890.6165,67890.6165,0.0,73.05367857142639,0.044218317333333354
2024-10-18 03:35:00+00:00,67863.915,67863.915,67774.547,67783.2,0.003217376,77.81749999999738,0.04437152571428574
2024-10-18 03:40:00+00:00,67790.1,67790.575,67764.15,67764.15,0.00321038,69.95174999999706,0.0008408838571428783
2024-10-18 03:45:00+00:00,67755.775,67755.775,67732.8365,67738.245,0.0,69.47253571428259,0.0008408838571428783
2024-10-18 03:50:00+00:00,67750.1,67750.1,67605.42,67635.95,0.003205564,72.55489285714013,0.0009459107142857354
2024-10-18 03:55:00+00:00,67638.3,67671.6,67514.455,67514.455,0.009179378,76.28692857142596,0.0013830239523809735
2024-10-18 04:00:00+00:00,67548.74,67577.773,67542.805,67545.1775,0.0,78.53642857142611,0.0013830239523809735
2024-10-18 04:05:00+00:00,67570.419,67687.091,67570.419,67687.091,0.001304284,81.53832142856845,0.0014451327142857354
2024-10-18 04:10:00+00:00,67630.7805,67630.7805,67623.66,67623.66,0.0,80.29771428571154,0.0014451327142857354
2024-10-18 04:15:00+00:00,67637.805,67639.995,67634.1995,67634.1995,0.0,76.78653571428315,0.0014451327142857354
2024-10-18 04:20:00+00:00,67660.4075,67775.31,67660.4075,67768.959,0.0,76.15946428571208,0.0014451327142857354
2024-10-18 04:25:00+00:00,67755.275,67775.155,67730.695,67772.96,0.0,73.17103571428223,0.0014451327142857354
2024-10-18 04:30:00+00:00,67798.2005,67839.26,67798.2005,67815.9035,0.002,74.95174999999601,0.0015403708095238309
2024-10-18 04:35:00+00:00,67782.452,67829.7,67782.452,67805.45,0.0,76.51232142856732,0.0015403708095238309
2024-10-18 04:40:00+00:00,67813.52,67820.245,67778.592,67820.245,0.0,78.6715714285674,0.0015335685238095451
2024-10-18 04:45:00+00:00,67790.3565,67797.04,67752.605,67752.605,0.0,75.21232142856752,0.0013603818571428783
2024-10-18 04:50:00+00:00,67771.24,67771.24,67713.7335,67713.7335,0.0,77.43242857142468,0.0013603818571428783
2024-10-18 04:55:00+00:00,67769.088,67769.088,67693.1865,67715.0215,0.0,80.6172857142831,0.0010531896190476401
2024-10-18 05:00:00+00:00,67740.0915,67740.0915,67662.1,67662.1,0.0,75.8538214285675,0.0010531896190476401
2024-10-18 05:05:00+00:00,67707.4315,67707.4315,67621.29,67635.8,0.0,70.78214285713953,0.0010531896190476401
2024-10-18 05:10:00+00:00,67675.1665,67781.448,67671.973,67781.448,0.0,76.66285714285394,0.0010531896190476401
2024-10-18 05:15:00+00:00,67820.215,67840.4515,67768.005,67768.005,0.172177428,71.70092857142507,0.009252114761904783
2024-10-18 05:20:00+00:00,67755.0515,67763.17,67750.1595,67763.17,0.0,68.44482142856889,0.009098906380952402
2024-10-18 05:25:00+00:00,67772.455,67798.3445,67772.455,67798.3445,0.0,69.79049999999863,0.008946031142857164
2024-10-18 05:30:00+00:00,67795.849,67842.0,67783.375,67842.0,0.0,63.898678571427546,0.008946031142857164
2024-10-18 05:35:00+00:00,67864.7015,67869.5475,67856.611,67856.611,0.0,62.69064285714246,0.00879338523809526
2024-10-18 05:40:00+00:00,67856.495,67856.495,67819.8415,67839.6865,0.0,60.58132142857254,0.008356272000000022
2024-10-18 05:45:00+00:00,67782.448,67871.9,67782.448,67867.115,0.013936723,63.59589285714382,0.009019925476190498
2024-10-18 05:50:00+00:00,67894.8,68051.492,67894.8,68007.41,0.002,73.79046428571539,0.009053054809523831
2024-10-18 06:00:00+00:00,68050.6415,68050.6415,67973.578,67973.578,0.0,74.46357142857285,0.009053054809523831
2024-10-18 06:05:00+00:00,67929.63,67981.0675,67904.3845,67974.1065,0.001,75.83332142857294,0.009100673857142878
2024-10-18 06:10:00+00:00,68018.853,68032.215,68016.4,68032.215,0.0,74.562392857144,0.009100673857142878
2024-10-18 06:15:00+00:00,68066.006,68200.0,68066.006,68136.55,0.002827031,80.97621428571645,0.009235294380952401
2024-10-18 06:20:00+00:00,68167.737,68189.8,68167.737,68189.8,0.0,78.62682142857271,0.009140056285714307
2024-10-18 06:25:00+00:00,68200.0,68343.2205,68177.334,68179.697,0.000714652,80.0724285714293,0.009174087333333355
2024-10-18 06:30:00+00:00,68205.747,68240.365,68176.675,68176.675,0.0,79.44696428571582,0.009174087333333355
2024-10-18 06:35:00+00:00,68146.28,68146.28,68053.94,68130.388,0.002535598,86.93907142857226,0.009294830095238116
2024-10-18 06:40:00+00:00,68099.2,68137.57,68057.205,68057.205,0.0,90.16696428571491,0.009294830095238116
2024-10-18 06:45:00+00:00,68098.148,68098.148,68009.436,68009.436,0.000100057,92.3160357142863,0.009299594714285734
2024-10-18 06:50:00+00:00,68041.915,68068.695,68033.3505,68033.3505,0.0,94.5811428571438,0.009299594714285734
2024-10-18 06:55:00+00:00,68065.604,68150.7,68065.604,68085.65,3.0209e-05,100.33685714285717,0.009301033238095259
2024-10-18 07:00:00+00:00,68115.4,68134.3205,68085.65,68134.3205,0.000214277,97.42389285714411,0.009311236904761926
2024-10-18 07:05:00+00:00,68106.725,68143.92,68063.941,68114.743,0.001,89.96689285714403,0.0011599308095238308
2024-10-18 07:10:00+00:00,68082.885,68082.885,68008.2,68008.2,0.0,92.0725714285727,0.0011599308095238308
2024-10-18 07:15:00+00:00,68000.0,68072.232,67940.365,68041.33,0.002,96.01428571428654,0.0012551689047619258
2024-10-18 07:20:00+00:00,68018.5065,68136.12,68018.5065,68136.12,0.0,100.26464285714299,0.0012551689047619258
2024-10-18 07:25:00+00:00,68136.5,68136.5,68120.8,68120.8,0.0,89.40142857142824,0.0012551689047619258
2024-10-18 07:30:00+00:00,68142.225,68142.225,67951.417,67990.81,0.0,99.22699999999999,0.0012551689047619258
2024-10-18 07:40:00+00:00,67967.95,67967.95,67967.95,67967.95,0.0,89.01082142857194,0.0005915154285714497
2024-10-18 07:45:00+00:00,67931.025,67931.025,67897.87,67902.2455,0.0,89.46725000000048,0.0004962773333333545
2024-10-18 07:50:00+00:00,67937.491,67948.404,67869.95,67948.404,0.007161283,86.30432142857171,0.0008372908095238306
2024-10-18 07:55:00+00:00,67989.295,68029.5,67925.2435,67958.19,3.2857e-05,88.01085714285728,0.0007912363809524021
2024-10-18 08:00:00+00:00,67922.68,67991.217,67911.369,67991.217,0.0,87.37771428571432,0.0007912363809524021
2024-10-18 08:05:00+00:00,67967.519,67967.519,67825.427,67874.506,0.004031662,94.98707142857165,0.0008485997619047831
2024-10-18 08:10:00+00:00,67834.438,67834.438,67834.438,67834.438,0.0,89.4669642857147,0.0008485997619047831
2024-10-18 08:15:00+00:00,67877.3105,67877.3105,67813.2,67868.091,0.0,90.56982142857201,0.0008145687142857355
2024-10-18 08:20:00+00:00,67863.6045,67865.36,67859.862,67859.862,0.0,85.44482142857305,0.0008145687142857355
2024-10-18 08:25:00+00:00,67875.287,67875.287,67862.51,67862.51,0.0,78.93639285714433,0.0006938259523809736
2024-10-18 08:30:00+00:00,67854.9565,67946.055,67854.9565,67946.055,0.0,76.02435714285821,0.0006938259523809736
2024-10-18 08:35:00+00:00,67906.6985,67906.6985,67847.26,67865.5845,0.0,74.68017857143006,0.0006890613333333546
2024-10-18 08:40:00+00:00,67853.65,67875.4105,67853.65,67875.4105,0.0,75.11307142857342,0.0006890613333333546
2024-10-18 08:45:00+00:00,67865.6165,67928.5,67865.6165,67928.5,0.0,65.97560714285854,0.0006876228095238307
2024-10-18 08:50:00+00:00,67960.4,67960.4,67897.15,67897.15,0.000715886,68.8606071428585,0.0007115089523809735
2024-10-18 08:55:00+00:00,67924.3,67945.71,67890.555,67890.555,3.2908e-05,67.7945357142879,0.0006654569523809736
2024-10-18 09:00:00+00:00,67867.75,67896.596,67867.75,67896.596,0.0,64.25110714285984,0.0006654569523809736
2024-10-18 09:05:00+00:00,67947.5595,67958.1,67947.5595,67958.1,0.0,61.19735714285967,0.0005702188571428783
2024-10-18 09:10:00+00:00,67996.5,68042.4,67956.764,67992.71,0.00416639,61.610785714288276,0.0007686183809524021
2024-10-18 09:15:00+00:00,67959.4225,67970.486,67913.48,67970.486,0.0,55.4279285714313,0.0007686183809524021
2024-10-18 09:20:00+00:00,67944.6,67951.88,67914.04,67951.88,0.01494062,56.597785714289266,0.0014800764761904975
2024-10-18 09:25:00+00:00,67923.82,67923.82,67876.8615,67876.8615,0.0,57.376928571431826,0.0014800764761904975
2024-10-18 09:30:00+00:00,67921.9105,67921.9105,67832.675,67832.675,0.0,63.16310714285958,0.0014800764761904975
2024-10-18 09:35:00+00:00,67843.435,67846.2575,67843.435,67846.2575,0.0,63.03150000000252,0.001139063000000021
2024-10-18 09:40:00+00:00,67830.8,67830.8,67808.4,67808.4,0.0,59.22857142857538,0.001137498380952402
2024-10-18 09:45:00+00:00,67800.0,67804.08,67738.8485,67797.176,0.002,57.13975000000418,0.0012327364761904973
2024-10-18 09:50:00+00:00,67833.785,67833.785,67779.3305,67779.3305,0.0,59.475035714290115,0.0010407525714285926
2024-10-18 09:55:00+00:00,67800.494,67800.494,67776.2855,67776.2855,3.6149e-05,56.712535714290944,0.0010424739523809737
2024-10-18 10:00:00+00:00,67799.2,67799.2,67767.8075,67798.6515,0.00387498,54.437000000005355,0.0012269968095238307
2024-10-18 10:10:00+00:00,67838.58,67838.58,67756.27,67798.065,0.001,56.37664285714709,0.0012746158571428784
2024-10-18 10:15:00+00:00,67826.885,67859.6225,67826.885,67844.9205,0.0,58.71317857143212,0.0012746158571428784
2024-10-18 10:20:00+00:00,67815.832,67823.1155,67793.435,67823.1155,0.0,57.997571428574574,0.0012746158571428784
2024-10-18 10:25:00+00:00,67858.25,67953.166,67832.869,67906.26,0.0,61.17003571428878,0.0012746158571428784
2024-10-18 10:35:00+00:00,67874.673,67951.23,67872.1075,67951.23,0.0,61.1623571428593,0.0012746158571428784
2024-10-18 10:40:00+00:00,67913.6125,67913.6125,67872.4365,67882.831,0.0,62.75860714285851,0.0012746158571428784
2024-10-18 10:45:00+00:00,67897.25,67940.6,67879.6525,67879.6525,0.0,61.753535714287345,0.0012405260476190689
2024-10-18 10:50:00+00:00,67871.4,67871.4,67818.45,67858.6125,0.0,59.7511785714305,0.0012389590000000212
2024-10-18 10:55:00+00:00,67870.235,67892.0,67862.3,67877.77,3.5523e-05,61.16582142857286,0.0012406505714285926
2024-10-18 11:00:00+00:00,67880.28,67880.28,67855.6,67861.96,0.0,60.224571428571444,0.0012406505714285926
2024-10-18 11:05:00+00:00,67887.225,67908.365,67879.8255,67908.365,0.0,58.571249999999836,0.001042251047619069
2024-10-18 11:10:00+00:00,67934.178,67987.82,67905.7725,67987.82,0.0,60.54217857142794,0.001042251047619069
2024-10-18 11:15:00+00:00,67952.7505,67980.04,67887.52,67887.52,0.0,65.97728571428472,0.00033079295238097356
2024-10-18 11:20:00+00:00,67851.53,67911.45,67851.075,67851.075,0.0,68.04746428571318,0.00033079295238097356
2024-10-18 11:25:00+00:00,67894.305,67894.305,67845.3,67845.3,0.0,65.66853571428406,0.00033079295238097356
2024-10-18 11:30:00+00:00,67819.9,67859.896,67819.9,67824.135,0.002531794,64.1284285714272,0.00045135457142859254
2024-10-18 11:35:00+00:00,67785.22,67785.22,67785.22,67785.22,0.0,63.230535714284215,0.00045135457142859254
2024-10-18 11:40:00+00:00,67765.5115,67765.5115,67761.543,67761.543,0.0,55.63242857142696,0.0003561164761904973
2024-10-18 11:45:00+00:00,67802.2,67802.2,67756.19,67756.19,0.0,53.267249999998185,0.0003561164761904973
2024-10-18 11:50:00+00:00,67732.89,67732.89,67701.602,67701.602,0.0,51.53828571428416,0.0003543950952381164
2024-10-18 11:55:00+00:00,67696.578,67700.33,67661.069,67665.065,3.6203e-05,50.08010714285462,0.00017159619047621161
2024-10-18 12:00:00+00:00,67709.5265,67739.165,67692.406,67692.406,0.0,51.00135714285404,0.000123977142857164
2024-10-18 12:05:00+00:00,67747.5645,67747.5645,67747.5645,67747.5645,0.0,52.556428571424995,0.000123977142857164
2024-10-18 12:10:00+00:00,67771.69,67803.576,67742.0325,67789.475,0.001,55.18953571428262,0.00017159619047621161
2024-10-18 12:15:00+00:00,67777.982,67777.982,67728.5905,67739.54,0.0,56.22378571428271,0.00017159619047621161
2024-10-18 12:20:00+00:00,67700.7715,67700.7715,67678.545,67678.545,0.0,54.72003571428234,0.00017159619047621161
2024-10-18 12:25:00+00:00,67707.2915,67707.2915,67675.695,67675.695,0.0,49.812642857139245,0.00017159619047621161
2024-10-18 12:30:00+00:00,67654.475,67707.765,67654.475,67707.765,0.0,49.30657142856736,0.00017159619047621161
2024-10-18 12:35:00+00:00,67679.925,67679.925,67679.925,67679.925,0.0,47.794785714282106,0.00017159619047621161
2024-10-18 12:40:00+00:00,67717.53,67717.53,67679.4185,67700.175,0.0,47.66017857142496,0.00016990461904764018
2024-10-18 12:45:00+00:00,67675.076,67675.076,67646.25,67646.25,0.0,48.732321428568476,0.00016990461904764018
2024-10-18 12:50:00+00:00,67637.5645,67671.4125,67635.23,67635.23,0.0,49.625571428569465,0.00016990461904764018
2024-10-18 12:55:00+00:00,67654.32,67654.32,67635.23,67637.5985,3.7387e-05,47.70271428571349,0.00017168495238097353
2024-10-18 13:00:00+00:00,67660.95,67852.515,67648.3165,67828.5405,0.0007,59.15474999999943,0.00020501828571430685
2024-10-18 13:05:00+00:00,67777.2015,67813.0245,67776.3845,67813.0245,0.0,59.98496428571421,0.00020501828571430685
2024-10-18 13:10:00+00:00,67780.805,67807.24,67764.91,67807.24,0.001,58.128857142857406,0.00025263733333335446
2024-10-18 13:15:00+00:00,67846.33,67846.33,67778.083,67809.519,0.0002,59.063750000001164,0.00014159952380954496
2024-10-18 13:20:00+00:00,67837.5775,67844.445,67837.5775,67844.445,0.0,57.162500000001664,0.00014159952380954496
2024-10-18 13:25:00+00:00,67809.035,67866.26,67740.4,67816.982,0.000731022,61.80360714285884,0.00017641009523811638
2024-10-18 13:30:00+00:00,67798.937,67827.07,67744.747,67744.747,0.0,63.32703571428802,0.00017641009523811638
2024-10-18 13:35:00+00:00,67788.4625,67960.73,67764.94,67942.665,0.0,76.49750000000184,0.00017641009523811638
2024-10-18 13:40:00+00:00,67968.15,68151.32,67968.15,68151.32,0.007,87.59500000000324,0.0005080194761904974
2024-10-18 13:45:00+00:00,68145.295,68145.295,67864.14,67864.14,0.000878607,106.11928571428975,0.0005498579047619259
2024-10-18 13:50:00+00:00,67887.204,68067.195,67887.204,68023.6245,0.0029,117.90096428571893,0.000687953142857164
2024-10-18 13:55:00+00:00,67979.2155,68173.25,67979.2155,68173.25,3.3107e-05,127.90878571428973,0.0006419106190476401
2024-10-18 14:00:00+00:00,68190.3855,68260.5655,68117.134,68228.112,0.17068596,135.56942857143127,0.008769813476190498
2024-10-18 14:05:00+00:00,68236.3125,68493.076952141,68236.3125,68482.2545,0.00560836,153.1319251529307,0.00903687823809526
2024-10-18 14:10:00+00:00,68451.304,68451.304,68033.2585,68033.2585,0.005,169.85188943864446,0.009274973476190499
2024-10-18 14:15:00+00:00,68064.1895,68240.722,67941.19,68200.7465,0.004,187.52160372435796,0.009465449666666688
2024-10-18 14:20:00+00:00,68246.4575,68246.4575,68127.868,68133.2,0.0,192.55553229578695,0.009465449666666688
2024-10-18 14:25:00+00:00,68108.66,68190.3015,67944.995,68190.3015,0.0021,205.20263943864433,0.009565449666666689
2024-10-18 14:30:00+00:00,68200.0,68574.42,68189.5,68359.9,0.142014529,230.20221086721514,0.01632804628571431
2024-10-18 14:35:00+00:00,68384.66,68509.796,68276.19,68404.55,0.0002,237.89835372435795,0.016337570095238115
2024-10-18 14:40:00+00:00,68444.71,68528.215,68444.71,68499.825,0.0,240.8513537243572,0.016335789761904782
2024-10-18 14:45:00+00:00,68537.1435,68537.1435,68362.725,68432.6115,0.0,237.88246086721483,0.01630245642857145
2024-10-18 14:50:00+00:00,68470.435,68543.591,68337.77,68337.77,0.0,237.68003229578503,0.01630245642857145
2024-10-18 14:55:00+00:00,68379.065,68485.1215,68350.7795,68433.53,0.001,227.69228229578377,0.01630245642857145
2024-10-18 15:00:00+00:00,68469.557,68534.804,68403.7,68403.7,0.00126142,222.55292515292655,0.01635300023809526
2024-10-18 15:05:00+00:00,68384.2375,68423.165,68319.747,68374.067,0.002257295,216.08031801006913,0.016460490476190498
2024-10-18 15:10:00+00:00,68351.9205,68429.86,68310.59,68410.5605,0.0,214.3544965814986,0.016425679904761927
2024-10-18 15:15:00+00:00,68453.7895,68453.7895,68346.4325,68413.9545,0.0,203.09678571428438,0.016425679904761927
2024-10-18 15:20:00+00:00,68467.243,68518.103,68430.009,68440.855,0.0,178.46482142856985,0.016425679904761927
2024-10-18 15:25:00+00:00,68492.59,68675.744,68492.59,68674.544,0.013490835,173.847464285714,0.016734767285714307
2024-10-18 15:30:00+00:00,68705.509,68803.975,68662.5445,68710.208,0.0,175.47896428571403,0.01669292885714288
2024-10-18 15:35:00+00:00,68661.523,68779.512,68633.8615,68775.9015,0.0,168.3606785714281,0.016554833619047644
2024-10-18 15:40:00+00:00,68832.05,68832.05,68793.3765,68825.255,0.0,144.87699999999936,0.016553257095238118
2024-10-18 15:45:00+00:00,68844.4885,68847.07,68783.697,68783.697,0.0,132.7174999999999,0.008425354238095258
2024-10-18 15:50:00+00:00,68816.6455,68846.736,68720.54,68845.65,0.015648554,132.89828571428683,0.008903458714285736
2024-10-18 15:55:00+00:00,68823.0,68865.5095,68758.8495,68758.8495,0.014530064,128.05839285714424,0.009357271285714307
2024-10-18 16:00:00+00:00,68750.0,68752.7505,68634.895,68700.605,0.004847142,122.21078571428681,0.009397611380952403
2024-10-18 16:05:00+00:00,68690.6535,68690.6535,68547.035,68559.005,0.0,122.65496428571558,0.009397611380952403
2024-10-18 16:10:00+00:00,68577.83,68577.83,68359.213,68430.158,0.002,128.90589285714356,0.009392849476190498
2024-10-18 16:15:00+00:00,68477.345,68611.8755,68440.319,68611.8755,0.0,134.49871428571558,0.0026302528571428784
2024-10-18 16:20:00+00:00,68653.2035,68722.6505,68642.0055,68687.565,0.0,133.8919285714302,0.002620729047619069
2024-10-18 16:25:00+00:00,68653.865,68681.75,68644.099,68644.099,0.0,129.32828571428712,0.002620729047619069
2024-10-18 16:30:00+00:00,68615.375,68615.375,68537.7095,68580.513,0.0,129.4883571428592,0.002620729047619069
2024-10-18 16:35:00+00:00,68610.0265,68715.582,68610.0265,68715.582,0.0,122.35835714285766,0.002620729047619069
2024-10-18 16:40:00+00:00,68732.85,68893.449,68732.85,68893.449,0.002,124.96096428571452,0.002668348095238116
2024-10-18 16:45:00+00:00,68849.716,68860.39,68749.676,68761.625,0.000388817,124.82685714285617,0.0026267955714285923
2024-10-18 16:50:00+00:00,68804.51,68862.425,68804.51,68860.304,0.0,128.01624999999953,0.0025193053333333543
2024-10-18 16:55:00+00:00,68885.52,68914.5,68805.819,68805.819,0.002311806,131.25253571428453,0.0026293913333333544
2024-10-18 17:00:00+00:00,68836.7065,68836.7065,68777.041,68834.792,0.000768505,126.50035714285539,0.0026659868095238307
2024-10-18 17:05:00+00:00,68865.1555,68902.654,68857.15,68877.335,0.000740904,123.72907142856899,0.002701267952380974
2024-10-18 17:10:00+00:00,68902.26,68908.0,68876.2,68876.815,0.046864396,117.14660714285544,0.004290485142857164
2024-10-18 17:15:00+00:00,68838.172,68898.25,68834.2415,68860.727,0.0014,110.74935714285571,0.004357151809523831
2024-10-18 17:20:00+00:00,68903.025,68903.025,68707.3065,68762.3915,0.0,109.11374999999784,0.004357151809523831
2024-10-18 17:25:00+00:00,68734.78,68762.3915,68683.995,68693.005,0.00763543,101.73367857142668,0.004720743714285736
2024-10-18 17:30:00+00:00,68655.923,68869.6525,68655.923,68869.6525,0.0,109.087571428569,0.004720743714285736
2024-10-18 17:35:00+00:00,68824.195,68846.1555,68815.315,68815.315,0.0,109.86410714285428,0.003975574476190498
2024-10-18 17:40:00+00:00,68777.775,68840.355,68777.775,68840.355,0.0,106.73485714285405,0.003283666666666688
2024-10-18 17:45:00+00:00,68865.48,68894.64,68841.905,68846.7005,0.011298866,100.96457142856941,0.00359089161904764
2024-10-18 17:50:00+00:00,68870.0995,68885.615,68807.176,68807.176,0.0,93.86257142856941,0.00359089161904764
2024-10-18 17:55:00+00:00,68776.096,68776.096,68757.4005,68757.7,0.0,87.14846428571347,0.003495653523809545
2024-10-18 18:00:00+00:00,68725.382,68725.382,68591.5195,68647.7015,0.0,91.81849999999915,0.003495653523809545
2024-10-18 18:05:00+00:00,68637.917,68675.905,68637.917,68675.905,0.0,86.7689999999992,0.003495653523809545
2024-10-18 18:10:00+00:00,68650.265,68677.719,68612.0515,68660.575,0.0,87.19771428571299,0.003495653523809545
2024-10-18 18:15:00+00:00,68700.54,68783.275,68671.92,68744.345,0.0,91.11471428571323,0.003495653523809545
2024-10-18 18:20:00+00:00,68782.37,68782.37,68782.37,68782.37,0.0,91.55935714285546,0.003495653523809545
2024-10-18 18:25:00+00:00,68816.415,68890.85,68816.415,68890.85,0.0,94.73589285714219,0.0034004154285714495
2024-10-18 18:30:00+00:00,68849.29,68916.835,68822.2,68876.152,0.001493877,87.5156428571437,0.0034530373333333544
2024-10-18 18:35:00+00:00,68910.39,68946.49,68879.4985,68946.49,0.0,86.94003571428662,0.0034530373333333544
2024-10-18 18:40:00+00:00,68966.583,68966.583,68868.2965,68934.2705,0.0,78.6941071428581,0.0033429513333333542
2024-10-18 18:45:00+00:00,68976.182,68993.85,68912.4,68983.9,0.0,80.6307142857165,0.003306355857142878
2024-10-18 18:50:00+00:00,68956.29,68974.67,68891.87,68891.87,0.0,82.73428571428771,0.0032710747142857353
2024-10-18 18:55:00+00:00,68840.632,68908.6,68826.125,68908.6,0.0,84.7478571428593,0.0010394368095238307
2024-10-18 19:00:00+00:00,68872.82,68932.338,68818.2,68908.97,0.004178464,87.29778571428844,0.0011717446190476401
2024-10-18 19:05:00+00:00,68929.18,68973.8,68929.18,68973.8,0.0,88.37310714285975,0.0011717446190476401
2024-10-18 19:10:00+00:00,68951.5945,68966.858,68831.02,68857.652,0.062299939,86.70164285714522,0.0037748164761904975
2024-10-18 19:15:00+00:00,68890.058,68891.6625,68770.27,68774.959,0.003158474,92.65910714285981,0.003925220000000021
2024-10-18 19:20:00+00:00,68753.599,68781.3535,68753.599,68781.3535,0.0,89.95103571428834,0.003925220000000021
2024-10-18 19:25:00+00:00,68799.735,68850.77,68769.244,68769.244,0.0,87.0100357142884,0.003925220000000021
2024-10-18 19:30:00+00:00,68823.7,68840.1805,68742.017,68742.017,0.0,91.30564285714561,0.0033871787619047826
2024-10-18 19:35:00+00:00,68711.6495,68711.6495,68711.6495,68711.6495,0.0,85.72617857143112,0.0033871787619047826
2024-10-18 19:40:00+00:00,68675.021,68687.283,68637.1,68687.283,0.0,84.29150000000143,0.0033871787619047826
2024-10-18 19:45:00+00:00,68655.153,68655.153,68601.19,68601.19,0.0,85.41685714285788,0.0033871787619047826
2024-10-18 19:50:00+00:00,68629.8575,68692.1,68559.206,68616.056,0.069672658,87.88882142857203,0.006704924380952402
2024-10-18 19:55:00+00:00,68641.996,68674.029,68595.065,68637.4035,0.015984104,87.71124999999925,0.007466072190476211
2024-10-18 20:05:00+00:00,68582.3085,68610.74,68582.3085,68582.75,1.4289e-05,85.07303571428513,0.00746675261904764
2024-10-18 20:10:00+00:00,68551.46,68670.83,68551.46,68670.83,0.004,87.70839285714153,0.00765722880952383
2024-10-18 20:15:00+00:00,68636.95,68636.95,68636.95,68636.95,0.0,81.97567857142712,0.00765722880952383
2024-10-18 20:20:00+00:00,68587.289,68587.289,68577.5195,68577.5195,0.0,81.58999999999858,0.0075860918095238304
2024-10-18 20:25:00+00:00,68593.8,68593.8,68564.68,68564.68,0.0,73.47142857142795,0.0075860918095238304
2024-10-18 20:30:00+00:00,68539.555,68539.555,68523.95,68523.95,0.0,67.7098214285704,0.0075860918095238304
2024-10-18 20:35:00+00:00,68539.5985,68539.5985,68428.6785,68428.6785,0.002,73.65021428571345,0.007681329904761926
2024-10-18 20:40:00+00:00,68466.57,68553.042,68466.57,68553.042,0.00315928,76.7100357142855,0.00783177180952383
2024-10-18 20:45:00+00:00,68526.61,68526.61,68488.5465,68488.5465,0.0,74.30517857142902,0.00783177180952383
2024-10-18 20:50:00+00:00,68458.195,68458.195,68383.0,68400.1205,0.003151381,79.67510714285683,0.007782863095238116
2024-10-18 20:55:00+00:00,68445.4335,68452.55,68408.4765,68419.257,0.001,78.09510714285716,0.007830482142857163
2024-10-18 21:00:00+00:00,68414.42,68502.0,68409.4545,68479.422,0.00313709,78.55599999999997,0.0050132036190476395
2024-10-18 21:05:00+00:00,68440.0,68440.0,68406.384,68406.384,0.0,74.28057142857142,0.0048628000952381165
2024-10-18 21:10:00+00:00,68409.3685,68409.3685,68409.3685,68409.3685,0.0,68.85346428571418,0.0048628000952381165
2024-10-18 21:15:00+00:00,68454.15,68477.15,68436.755,68436.755,0.0,69.75964285714248,0.0048628000952381165
2024-10-18 21:20:00+00:00,68422.1405,68422.1405,68422.1405,68422.1405,0.0,62.27710714285786,0.0048628000952381165
2024-10-18 21:30:00+00:00,68449.155,68449.155,68444.1035,68444.1035,0.0,61.78671428571501,0.0048628000952381165
2024-10-18 21:35:00+00:00,68481.3945,68481.3945,68481.3945,68481.3945,0.0,60.205321428571814,0.0048628000952381165
2024-10-18 21:40:00+00:00,68446.74,68446.74,68446.74,68446.74,0.0,60.60064285714179,0.0048628000952381165
2024-10-18 21:45:00+00:00,68480.514,68480.514,68480.514,68480.514,0.0,60.10378571428425,0.001545054476190497
2024-10-18 21:50:00+00:00,68430.2885,68430.2885,68261.142,68313.11,0.003129247,67.85035714285497,0.0009329184285714496
2024-10-18 21:55:00+00:00,68358.0615,68470.3,68358.0615,68423.85,0.00412092,70.19510714285467,0.0011284722857143068
2024-10-18 22:00:00+00:00,68385.08,68397.55,68325.987,68335.083,0.0,72.57849999999806,0.0009379960952381163
2024-10-18 22:05:00+00:00,68371.266,68371.266,68229.6,68336.83,0.012013117,75.1584642857124,0.0015100492857143069
2024-10-18 22:10:00+00:00,68296.399,68355.263,68266.5295,68355.263,0.0,77.75160714285552,0.0015100492857143069
2024-10-18 22:15:00+00:00,68319.03,68456.5,68319.03,68406.5255,0.00309388,80.96049999999897,0.0016573769047619259
2024-10-18 22:20:00+00:00,68360.492,68401.9,68360.492,68401.9,0.0,79.03160714285643,0.0016573769047619259
2024-10-18 22:25:00+00:00,68376.934,68376.934,68376.934,68376.934,0.0,80.60171428571422,0.0015621388095238306
2024-10-18 22:30:00+00:00,68330.76,68348.0,68308.78,68308.78,0.0,80.6283214285712,0.001411696904761926
2024-10-18 22:35:00+00:00,68264.96,68298.25,68264.96,68298.25,0.0,82.71442857142704,0.001411696904761926
2024-10-18 22:40:00+00:00,68266.1405,68306.9,68266.1405,68306.9,0.0,83.69621428571243,0.0012616311428571639
2024-10-18 22:45:00+00:00,68261.463,68261.463,68172.0,68225.31,0.003086145,90.66828571428361,0.001360971380952402
2024-10-18 22:50:00+00:00,68233.2555,68233.2555,68221.61,68221.61,0.0,89.02478571428426,0.0012115861428571638
2024-10-18 22:55:00+00:00,68209.15,68209.15,68209.15,68209.15,0.0,87.50235714285684,0.0012115861428571638
2024-10-18 23:00:00+00:00,68198.2,68251.682,68198.2,68248.0755,0.0,75.6530714285722,0.0012115861428571638
2024-10-18 23:05:00+00:00,68239.48,68352.29,68239.48,68295.64,0.00306923,72.48307142857188,0.0013577399523809735
2024-10-18 23:10:00+00:00,68295.325,68352.526,68295.325,68352.526,0.0,69.57864285714251,0.0013577399523809735
2024-10-18 23:15:00+00:00,68323.0255,68373.601,68323.0255,68373.601,0.0,63.07217857142781,0.0013577399523809735
2024-10-18 23:25:00+00:00,68388.762,68388.762,68365.031,68387.4505,0.0,58.42914285714193,0.0013577399523809735
2024-10-18 23:30:00+00:00,68392.4685,68427.8,68366.8715,68366.8715,0.005,52.9618928571425,0.0015958351904762117
2024-10-18 23:35:00+00:00,68405.25,68405.25,68394.9325,68396.179,0.0,52.41510714285687,0.0015958351904762117
2024-10-18 23:40:00+00:00,68394.885,68394.885,68394.885,68394.885,0.0,50.72425000000034,0.0014468234285714497
2024-10-18 23:45:00+00:00,68379.678,68478.1,68341.3,68452.33,0.006479542,55.62753571428662,0.0015591387619047828
2024-10-18 23:50:00+00:00,68468.179,68481.815,68456.2515,68456.878,0.0,54.60360714285863,0.0015591387619047828
2024-10-18 23:55:00+00:00,68448.565,68448.565,68432.8,68432.8,0.0,53.41207142857248,0.0009870855714285926
2024-10-19 00:00:00+00:00,68420.35,68468.251,68420.35,68468.251,0.0,47.197857142858474,0.0009870855714285926
2024-10-19 00:05:00+00:00,68454.0325,68454.0325,68413.015,68413.015,0.003040659,50.31146428571602,0.0009845512380952594
2024-10-19 00:10:00+00:00,68390.43,68423.9,68369.9,68392.4745,0.0006,53.27860714285843,0.0010131226666666878
2024-10-19 00:15:00+00:00,68357.25,68377.604,68357.25,68377.604,0.0,51.97450000000078,0.0010131226666666878
2024-10-19 00:20:00+00:00,68337.385,68423.4865,68337.385,68423.4865,0.0,50.06675000000126,0.0010131226666666878
2024-10-19 00:25:00+00:00,68426.874,68426.874,68426.874,68426.874,0.0,46.222928571429556,0.0010131226666666878
2024-10-19 00:30:00+00:00,68404.55,68404.55,68404.55,68404.55,0.0,44.20496428571538,0.0010131226666666878
2024-10-19 00:35:00+00:00,68366.5655,68366.5655,68366.5655,68366.5655,0.0,45.22307142857296,0.0008661633809524022
2024-10-19 00:40:00+00:00,68340.565,68340.565,68340.565,68340.565,0.0,42.728214285714785,0.0008661633809524022
2024-10-19 00:45:00+00:00,68357.635,68396.5,68357.635,68364.7145,0.0,43.982249999999894,0.0008661633809524022
2024-10-19 00:50:00+00:00,68335.3835,68335.3835,68320.8055,68320.8055,0.0,47.0261785714278,0.0008661633809524022
2024-10-19 00:55:00+00:00,68328.275,68358.2,68328.275,68341.909,0.001,39.925785714284366,0.0007676286190476402
2024-10-19 01:00:00+00:00,68319.266,68367.78,68319.266,68367.78,0.0,41.2849999999983,0.0007676286190476402
2024-10-19 01:05:00+00:00,68371.3,68439.18,68371.3,68402.97,0.00302866,44.66514285714116,0.000911850523809545
2024-10-19 01:10:00+00:00,68380.85,68411.65,68380.85,68411.65,0.0,43.44364285714047,0.000911850523809545
2024-10-19 01:15:00+00:00,68400.7425,68419.5,68364.26,68413.2,0.0,43.44392857142624,0.0006737552857143068
2024-10-19 01:20:00+00:00,68388.064,68388.064,68388.064,68388.064,0.0,41.38221428571186,0.0006737552857143068
2024-10-19 01:25:00+00:00,68351.6,68378.9595,68351.6,68378.9595,0.0,41.47074999999729,0.0006737552857143068
2024-10-19 01:30:00+00:00,68347.9065,68348.45,68328.88,68328.88,0.0,38.89774999999645,0.0003652056666666878
2024-10-19 01:35:00+00:00,68369.3985,68414.45,68369.3985,68414.45,0.0,44.76792857142469,0.0003652056666666878
2024-10-19 01:40:00+00:00,68375.93,68404.2435,68375.93,68404.2435,0.0,45.924785714282606,0.0003652056666666878
2024-10-19 01:45:00+00:00,68440.365,68440.365,68440.365,68440.365,0.0,45.79171428571135,0.0003652056666666878
2024-10-19 01:50:00+00:00,68398.5,68400.4445,68371.595,68371.595,0.0,48.84667857142631,0.00022041238095240207
2024-10-19 01:55:00+00:00,68342.19,68371.595,68342.115,68342.115,0.001,46.95703571428333,0.0002394600000000211
2024-10-19 02:00:00+00:00,68335.6555,68377.5865,68304.5,68330.04,0.0049875,49.04114285714085,0.00047696000000002116
2024-10-19 02:05:00+00:00,68326.09,68326.09,68326.09,68326.09,0.0,46.65224999999815,0.00047696000000002116
2024-10-19 02:10:00+00:00,68371.925,68392.79,68371.925,68381.057,0.0,47.951249999998254,0.00047696000000002116
2024-10-19 02:15:00+00:00,68402.3035,68402.3035,68402.3035,68402.3035,0.0,44.36885714285537,0.00047696000000002116
2024-10-19 02:20:00+00:00,68460.7055,68460.7055,68460.45,68460.45,0.0,46.340428571427765,0.00047696000000002116
2024-10-19 02:25:00+00:00,68450.0625,68461.245,68437.605,68437.605,0.0,44.08328571428449,0.00047696000000002116
2024-10-19 02:30:00+00:00,68396.2,68396.2,68396.2,68396.2,0.0,45.24535714285594,0.00047696000000002116
2024-10-19 02:50:00+00:00,68422.2765,68422.2765,68422.2765,68422.2765,0.0,44.5033928571429,0.00047696000000002116
2024-10-19 02:55:00+00:00,68428.1765,68458.695,68400.253,68458.695,0.001,45.100714285715576,0.00047696000000002116
2024-10-19 03:00:00+00:00,68494.99,68494.99,68433.6815,68433.6815,8.267e-05,43.36775000000177,0.00048089666666668786
2024-10-19 03:05:00+00:00,68475.45,68604.16,68475.45,68604.16,0.002,52.79335714285844,0.0004319128571428782
2024-10-19 03:10:00+00:00,68589.415,68589.415,68559.5,68587.7355,1.4392e-05,53.403250000000945,0.0004325981904762116
2024-10-19 03:15:00+00:00,68610.527,68684.265,68610.527,68657.789,0.0,55.386071428572386,0.0004325981904762116
2024-10-19 03:20:00+00:00,68619.175,68637.297,68582.83,68582.83,0.0004,58.63457142857286,0.0004516458095238307
2024-10-19 03:25:00+00:00,68561.726,68561.726,68561.726,68561.726,0.0,54.921535714287266,0.0004516458095238307
2024-10-19 03:30:00+00:00,68508.975,68563.7315,68508.975,68563.7315,0.0,58.550571428572376,0.0004516458095238307
2024-10-19 03:35:00+00:00,68523.401,68523.401,68484.617,68484.617,0.0,59.437321428572304,0.0004516458095238307
2024-10-19 03:45:00+00:00,68505.46,68505.46,68453.9785,68453.9785,0.0,61.59696428571624,0.0004516458095238307
2024-10-19 03:50:00+00:00,68494.3,68498.69,68494.3,68498.69,0.0,60.6190714285736,0.0004516458095238307
2024-10-19 03:55:00+00:00,68468.5495,68499.999,68438.58,68438.58,0.001,63.31757142857324,0.0004992648571428783
2024-10-19 04:00:00+00:00,68469.08,68469.08,68469.08,68469.08,0.0,62.53864285714475,0.0004516458095238307
2024-10-19 04:05:00+00:00,68524.21,68540.35,68524.21,68540.35,0.0,65.76675000000147,0.00021414580952383065
2024-10-19 04:15:00+00:00,68524.15,68524.15,68447.1215,68447.1215,0.0,68.2515000000016,0.00021414580952383065
2024-10-19 04:20:00+00:00,68416.8485,68416.8485,68416.8485,68416.8485,0.0,66.0346785714303,0.00021414580952383065
2024-10-19 04:25:00+00:00,68400.4245,68400.4245,68365.2925,68365.2925,0.0,57.54021428571598,0.00021414580952383065
2024-10-19 04:35:00+00:00,68411.2,68411.2,68382.4,68382.4,0.008087412,57.62932142857296,0.0005992606666666878
2024-10-19 04:40:00+00:00,68374.0745,68381.8855,68347.5,68374.081,0.000676893,53.2272142857151,0.0006314936666666878
2024-10-19 04:50:00+00:00,68376.52,68376.52,68376.52,68376.52,0.0,48.04721428571481,0.0006314936666666878
2024-10-19 04:55:00+00:00,68376.54,68376.54,68353.14,68353.14,0.0,48.21121428571392,0.0006314936666666878
2024-10-19 05:00:00+00:00,68342.375,68361.6445,68341.51,68342.85,0.0,45.73821428571474,0.0005838746190476401
2024-10-19 05:05:00+00:00,68410.7305,68410.7305,68397.694,68397.694,0.0,44.9357857142864,0.0005799379523809734
2024-10-19 05:15:00+00:00,68371.13,68397.694,68371.13,68379.8945,0.0002,43.15596428571423,0.0004942236666666879
2024-10-19 05:20:00+00:00,68419.5,68419.5,68419.5,68419.5,0.0,42.791249999999955,0.0004935383333333545
2024-10-19 05:30:00+00:00,68453.4,68453.4,68419.5,68425.498,0.000383794,40.82560714285709,0.0005118142380952593
2024-10-19 05:35:00+00:00,68457.896,68457.896,68401.618,68401.618,0.002842737,42.666892857142166,0.0006281350476190688
2024-10-19 05:45:00+00:00,68388.8045,68419.995,68386.13,68419.995,0.0,39.995107142855495,0.0006281350476190688
2024-10-19 05:50:00+00:00,68383.2275,68391.2155,68360.9645,68387.655,0.0,37.552392857139886,0.0006281350476190688
2024-10-19 05:55:00+00:00,68379.061,68398.2795,68369.759,68378.7035,0.001,37.42721428571115,0.0006757540952381164
2024-10-19 06:00:00+00:00,68359.905,68359.905,68359.905,68359.905,0.0,35.087392857140266,0.0006757540952381164
2024-10-19 06:05:00+00:00,68371.15,68371.15,68334.43,68360.7595,0.000140603,34.431142857140266,0.0006824494761904973
2024-10-19 06:10:00+00:00,68386.6945,68386.6945,68386.6945,68386.6945,0.0,33.790785714283366,0.0006348304285714498
2024-10-19 06:15:00+00:00,68393.3465,68414.0945,68381.425,68402.258,0.0,35.95010714285517,0.0006348304285714498
2024-10-19 06:20:00+00:00,68389.4355,68399.57,68379.9,68383.7605,0.0,35.87567857142754,0.0006348304285714498
2024-10-19 06:30:00+00:00,68375.1,68386.9175,68375.1,68379.2335,0.0,35.2816071428554,0.0006348304285714498
2024-10-19 06:35:00+00:00,68401.9115,68416.231,68401.6,68410.74,0.0,33.07567857142671,0.0006348304285714498
2024-10-19 06:40:00+00:00,68397.85,68397.85,68386.145,68386.145,0.0,32.93503571428404,0.0006348304285714498
2024-10-19 06:45:00+00:00,68372.45,68372.45,68334.8475,68334.8475,0.0,33.77017857142658,0.00024971557142859256
2024-10-19 06:50:00+00:00,68326.0415,68345.846,68326.0415,68345.846,0.0,32.76335714285545,0.0002174825714285926
2024-10-19 06:55:00+00:00,68375.34,68378.2,68337.16,68337.16,0.001028963,31.67492857142705,0.0002664808095238307
2024-10-19 07:05:00+00:00,68326.5715,68326.5715,68326.5715,68326.5715,0.0,30.01232142857043,0.00026648080952383066
2024-10-19 07:10:00+00:00,68320.02,68351.018,68320.02,68351.018,0.0,28.009999999998918,0.00026648080952383066
2024-10-19 07:15:00+00:00,68322.95,68322.95,68299.26,68320.831,0.026967035,29.669821428570554,0.0015506253333333545
2024-10-19 07:20:00+00:00,68349.1025,68375.174,68349.1025,68375.174,0.0,32.20871428571263,0.001541101523809545
2024-10-19 07:25:00+00:00,68393.655,68409.82,68388.684,68397.665,0.0,32.060571428570256,0.001541101523809545
2024-10-19 07:30:00+00:00,68360.201,68360.201,68360.201,68360.201,0.0,32.8840714285699,0.0015228256190476404
2024-10-19 07:35:00+00:00,68365.139,68370.1945,68356.14,68356.14,0.0,31.554428571426666,0.0013874571904762118
2024-10-19 07:45:00+00:00,68331.2145,68331.2145,68331.2145,68331.2145,0.0,31.737821428568818,0.0013874571904762118
2024-10-19 07:55:00+00:00,68334.4085,68365.432,68326.5815,68352.574,3.0114e-05,33.66874999999813,0.0013888911904762118
2024-10-19 08:00:00+00:00,68388.22,68388.22,68348.995,68365.7045,0.001,33.827857142855855,0.0013888911904762116
2024-10-19 08:05:00+00:00,68373.6105,68373.6105,68364.5585,68364.5585,0.0,32.7176428571412,0.0013888911904762116
2024-10-19 08:10:00+00:00,68357.71,68379.975,68355.32,68365.4075,0.0,30.814607142855362,0.0013821958095238307
2024-10-19 08:15:00+00:00,68357.4285,68382.385,68355.99,68359.5505,0.0,31.285357142854732,0.0013821958095238307
2024-10-19 08:20:00+00:00,68356.35,68374.24,68343.0,68343.0,0.0,30.585357142855564,0.0013821958095238307
2024-10-19 08:25:00+00:00,68354.294,68431.165,68354.294,68421.578,0.0,36.12653571428382,0.0013821958095238307
2024-10-19 08:30:00+00:00,68424.305,68424.305,68383.8175,68383.8175,0.0,36.80435714285496,0.0013821958095238307
2024-10-19 08:35:00+00:00,68401.75,68401.75,68401.75,68401.75,0.0,34.38824999999737,0.0013821958095238307
2024-10-19 08:40:00+00:00,68431.809,68431.809,68431.809,68431.809,0.0,32.65367857142597,0.0013821958095238307
2024-10-19 08:45:00+00:00,68470.1,68470.1,68429.864,68429.864,0.0,33.05296428571143,0.0013821958095238307
2024-10-19 08:55:00+00:00,68412.235,68415.4725,68398.755,68412.8755,0.0,32.599035714283154,0.0013821958095238307
2024-10-19 09:00:00+00:00,68423.3015,68423.3015,68401.215,68401.215,0.0,33.172749999997905,0.0013331975714285925
2024-10-19 09:05:00+00:00,68398.186,68417.917,68398.186,68409.7685,0.0,32.80171428571235,0.0013331975714285925
2024-10-19 09:10:00+00:00,68417.87,68427.672,68417.126,68427.672,0.0,31.305499999998055,0.0013331975714285925
2024-10-19 09:15:00+00:00,68428.24,68477.6,68420.89,68433.973,0.0894811,32.55442857142667,0.004310057809523831
2024-10-19 09:20:00+00:00,68399.271,68429.333,68397.15,68409.965,0.00710981,34.53807142857009,0.004648620190476211
2024-10-19 09:25:00+00:00,68393.074,68409.485,68390.2095,68409.485,0.0,34.188107142855834,0.004648620190476211
2024-10-19 09:30:00+00:00,68368.205,68368.205,68368.205,68368.205,0.0,35.25132142857079,0.004648620190476211
2024-10-19 09:40:00+00:00,68381.92,68381.92,68353.031,68353.031,0.000225612,35.083392857141526,0.004659363619047639
2024-10-19 09:50:00+00:00,68337.936,68362.1,68337.936,68356.25,0.0,30.511892857142293,0.004659363619047639
2024-10-19 09:55:00+00:00,68349.887,68388.7,68328.2,68344.7865,0.079186045,31.94135714285741,0.008428693666666688
2024-10-19 10:00:00+00:00,68380.41,68380.41,68301.8,68354.526,0.001,36.275464285714925,0.008428693666666686
2024-10-19 10:05:00+00:00,68387.7,68387.7,68341.038,68341.038,0.0,37.4613928571437,0.008428693666666686
2024-10-19 10:10:00+00:00,68350.96,68350.96,68350.96,68350.96,0.0,35.29610714285809,0.008428693666666686
2024-10-19 10:15:00+00:00,68317.75,68320.36,68317.75,68320.36,0.0,35.44617857143021,0.008428693666666686
2024-10-19 10:20:00+00:00,68336.58,68343.9345,68299.9785,68299.9785,0.0,37.0082857142874,0.008428693666666686
2024-10-19 10:25:00+00:00,68292.808,68299.791,68282.705,68282.705,0.0,36.8327500000014,0.008428693666666686
2024-10-19 10:30:00+00:00,68284.9,68315.55,68275.505,68310.3,0.0,38.41428571428696,0.008428693666666686
2024-10-19 10:35:00+00:00,68303.4765,68309.919,68270.39,68295.606,0.000799628,37.21428571428675,0.00846677119047621
2024-10-19 10:45:00+00:00,68272.63,68286.055,68272.63,68283.462,0.0,36.22521428571469,0.00846677119047621
2024-10-19 10:50:00+00:00,68267.955,68271.374,68267.955,68271.374,0.0,35.9217500000003,0.00846677119047621
2024-10-19 10:55:00+00:00,68292.748,68292.748,68270.438,68270.438,3.1295e-05,34.56675000000126,0.008468261428571449
2024-10-19 11:00:00+00:00,68266.477,68273.878,68192.884,68212.735,0.002,38.28853571428668,0.008563499523809545
2024-10-19 11:05:00+00:00,68259.206,68294.0505,68259.206,68294.0505,0.0,42.37078571428616,0.008563499523809545
2024-10-19 11:10:00+00:00,68293.189,68298.46,68293.189,68298.46,0.0,38.42585714285815,0.008563499523809545
2024-10-19 11:15:00+00:00,68293.382,68293.382,68249.65,68249.65,0.0,36.297285714287554,0.004302494761904783
2024-10-19 11:20:00+00:00,68244.0455,68252.815,68238.444,68243.9,0.0,33.99078571428773,0.003963932380952402
2024-10-19 11:25:00+00:00,68217.606,68233.6095,68217.606,68233.6095,0.0,35.16021428571548,0.003963932380952402
2024-10-19 11:30:00+00:00,68235.095,68235.095,68173.25,68173.25,0.0,37.20557142857225,0.003963932380952402
2024-10-19 11:35:00+00:00,68186.05,68186.05,68103.899,68103.899,0.0,39.933785714285996,0.003953188952380973
2024-10-19 11:40:00+00:00,68145.5745,68145.5745,68145.5745,68145.5745,0.0,41.67678571428613,0.003953188952380973
2024-10-19 11:45:00+00:00,68180.8,68206.0815,68164.7525,68164.7525,0.0,43.13835714285752,0.0001824249047619259
2024-10-19 11:50:00+00:00,68127.28,68127.28,68127.28,68127.28,0.0,42.96425000000038,0.0001348058571428783
2024-10-19 11:55:00+00:00,68154.95,68154.95,68084.235,68084.235,3.2221e-05,46.374178571429056,0.0001363401904762116
2024-10-19 12:00:00+00:00,68118.14,68118.14,68118.14,68118.14,0.0,47.68832142857199,0.0001363401904762116
2024-10-19 12:10:00+00:00,68167.54,68176.1435,68167.54,68176.1435,0.0,50.237857142857266,0.0001363401904762116
2024-10-19 12:15:00+00:00,68190.9785,68206.9925,68188.2605,68189.4445,0.0,46.65607142857126,0.0001363401904762116
2024-10-19 12:20:00+00:00,68207.4535,68214.995,68197.66,68197.66,0.0,42.67285714285702,0.0001363401904762116
2024-10-19 12:25:00+00:00,68214.8325,68214.8325,68189.555,68189.555,0.0,44.10189285714296,0.0001363401904762116
2024-10-19 12:30:00+00:00,68201.178,68246.43,68189.163,68246.43,0.0,44.70596428571298,9.82626666666878e-05
2024-10-19 12:35:00+00:00,68233.52,68245.525,68233.52,68245.525,0.0,44.60160714285511,9.82626666666878e-05
2024-10-19 12:40:00+00:00,68215.599,68239.465,68210.575,68229.111,0.0,45.21989285714101,9.82626666666878e-05
2024-10-19 12:45:00+00:00,68228.47,68237.2255,68210.9575,68237.2255,0.0,42.67867857142638,9.67724285714497e-05
2024-10-19 12:50:00+00:00,68237.5285,68246.073,68198.4365,68210.3715,0.0,40.213357142855656,1.5343333333544805e-06
2024-10-19 12:55:00+00:00,68215.3965,68278.4,68189.92,68232.33,3.5035e-05,43.55653571428411,3.2026666666878135e-06
2024-10-19 13:00:00+00:00,68254.9,68254.9,68178.57,68178.57,0.001,44.68674999999764,5.082171428573543e-05
2024-10-19 13:05:00+00:00,68150.96,68150.96,68150.96,68150.96,0.0,43.982285714283144,5.082171428573543e-05
2024-10-19 13:10:00+00:00,68147.025,68153.8055,68142.487,68153.8055,0.0,39.73967857142686,5.082171428573543e-05
2024-10-19 13:15:00+00:00,68169.39,68169.39,68161.9,68161.9,0.0,38.4310714285696,5.082171428573543e-05
2024-10-19 13:20:00+00:00,68152.6095,68173.19,68137.4,68137.889,0.0,36.844392857141166,5.082171428573543e-05
2024-10-19 13:25:00+00:00,68151.935,68170.4535,68124.767,68165.14,0.0,37.90421428571322,5.082171428573543e-05
2024-10-19 13:30:00+00:00,68179.708,68179.708,68135.93,68151.39,0.0,39.20617857142809,5.082171428573543e-05
2024-10-19 13:35:00+00:00,68132.055,68147.34,68119.6,68119.6,0.0,39.67135714285541,5.082171428573543e-05
2024-10-19 13:40:00+00:00,68109.85,68132.5075,68109.85,68110.296,0.0,37.199249999998884,5.082171428573543e-05
2024-10-19 13:45:00+00:00,68163.275,68185.2085,68141.938,68148.4925,0.0,41.627999999999055,4.9287380952402095e-05
2024-10-19 13:50:00+00:00,68163.109,68163.109,68113.034,68124.0895,0.0,42.708357142856194,4.9287380952402095e-05
2024-10-19 13:55:00+00:00,68112.982,68130.02,68102.71,68113.813,3.2233e-05,42.782785714284856,5.082228571430686e-05
2024-10-19 14:00:00+00:00,68130.145,68158.39,68124.45,68146.35,0.001,42.56424999999893,9.844133333335446e-05
2024-10-19 14:05:00+00:00,68147.055,68187.0115,68130.0,68155.9525,6.6949e-05,40.31649999999873,0.0001016293809524021
2024-10-19 14:10:00+00:00,68193.6265,68203.65,68180.99,68193.0915,0.0,38.27132142857071,0.0001016293809524021
2024-10-19 14:15:00+00:00,68193.4125,68201.13,68181.234,68189.11,0.0,37.72032142857123,0.0001016293809524021
2024-10-19 14:20:00+00:00,68178.569,68182.554,68174.859,68182.554,0.0,37.92978571428518,0.0001016293809524021
2024-10-19 14:25:00+00:00,68228.6925,68287.615,68228.6925,68270.036,0.0,44.32096428571406,0.0001016293809524021
2024-10-19 14:30:00+00:00,68316.418,68341.9675,68283.208,68283.208,0.0,46.90249999999963,0.0001016293809524021
2024-10-19 14:35:00+00:00,68231.9945,68285.5045,68231.9945,68285.5045,0.0,47.461321428570955,0.0001016293809524021
2024-10-19 14:40:00+00:00,68311.037,68321.89,68285.5045,68310.408,0.28488492,46.93328571428511,0.013665909619047638
2024-10-19 14:45:00+00:00,68274.604,68292.45,68274.604,68292.45,0.0,47.21999999999908,0.01361829057142859
2024-10-19 14:50:00+00:00,68272.69,68272.69,68252.71,68253.4,0.0,48.440178571426905,0.01361829057142859
2024-10-19 14:55:00+00:00,68287.434,68328.303,68286.0325,68301.7165,3.0705e-05,48.43949999999937,0.013619752714285735
2024-10-19 15:00:00+00:00,68334.917,68334.917,68307.7,68318.38,0.001,47.23417857142859,0.013667371761904782
2024-10-19 15:05:00+00:00,68293.758,68296.75,68293.758,68295.85,0.0,47.04217857142898,0.013667371761904782
2024-10-19 15:10:00+00:00,68304.07,68304.07,68284.8235,68286.7085,0.0,45.23285714285781,0.013667371761904782
2024-10-19 15:15:00+00:00,68292.952,68292.952,68264.85,68264.85,0.0,43.16789285714393,0.013667371761904782
2024-10-19 15:20:00+00:00,68298.1,68298.1,68198.5975,68198.5975,0.003067652,46.868250000001616,0.013813450428571447
2024-10-19 15:25:00+00:00,68230.3125,68230.3125,68229.21,68229.21,0.0,47.712464285715086,0.013813450428571447
2024-10-19 15:30:00+00:00,68216.97,68216.97,68216.97,68216.97,0.0,47.56882142857233,0.013813450428571447
2024-10-19 15:35:00+00:00,68199.2145,68199.2145,68199.2145,68199.2145,0.0,41.33271428571503,0.013813450428571447
2024-10-19 15:40:00+00:00,68209.621,68209.621,68209.621,68209.621,0.0,36.93807142857155,0.013811915523809544
2024-10-19 15:50:00+00:00,68176.5065,68176.5065,68176.5065,68176.5065,0.0,35.48125000000021,0.013764296476190496
2024-10-19 15:55:00+00:00,68205.26,68253.0,68205.26,68239.7775,3.1313e-05,38.346107142856845,0.013762599523809543
2024-10-19 16:00:00+00:00,68240.75,68288.3,68236.55,68250.0,0.002294083,39.485107142857615,0.013871841571428591
2024-10-19 16:05:00+00:00,68205.468,68205.468,68170.419,68170.419,0.0,42.3308928571444,0.013871841571428591
2024-10-19 16:10:00+00:00,68146.405,68146.405,68146.405,68146.405,0.0,38.6959642857151,0.013871841571428591
2024-10-19 16:15:00+00:00,68133.676,68133.676,68132.83,68132.83,0.0,37.294142857143015,0.013871841571428591
2024-10-19 16:20:00+00:00,68159.15,68159.15,68127.499,68127.499,0.0,37.796214285714086,0.013871841571428591
2024-10-19 16:25:00+00:00,68110.1015,68114.9175,68107.3585,68114.9175,0.0,37.86007142857021,0.013871841571428591
2024-10-19 16:30:00+00:00,68085.115,68154.425,68085.115,68119.9585,0.014146692,40.803499999998685,0.000979545000000021
2024-10-19 16:35:00+00:00,68098.058,68113.75,68098.058,68112.289,0.0,35.26049999999772,0.000979545000000021
2024-10-19 16:45:00+00:00,68077.868,68129.267,68077.868,68129.267,0.00072991,36.66649999999832,0.00101430261904764
2024-10-19 16:50:00+00:00,68108.4095,68151.0,68093.41,68093.41,0.022,39.90578571428341,0.002060459523809545
2024-10-19 16:55:00+00:00,68097.05,68097.05,68065.0105,68066.015,3.6281e-05,40.9260714285691,0.002014568142857164
2024-10-19 17:00:00+00:00,68025.387,68105.58,68025.387,68105.58,0.001,45.91082142856924,0.0020621871904762117
2024-10-19 17:05:00+00:00,68060.2405,68108.948,68060.2405,68108.948,0.0,47.02460714285553,0.0020621871904762117
2024-10-19 17:10:00+00:00,68077.24,68102.58,68077.24,68102.58,0.000719792,43.825642857141375,0.002096463000000021
2024-10-19 17:20:00+00:00,68068.5,68102.58,68068.5,68097.498,0.00069743,42.56349999999865,0.001983595285714307
2024-10-19 17:25:00+00:00,68127.5235,68127.5235,68127.5235,68127.5235,0.0,39.02382142856887,0.0019835952857143067
2024-10-19 17:30:00+00:00,68129.74,68129.74,68129.74,68129.74,0.0,37.46685714285559,0.0019835952857143067
2024-10-19 17:35:00+00:00,68122.85,68122.85,68122.85,68122.85,0.0,36.98935714285575,0.0019835952857143067
2024-10-19 17:45:00+00:00,68086.349,68132.774,68056.798,68132.774,0.043956267,40.15542857142801,0.004076750857142879
2024-10-19 17:50:00+00:00,68105.23,68121.9595,68097.565,68116.715,0.0,41.23175000000005,0.004076750857142879
2024-10-19 17:55:00+00:00,68119.395,68136.7,68104.5635,68115.4185,3.9712e-05,38.57649999999973,0.0040771508095238315
2024-10-19 18:00:00+00:00,68119.2735,68138.876,68116.0025,68118.191,0.0,38.68771428571511,0.003967908761904783
2024-10-19 18:05:00+00:00,68117.175,68129.725,68106.502,68117.382,0.0,36.67514285714424,0.003967908761904783
2024-10-19 18:10:00+00:00,68107.28,68125.6735,68098.828,68112.888,0.0,34.47910714285951,0.003967908761904783
2024-10-19 18:15:00+00:00,68134.6515,68162.765,68134.6515,68162.765,0.0,35.75321428571624,0.003967908761904783
2024-10-19 18:20:00+00:00,68163.135,68175.21,68155.6905,68163.415,0.0,31.419392857145535,0.003967908761904783
2024-10-19 18:25:00+00:00,68165.865,68189.0315,68163.4,68189.0315,0.0,29.771107142859755,0.003967908761904783
2024-10-19 18:30:00+00:00,68146.945,68173.7155,68146.945,68173.7155,0.0,30.512428571430583,0.0032942567619047834
2024-10-19 18:35:00+00:00,68165.44,68182.886,68165.44,68182.886,0.0,29.324285714287335,0.0032942567619047834
2024-10-19 18:40:00+00:00,68178.0,68178.0,68150.4725,68168.35,0.0,29.494857142859214,0.0032594991428571644
2024-10-19 18:45:00+00:00,68165.6855,68193.4515,68165.6855,68193.4515,0.0,31.31982142857201,0.0022118800952381163
2024-10-19 18:50:00+00:00,68180.06,68205.19,68176.29,68190.85,0.0,32.89196428571553,0.00221015242857145
2024-10-19 18:55:00+00:00,68196.888,68239.1,68182.44,68182.44,3.7066e-05,31.512250000000808,0.00216429842857145
2024-10-19 19:00:00+00:00,68208.692,68208.692,68140.138,68176.9285,0.002955465,33.894035714285565,0.0023050348571428785
2024-10-19 19:05:00+00:00,68158.7885,68187.232,68139.785,68181.87,0.0,34.9876428571432,0.002270759047619069
2024-10-19 19:10:00+00:00,68182.056,68199.0515,68177.096,68196.0925,0.0,34.88035714285694,0.0022375480952381162
2024-10-19 19:20:00+00:00,68221.77,68221.77,68199.6625,68210.849,0.0,35.05567857142783,0.0022375480952381162
2024-10-19 19:30:00+00:00,68226.315,68226.925,68212.413,68213.2255,0.0,34.28642857142716,0.0022375480952381162
2024-10-19 19:35:00+00:00,68206.575,68227.5575,68206.575,68227.5575,0.0,32.22253571428467,0.0022375480952381162
2024-10-19 19:45:00+00:00,68198.3335,68198.3335,68167.0485,68167.0485,0.0,35.15035714285477,0.00014439252380954497
2024-10-19 19:50:00+00:00,68192.311,68204.08,68140.825,68157.4115,0.063383321,37.83774999999774,0.0031626459047619264
2024-10-19 19:55:00+00:00,68175.0425,68210.17,68164.832,68170.503,3.5932e-05,38.60003571428388,0.0031624659047619266
2024-10-19 20:00:00+00:00,68199.575,68219.15,68185.699,68185.699,0.001,40.8286785714268,0.003210084952380974
2024-10-19 20:05:00+00:00,68200.05,68200.05,68188.697,68188.697,0.0,39.53849999999927,0.003210084952380974
2024-10-19 20:10:00+00:00,68191.75,68203.14,68191.75,68203.14,0.0,38.58685714285717,0.003210084952380974
2024-10-19 20:15:00+00:00,68203.79,68203.79,68203.79,68203.79,0.0,36.56899999999899,0.003210084952380974
2024-10-19 20:20:00+00:00,68196.2965,68239.845,68196.2965,68239.845,0.0,35.63246428571334,0.003210084952380974
2024-10-19 20:25:00+00:00,68216.5135,68236.9305,68216.5135,68236.9305,0.0,32.402285714285554,0.003210084952380974
2024-10-19 20:30:00+00:00,68243.325,68243.325,68228.8255,68233.6135,0.0,30.048892857142032,0.003210084952380974
2024-10-19 20:35:00+00:00,68216.5495,68257.9915,68216.4955,68257.9915,0.0,31.444642857142235,0.003210084952380974
2024-10-19 20:40:00+00:00,68275.4455,68275.4455,68275.4455,68275.4455,0.0,30.857249999998853,0.003210084952380974
2024-10-19 20:45:00+00:00,68233.3,68250.72,68223.383,68250.72,0.0,33.42771428571307,0.003210084952380974
2024-10-19 20:50:00+00:00,68244.298,68249.755,68234.32,68237.785,0.0,33.10039285714135,0.003210084952380974
2024-10-19 20:55:00+00:00,68257.09,68287.18,68249.735,68249.735,0.000159552,32.30653571428411,0.0032159176190476404
2024-10-19 21:00:00+00:00,68247.545,68264.995,68236.39,68252.6575,0.001,29.831535714283486,0.0031228002380952594
2024-10-19 21:05:00+00:00,68258.6,68285.6895,68258.6,68285.6895,0.0,28.422499999997463,0.0031228002380952594
2024-10-19 21:10:00+00:00,68277.747,68289.3965,68277.747,68284.45,0.0,25.779821428569058,0.0031228002380952594
2024-10-19 21:15:00+00:00,68273.905,68273.905,68273.905,68273.905,0.0,25.5079642857111,0.0031228002380952594
2024-10-19 21:20:00+00:00,68304.04,68304.04,68304.04,68304.04,0.0,26.62882142856792,0.0031228002380952594
2024-10-19 21:25:00+00:00,68311.5655,68311.5655,68311.5655,68311.5655,0.0,27.11992857142572,0.0031228002380952594
2024-10-19 21:40:00+00:00,68271.095,68285.05,68268.128,68268.128,0.0,27.111999999996833,0.0031228002380952594
2024-10-19 21:45:00+00:00,68283.825,68310.55,68269.505,68302.094,0.0,28.475607142854383,0.00010454685714287829
2024-10-19 21:50:00+00:00,68265.602,68265.602,68265.602,68265.602,0.0,30.04649999999778,0.00010283580952383069
2024-10-19 21:55:00+00:00,68238.061,68283.522,68212.482,68212.482,3.4458e-05,32.156785714283096,5.6857619047640204e-05
2024-10-19 22:00:00+00:00,68240.5245,68269.3795,68207.25,68226.835,0.001,35.34789285714006,0.00010447666666668782
2024-10-19 22:05:00+00:00,68203.0975,68263.615,68203.0975,68263.615,0.0,35.951821428568756,0.00010447666666668782
2024-10-19 22:10:00+00:00,68238.715,68256.549,68238.715,68256.549,0.0,36.558964285712655,0.00010447666666668782
2024-10-19 22:15:00+00:00,68233.545,68239.714,68185.85,68239.714,1.4253e-05,38.08067857142721,0.00010515538095240212
2024-10-19 22:20:00+00:00,68271.95,68300.5,68271.95,68283.675,1.4354e-05,40.37932142856984,0.00010583890476192591
2024-10-19 22:25:00+00:00,68263.65,68273.082,68260.195,68265.21,0.0,39.69703571428441,0.00010583890476192591
2024-10-19 22:30:00+00:00,68300.9825,68329.38,68300.9825,68329.38,0.0,43.4484999999986,0.00010583890476192591
2024-10-19 22:40:00+00:00,68339.165,68424.9885,68339.165,68424.9885,0.0,49.524464285713165,0.00010583890476192591
2024-10-19 22:45:00+00:00,68385.385,68385.385,68323.7,68323.7,0.0,54.60685714285709,0.00010583890476192591
2024-10-19 22:55:00+00:00,68357.0,68357.0,68323.7,68347.71,3.2126e-05,56.44789285714277,0.00010736871428573544
2024-10-19 23:00:00+00:00,68300.3015,68300.3015,68300.3015,68300.3015,0.0,56.73153571428598,9.977100000002116e-05
2024-10-19 23:05:00+00:00,68312.86,68318.7875,68312.86,68318.0985,0.0,55.021821428571585,5.215195238097353e-05
2024-10-19 23:15:00+00:00,68303.945,68352.8,68303.945,68319.187,0.0,55.90489285714284,5.215195238097353e-05
2024-10-19 23:20:00+00:00,68354.73,68409.45,68354.73,68386.7955,0.0,57.277964285714134,5.215195238097353e-05
2024-10-19 23:25:00+00:00,68378.39,68410.775,68363.9505,68363.9505,0.0,56.18474999999931,5.215195238097353e-05
2024-10-19 23:30:00+00:00,68366.55,68405.165,68366.55,68405.165,0.0,54.80596428571256,5.215195238097353e-05
2024-10-19 23:35:00+00:00,68371.329,68371.329,68314.005,68314.005,0.0,59.53882142856829,5.215195238097353e-05
2024-10-19 23:40:00+00:00,68344.62,68344.62,68344.62,68344.62,0.0,56.67567857142525,5.215195238097353e-05
2024-10-19 23:50:00+00:00,68364.108,68364.108,68364.108,68364.108,0.0,53.72582142856845,5.215195238097353e-05
2024-10-19 23:55:00+00:00,68406.295,68406.295,68362.242,68374.019,3.0108e-05,55.19532142856873,5.358566666668781e-05
2024-10-20 00:05:00+00:00,68414.1,68435.7,68395.7355,68395.7355,0.0,55.01753571428292,5.194480952383067e-05
2024-10-20 00:10:00+00:00,68420.46,68420.46,68420.46,68420.46,0.0,49.95439285714071,4.3257619047830515e-06
2024-10-20 00:20:00+00:00,68449.605,68449.605,68396.7365,68396.7365,0.0,46.49582142856837,4.3257619047830515e-06
2024-10-20 00:25:00+00:00,68390.98,68390.98,68390.98,68390.98,0.0,44.52842857142553,4.3257619047830515e-06
2024-10-20 00:30:00+00:00,68370.545,68370.545,68307.65,68307.65,0.007249429,47.09424999999673,0.0003488579523809735
2024-10-20 00:35:00+00:00,68270.0105,68270.0105,68240.6365,68260.85,0.0,50.56049999999647,0.0003481744285714497
2024-10-20 00:40:00+00:00,68282.12,68282.12,68282.12,68282.12,0.0,48.59014285713887,0.0003481744285714497
2024-10-20 00:45:00+00:00,68270.3035,68275.2,68240.55,68275.2,0.0,45.112071428567496,0.0003481744285714497
2024-10-20 00:50:00+00:00,68248.945,68248.945,68248.945,68248.945,0.0,43.64282142856765,0.0003481744285714497
2024-10-20 00:55:00+00:00,68284.3,68284.3,68236.6865,68236.6865,3.1012e-05,44.09989285714047,0.0003496511904762116
2024-10-20 01:05:00+00:00,68196.1765,68236.0575,68196.1765,68228.9,0.0,40.48203571428375,0.0003481213809524021
2024-10-20 01:10:00+00:00,68210.3185,68233.85,68195.2,68195.2,0.0,41.05596428571361,0.0003481213809524021
2024-10-20 01:20:00+00:00,68121.503,68204.525,68121.503,68204.525,0.003021088,45.59410714285644,0.0004919827142857355
2024-10-20 01:25:00+00:00,68230.7585,68230.7585,68230.7585,68230.7585,0.0,44.32128571428517,0.0004919827142857355
2024-10-20 01:30:00+00:00,68189.39,68189.39,68189.39,68189.39,0.0,42.870392857142306,0.0004919827142857355
2024-10-20 01:35:00+00:00,68171.455,68174.1925,68154.045,68169.8265,0.0,43.62899999999873,0.0004919827142857355
2024-10-20 01:40:00+00:00,68169.955,68169.955,68169.955,68169.955,0.0,39.86185714285654,0.0004919827142857355
2024-10-20 01:45:00+00:00,68166.7325,68210.5265,68156.605,68210.5265,0.0,43.30221428571427,0.0004919827142857355
2024-10-20 01:50:00+00:00,68165.527,68165.527,68165.527,68165.527,0.0,40.56432142857167,0.0004919827142857355
2024-10-20 01:55:00+00:00,68151.02,68184.886,68146.337,68147.645,4.0259e-05,38.53114285714297,0.0004938998095238307
2024-10-20 02:00:00+00:00,68159.8825,68200.435,68151.8995,68200.435,0.0,40.78257142857183,0.0004924660952381163
2024-10-20 02:05:00+00:00,68220.51,68220.51,68187.96,68198.351,0.00300805,40.13828571428582,0.0006357065714285926
2024-10-20 02:20:00+00:00,68189.94,68199.555,68137.854,68162.46,0.003000529,42.6701428571427,0.0007785889047619258
2024-10-20 02:25:00+00:00,68164.2255,68164.2255,68147.66,68153.1325,0.0,40.45242857142772,0.0007785889047619258
2024-10-20 02:30:00+00:00,68184.95,68199.5915,68163.4795,68181.3565,0.0,40.87735714285581,0.0007785889047619258
2024-10-20 02:40:00+00:00,68148.093,68148.093,68148.093,68148.093,0.0,40.49260714285525,0.0004333780000000212
2024-10-20 02:45:00+00:00,68152.138,68152.138,68107.5675,68137.1885,0.0,37.74607142856985,0.00043337800000002114
2024-10-20 02:50:00+00:00,68169.186,68169.186,68146.4,68154.086,0.0,38.15778571428382,0.00043337800000002114
2024-10-20 02:55:00+00:00,68195.014,68195.014,68154.086,68172.5635,3.9966e-05,38.126321428569746,0.0004352811428571639
2024-10-20 03:05:00+00:00,68150.4,68150.4,68103.455,68111.065,0.0,40.537999999998384,0.0004352811428571639
2024-10-20 03:10:00+00:00,68147.2,68147.2,68134.35,68134.35,0.0,43.10989285714043,0.0004338043809524021
2024-10-20 03:20:00+00:00,68165.149,68165.208,68160.871,68160.871,0.0,41.46249999999626,0.0004338043809524021
2024-10-20 03:25:00+00:00,68154.305,68154.305,68099.7,68119.965,0.0,42.61760714285317,0.0004338043809524021
2024-10-20 03:30:00+00:00,68132.5955,68149.235,68105.507,68144.892,0.000716868,42.987535714282004,0.0003240796190476402
2024-10-20 03:35:00+00:00,68146.6585,68175.705,68136.24,68158.1725,0.0,42.0357499999965,0.0003240796190476402
2024-10-20 03:40:00+00:00,68164.14,68167.1625,68142.505,68166.374,0.0,41.471999999997415,0.0003240796190476402
2024-10-20 03:45:00+00:00,68148.365,68174.9685,68137.285,68162.04,0.0,39.75646428571262,0.0003240796190476402
2024-10-20 03:50:00+00:00,68159.3725,68193.995,68158.0735,68180.55,0.0,41.13903571428403,0.0003240796190476402
2024-10-20 03:55:00+00:00,68196.94,68217.06,68178.6,68183.1025,4.1677e-05,40.56767857142716,0.00032606423809525926
2024-10-20 04:00:00+00:00,68180.61,68202.3545,68175.427,68184.278,0.0,40.11510714285604,0.0003260642380952592
2024-10-20 04:05:00+00:00,68184.75,68205.066,68167.56,68180.8185,0.0,39.610499999999384,0.000324147142857164
2024-10-20 04:20:00+00:00,68198.2875,68216.9565,68198.2875,68216.9565,0.0,39.90625,0.000324147142857164
2024-10-20 04:25:00+00:00,68258.011,68280.5235,68258.011,68280.5235,0.0,41.523321428571116,0.00018090666666668783
2024-10-20 04:30:00+00:00,68293.4995,68293.4995,68291.8425,68291.8425,0.0,37.51385714285737,3.802433333335448e-05
2024-10-20 04:35:00+00:00,68249.3021877235,68257.0,68248.1971877235,68248.1971877235,0.0,38.05030801975018,3.802433333335448e-05
2024-10-20 04:40:00+00:00,68244.1911877235,68244.1911877235,68244.1911877235,68244.1911877235,0.0,36.1323080197513,3.802433333335448e-05
2024-10-20 04:45:00+00:00,68275.725,68275.725,68275.725,68275.725,0.0,34.01536603950184,3.802433333335448e-05
2024-10-20 04:50:00+00:00,68241.55,68275.725,68241.55,68260.338,0.014116057,33.33300889664471,0.000710217523809545
2024-10-20 04:55:00+00:00,68234.6946877235,68252.295,68232.6171877235,68232.6171877235,0.003380217,32.49413834496642,0.0008711802380952593
2024-10-20 05:00:00+00:00,68254.0171877235,68273.08,68217.094375447,68273.08,0.0007,34.731861527323154,0.0009026104285714498
2024-10-20 05:05:00+00:00,68267.666,68268.86,68243.4471877235,68244.9001877235,0.0,34.15681240421587,0.0009026104285714498
2024-10-20 05:10:00+00:00,68261.799,68261.799,68261.799,68261.799,0.0,32.7980489953947,0.0009026104285714498
2024-10-20 05:15:00+00:00,68255.05,68255.05,68250.2471877235,68250.2471877235,0.0,30.87603558657429,0.0009026104285714498
2024-10-20 05:20:00+00:00,68224.4971877235,68224.4971877235,68220.9471877235,68220.9471877235,0.0,31.04549987228737,0.0009026104285714498
2024-10-20 05:25:00+00:00,68218.7471877235,68224.7521877235,68218.7471877235,68220.9471877235,0.0,28.795428443715668,0.0008684738571428782
2024-10-20 05:35:00+00:00,68217.094375447,68217.094375447,68168.888,68180.05,0.001810807,29.932656138250813,0.0009547027619047831
2024-10-20 05:40:00+00:00,68189.85,68205.7355,68151.2,68205.7355,0.001,29.28754899539386,0.0010023218095238306
2024-10-20 05:45:00+00:00,68205.347,68214.1215,68202.723,68206.41,0.0,29.17487042396429,0.0010023218095238306
2024-10-20 05:50:00+00:00,68202.4885,68229.6575,68194.59,68198.6,0.0,28.56216954707218,0.0010023218095238306
2024-10-20 05:55:00+00:00,68192.92,68207.87,68187.5,68194.789,0.0,29.73102668992838,0.0010003371904762116
2024-10-20 06:00:00+00:00,68204.7,68206.865,68176.1325,68176.1325,0.0,29.67379009874899,0.0010003371904762116
2024-10-20 06:05:00+00:00,68166.72,68191.1525,68166.72,68191.1525,0.0,28.977897241605596,0.0010003371904762116
2024-10-20 06:15:00+00:00,68212.3525,68212.3525,68190.07875,68190.07875,0.0,28.588821364712203,0.0010003371904762116
2024-10-20 06:20:00+00:00,68206.44625,68206.44625,68206.44625,68206.44625,0.0,25.758955325212032,0.0010003371904762116
2024-10-20 06:30:00+00:00,68206.80625,68207.93625,68190.67125,68193.66375,0.0,24.875540162605052,0.0010003371904762116
2024-10-20 06:35:00+00:00,68200.88125,68200.88125,68200.88125,68200.88125,0.0,24.184017857140653,0.0010003371904762116
2024-10-20 06:40:00+00:00,68216.1525,68216.1525,68200.88125,68200.88125,0.001,24.449691980246694,0.0010479562380952593
2024-10-20 06:45:00+00:00,68214.22625,68214.22625,68214.22625,68214.22625,0.0,23.310049123104754,0.0010479562380952593
2024-10-20 06:55:00+00:00,68216.1525,68398.45,68216.1525,68398.45,0.0724,36.039959837389425,0.0038233820952381166
2024-10-20 07:00:00+00:00,68369.835,68369.835,68369.835,68369.835,0.0,34.36537499999603,0.003662419380952402
2024-10-20 07:05:00+00:00,68345.495,68348.899,68345.495,68348.899,0.0,32.20855357142552,0.003629086047619069
2024-10-20 07:10:00+00:00,68404.2775,68428.967,68389.1985,68420.35,0.0,37.11351785714006,0.003629086047619069
2024-10-20 07:15:00+00:00,68402.821,68402.821,68402.821,68402.821,0.0,35.86076785714041,0.003629086047619069
2024-10-20 07:20:00+00:00,68386.855,68386.855,68386.855,68386.855,0.0,35.54619642856934,0.003629086047619069
2024-10-20 07:30:00+00:00,68409.25,68409.25,68409.25,68409.25,0.0,34.95066071428404,0.003629086047619069
2024-10-20 07:35:00+00:00,68381.78,68381.78,68381.78,68381.78,0.0,35.16762499999874,0.003629086047619069
2024-10-20 07:55:00+00:00,68398.059,68398.059,68354.205,68359.1925,0.00298135,36.709071428570105,0.0036848261904762116
2024-10-20 08:00:00+00:00,68374.1,68394.855,68374.1,68393.735,0.002973896,38.08728571428427,0.0037788212380952596
2024-10-20 08:10:00+00:00,68378.3855,68429.8,68378.3855,68381.53,0.00296574,40.526535714284236,0.003920046952380974
2024-10-20 08:15:00+00:00,68387.015,68399.325,68384.543,68399.325,0.0,41.28207142856991,0.003920046952380974
2024-10-20 08:20:00+00:00,68353.1,68403.85,68353.1,68392.558,0.002958325,43.816267857142,0.004060919571428593
2024-10-20 08:25:00+00:00,68415.7805,68489.253,68415.7805,68470.18,0.00294665,49.769839285712806,0.004201236238095259
2024-10-20 08:30:00+00:00,68436.6615,68437.46,68422.997,68422.997,0.0,39.981214285712795,0.004201236238095259
2024-10-20 08:35:00+00:00,68440.45,68443.7375,68398.006,68398.006,0.0,41.203821428571246,0.004201236238095259
2024-10-20 08:40:00+00:00,68399.117,68399.117,68399.117,68399.117,0.0,39.544607142856485,0.004201236238095259
2024-10-20 08:45:00+00:00,68358.634,68421.109,68358.634,68409.37,0.002544863,38.28796428571305,0.004322420190476212
2024-10-20 08:50:00+00:00,68378.4575,68378.4575,68348.91,68348.91,0.0,41.35446428571179,0.004322420190476212
2024-10-20 08:55:00+00:00,68396.802,68399.495,68396.547,68396.8345,0.0,43.8272499999969,0.0042748011428571635
2024-10-20 09:00:00+00:00,68404.5465,68405.787,68395.34,68405.787,0.0,42.973821428568044,0.0042748011428571635
2024-10-20 09:05:00+00:00,68351.915,68351.915,68351.915,68351.915,0.0,44.85967857142532,0.0008271820952381164
2024-10-20 09:10:00+00:00,68359.417,68370.35,68359.417,68368.7725,0.0,43.0440357142839,0.0008271820952381164
2024-10-20 09:15:00+00:00,68395.47,68395.47,68370.17,68370.17,0.0,42.40367857142701,0.0008271820952381164
2024-10-20 09:20:00+00:00,68371.495,68371.495,68370.8015,68370.8015,0.0,38.82585714285545,0.0008271820952381164
2024-10-20 09:25:00+00:00,68380.159,68398.4,68342.975,68398.4,0.002939283,41.513714285711885,0.0009671479523809736
2024-10-20 09:35:00+00:00,68426.23,68426.23,68412.868,68412.868,0.0,39.87657142856915,0.0009671479523809736
2024-10-20 09:40:00+00:00,68421.715,68421.715,68416.45,68416.45,0.0,33.60171428571214,0.0009671479523809736
2024-10-20 09:45:00+00:00,68418.038,68418.038,68418.038,68418.038,0.0,30.34492857142738,0.0009671479523809736
2024-10-20 09:50:00+00:00,68419.55,68424.5575,68406.5425,68412.4295,0.0,28.3651785714267,0.000825178904761926
2024-10-20 09:55:00+00:00,68447.27,68447.27,68446.4,68446.4,0.0,30.774428571426792,0.0006835648095238307
2024-10-20 10:20:00+00:00,68438.75,68438.75,68438.75,68438.75,0.0,26.85835714285557,0.0005423390952381163
2024-10-20 10:25:00+00:00,68408.5945,68433.06,68408.5945,68415.282,0.0,24.693749999998545,0.0005423390952381163
2024-10-20 10:30:00+00:00,68430.664,68442.58,68430.664,68442.58,0.0,23.030392857141642,0.00040146647619049736
2024-10-20 10:35:00+00:00,68402.9035,68402.9035,68402.9035,68402.9035,0.0,25.11821428571316,0.00026114980952383064
2024-10-20 10:40:00+00:00,68414.989,68414.989,68414.989,68414.989,0.0,22.13346428571302,0.0002611498095238307
2024-10-20 10:45:00+00:00,68374.34,68414.989,68374.34,68405.531,0.001,23.720178571426782,0.00030876885714287833
2024-10-20 10:50:00+00:00,68389.721,68389.721,68389.721,68389.721,0.0,22.94249999999842,0.0003087688571428783
2024-10-20 10:55:00+00:00,68372.9205,68372.9205,68356.915,68356.915,0.0,25.1911428571423,0.00018758490476192591
2024-10-20 11:15:00+00:00,68405.62,68405.62,68405.62,68405.62,0.0,24.711142857143255,0.00018758490476192591
2024-10-20 11:25:00+00:00,68452.1035,68452.1035,68452.1035,68452.1035,0.0,26.04353571428614,0.00018758490476192591
2024-10-20 11:30:00+00:00,68428.71,68428.71,68428.71,68428.71,0.0,27.08257142857162,0.00018758490476192591
2024-10-20 11:35:00+00:00,68388.54,68388.54,68388.54,68388.54,0.0,29.838428571429436,0.00018758490476192591
2024-10-20 11:40:00+00:00,68420.14,68420.14,68420.14,68420.14,0.0,30.808785714287037,0.00018758490476192591
2024-10-20 11:45:00+00:00,68441.1,68441.1,68414.2,68428.1555,0.001,30.24160714285868,0.00023520395238097353
2024-10-20 12:05:00+00:00,68422.731,68422.731,68411.19,68421.5245,0.0,30.90700000000132,0.00023520395238097353
2024-10-20 12:10:00+00:00,68429.5385,68429.5385,68413.0105,68423.9,0.0,29.9336071428583,9.523809523811638e-05
2024-10-20 12:15:00+00:00,68415.365,68415.365,68399.4265,68399.4265,0.0,29.731857142858125,9.523809523811638e-05
2024-10-20 12:20:00+00:00,68393.654,68405.1,68393.654,68397.875,0.0,27.71539285714451,9.523809523811638e-05
2024-10-20 12:25:00+00:00,68382.8275,68404.99,68380.12,68380.12,0.083107561,28.628571428573714,0.004052741000000021
2024-10-20 12:30:00+00:00,68380.7,68422.3,68380.7,68392.5795,0.01,28.73792857143105,0.004528931476190497
2024-10-20 12:35:00+00:00,68353.2855,68373.665,68353.2855,68373.665,0.0,30.415357142860426,0.004528931476190497
2024-10-20 12:40:00+00:00,68409.029,68409.029,68396.94,68396.94,0.0,30.598071428574,0.004528931476190497
2024-10-20 12:45:00+00:00,68366.514,68366.514,68366.514,68366.514,0.0,29.292428571431497,0.004528931476190497
2024-10-20 12:50:00+00:00,68386.938,68402.41,68348.975,68348.975,0.001,29.788964285716897,0.004576550523809545
2024-10-20 12:55:00+00:00,68324.9815,68324.9815,68284.515,68284.515,0.0,32.72228571428942,0.004576550523809545
2024-10-20 13:00:00+00:00,68313.2065,68313.2065,68313.2065,68313.2065,0.0,31.90239285714571,0.004576550523809545
2024-10-20 13:10:00+00:00,68348.2,68348.2,68280.133,68280.133,0.071182504,34.507178571430686,0.007918574523809544
2024-10-20 13:15:00+00:00,68246.55,68246.55,68246.55,68246.55,0.0,34.98453571428711,0.007918574523809544
2024-10-20 13:20:00+00:00,68215.82,68241.32,68215.82,68241.32,0.0,35.96771428571602,0.007918574523809544
2024-10-20 13:25:00+00:00,68271.899,68271.899,68271.899,68271.899,0.0,36.97135714285936,0.007918574523809544
2024-10-20 13:30:00+00:00,68315.95,68315.95,68315.95,68315.95,0.0,38.36975000000218,0.007918574523809544
2024-10-20 13:35:00+00:00,68362.861,68457.945,68362.861,68422.94,0.0,47.694678571430686,0.007918574523809544
2024-10-20 13:40:00+00:00,68440.495,68440.495,68398.923,68398.923,0.0,48.88767857142999,0.007918574523809544
2024-10-20 13:45:00+00:00,68439.205,68463.75,68439.205,68442.9445,0.0,50.50532142857264,0.007918574523809544
2024-10-20 13:50:00+00:00,68439.3875,68447.9545,68403.55,68447.9545,0.0,50.87035714285802,0.007870955476190497
2024-10-20 14:00:00+00:00,68479.15,68559.75,68479.15,68559.75,0.115060111,56.32975000000027,0.013350008380952402
2024-10-20 14:05:00+00:00,68526.9,68635.872,68526.9,68635.872,0.021945,61.94017857142899,0.014395008380952402
2024-10-20 14:10:00+00:00,68603.95,68639.453,68555.3885,68604.253,0.0,64.12800000000009,0.014395008380952402
2024-10-20 14:15:00+00:00,68641.725,68734.195,68641.725,68734.195,0.0,68.80528571428606,0.014395008380952402
2024-10-20 14:20:00+00:00,68702.4,68702.4,68702.4,68702.4,0.0,69.0269642857155,0.010437505476190498
2024-10-20 14:25:00+00:00,68671.0855,68671.0855,68620.6,68635.475,0.0,70.00789285714356,0.009961315000000021
2024-10-20 14:30:00+00:00,68675.55,68736.556,68662.693,68736.556,0.0,74.82917857142873,0.009961315000000021
2024-10-20 14:35:00+00:00,68721.88,68722.562,68666.045,68718.6,0.0,77.67067857142891,0.009961315000000021
2024-10-20 14:40:00+00:00,68667.02,68675.2455,68652.41,68675.2455,0.0,80.21432142857209,0.009961315000000021
2024-10-20 14:45:00+00:00,68641.347,68641.347,68641.347,68641.347,0.0,79.4891428571448,0.009913695952380973
2024-10-20 14:50:00+00:00,68599.4,68641.347,68599.4,68611.92,0.001,72.34285714285839,0.009961315000000021
2024-10-20 14:55:00+00:00,68575.9,68618.0035,68575.9,68618.0035,0.002248863,72.38082142857353,0.010068403714285735
2024-10-20 15:00:00+00:00,68661.0615,68661.0615,68557.868,68557.868,0.0,75.12128571428704,0.006678760666666688
2024-10-20 15:05:00+00:00,68524.99,68549.5555,68508.823,68508.823,0.0,75.4527500000009,0.006678760666666688
2024-10-20 15:15:00+00:00,68515.175,68515.175,68436.613,68436.613,0.0,73.07892857143035,0.006678760666666688
2024-10-20 15:20:00+00:00,68407.2705,68439.555,68375.46,68424.38,0.0,69.87342857142878,0.006678760666666688
2024-10-20 15:25:00+00:00,68392.06,68464.339,68392.06,68464.339,0.03006545,69.03160714285852,0.008110448761904783
2024-10-20 15:30:00+00:00,68492.05,68529.765,68492.05,68529.765,0.0,64.42332142857153,0.008110448761904783
2024-10-20 15:40:00+00:00,68549.359,68549.359,68536.6645,68536.6645,0.0,63.55182142857042,0.008110448761904783
2024-10-20 15:45:00+00:00,68580.635,68580.635,68563.7695,68563.7695,0.0,60.84971428571381,0.008110448761904783
2024-10-20 15:50:00+00:00,68592.363,68592.363,68592.252,68592.252,0.0,55.672035714286075,0.008110448761904783
2024-10-20 15:55:00+00:00,68582.8655,68582.8655,68582.8655,68582.8655,0.0,51.305999999999976,0.0026313958571428783
2024-10-20 16:00:00+00:00,68619.358,68637.8,68563.45,68563.45,0.005685195,51.88885714285737,0.0018571194285714498
2024-10-20 16:15:00+00:00,68563.01,68563.01,68508.05,68542.655,0.0,53.42467857142765,0.0018571194285714498
2024-10-20 16:20:00+00:00,68582.059,68590.447,68582.059,68590.447,0.0,53.84217857142773,0.0018571194285714498
2024-10-20 16:25:00+00:00,68560.267,68561.565,68560.267,68561.565,0.0,52.9904999999978,0.0018571194285714498
2024-10-20 16:30:00+00:00,68543.316,68596.17,68543.316,68596.17,0.0,49.3948214285691,0.0018571194285714498
2024-10-20 16:35:00+00:00,68575.635,68575.635,68551.975,68551.975,0.0,49.048392857140115,0.0018571194285714498
2024-10-20 16:45:00+00:00,68525.25,68525.25,68525.25,68525.25,0.0,45.34574999999729,0.0018571194285714498
2024-10-20 16:55:00+00:00,68498.8,68549.092,68498.8,68511.7675,0.001,44.35982142856977,0.0019047384761904974
2024-10-20 17:05:00+00:00,68541.612,68560.03,68541.612,68560.03,0.0,42.64435714285459,0.0019047384761904974
2024-10-20 17:10:00+00:00,68544.625,68544.625,68544.625,68544.625,0.0,39.071428571426495,0.0018571194285714498
2024-10-20 17:20:00+00:00,68509.85,68509.85,68509.85,68509.85,0.0,40.15578571428341,0.0017500307142857357
2024-10-20 17:25:00+00:00,68499.948,68499.948,68478.9,68493.91,0.0,39.225749999998826,0.0017500307142857357
2024-10-20 17:30:00+00:00,68473.9945,68473.9945,68473.9945,68473.9945,0.0,38.60589285714169,0.0017500307142857357
2024-10-20 17:35:00+00:00,68433.54,68433.54,68417.945,68417.945,0.0,41.938964285713155,0.0017500307142857357
2024-10-20 17:40:00+00:00,68426.436,68464.035,68426.436,68455.415,0.0,39.92039285714106,0.0017500307142857357
2024-10-20 17:45:00+00:00,68439.9175,68468.3,68439.9175,68468.3,0.0,37.99057142857055,0.0003183426190476402
2024-10-20 17:50:00+00:00,68508.315,68570.1115,68508.315,68570.1115,0.0,41.84910714285589,0.0003183426190476402
2024-10-20 17:55:00+00:00,68558.9,68568.129,68539.9675,68539.9675,0.0,41.84653571428498,0.0003183426190476402
2024-10-20 18:00:00+00:00,68555.635,68575.2605,68545.055,68575.1605,0.0,40.59217857142877,0.0003183426190476402
2024-10-20 18:05:00+00:00,68592.36,68638.793,68591.145,68638.793,0.0,41.98057142857267,0.0003183426190476402
2024-10-20 18:10:00+00:00,68609.35,68609.35,68588.727,68601.155,0.0,43.647785714286975,0.0003183426190476402
2024-10-20 18:15:00+00:00,68594.1115,68612.1,68590.95,68590.95,0.0,41.56621428571608,4.761904761906877e-05
2024-10-20 18:20:00+00:00,68610.5395,68637.3255,68603.2035,68637.3255,0.0,41.43142857143123,4.761904761906877e-05
2024-10-20 18:25:00+00:00,68651.503,68651.503,68630.69,68630.69,0.0,41.81771428571665,4.761904761906877e-05
2024-10-20 18:30:00+00:00,68624.615,68633.679,68624.615,68630.663,0.0,39.98121428571695,4.761904761906877e-05
2024-10-20 18:40:00+00:00,68631.515,68640.788,68620.312,68620.312,0.0,39.23307142857292,4.761904761906877e-05
2024-10-20 18:45:00+00:00,68625.1575,68641.64,68615.465,68615.465,0.0,39.68017857143007,4.761904761906877e-05
2024-10-20 18:50:00+00:00,68595.96,68621.9,68592.85,68621.9,0.0,37.75164285714397,4.761904761906877e-05
2024-10-20 18:55:00+00:00,68603.1845,68603.1845,68565.222,68581.569,0.008119848,38.50792857142993,0.00038665942857144973
2024-10-20 19:00:00+00:00,68570.515,68570.515,68546.645,68546.645,0.0,38.97517857142936,0.00038665942857144973
2024-10-20 19:10:00+00:00,68580.661,68580.661,68580.661,68580.661,0.0,34.13264285714312,0.00038665942857144973
2024-10-20 19:15:00+00:00,68584.381,68584.381,68531.38,68531.38,0.0,35.76528571428519,0.00038665942857144973
2024-10-20 19:25:00+00:00,68511.22,68511.22,68511.22,68511.22,0.0,34.684357142856506,0.00038665942857144973
2024-10-20 19:40:00+00:00,68501.695,68501.695,68490.695,68490.695,0.0,31.605249999998446,0.00038665942857144973
2024-10-20 19:50:00+00:00,68523.89,68559.6,68482.96,68520.6195,0.024502693,33.50339285714082,0.0015534543333333543
2024-10-20 19:55:00+00:00,68513.4005,68522.5,68492.436,68495.557,0.001,34.140107142854376,0.001601073380952402
2024-10-20 20:00:00+00:00,68498.41,68509.3,68470.85,68476.112,0.00218978,33.57399999999637,0.0017053486190476402
2024-10-20 20:05:00+00:00,68455.422,68505.975,68455.422,68505.975,0.0,35.698285714282456,0.0017053486190476402
2024-10-20 20:10:00+00:00,68528.2015,68528.2015,68528.2015,68528.2015,0.0,36.638464285710405,0.0017053486190476402
2024-10-20 20:15:00+00:00,68524.131,68524.131,68518.125,68518.125,0.0,35.89564285713901,0.0017053486190476402
2024-10-20 20:20:00+00:00,68554.019,68554.019,68554.019,68554.019,0.0,36.5898571428531,0.0017053486190476402
2024-10-20 20:25:00+00:00,68607.289,68630.095,68607.289,68630.095,0.0,39.948857142854,0.0017053486190476402
2024-10-20 20:30:00+00:00,68649.625,68661.3485,68636.785,68643.757,0.0,38.132821428567695,0.0017053486190476402
2024-10-20 20:35:00+00:00,68685.3445,68712.465,68682.399,68682.82,0.0,40.545964285710525,0.0017053486190476402
2024-10-20 20:40:00+00:00,68693.485,68699.926,68673.945,68699.926,0.0,39.97203571428275,0.0017053486190476402
2024-10-20 20:45:00+00:00,68721.25,68795.8104534005,68721.25,68795.8104534005,0.002,43.03513952860418,0.0018005867142857352
2024-10-20 20:50:00+00:00,68811.8924534005,68875.161,68811.8924534005,68871.522,0.002,47.26303571428226,0.0018958248095238305
2024-10-20 20:55:00+00:00,68822.286,68822.286,68762.7175,68766.4505,0.0,53.56871428571113,0.0018958248095238305
2024-10-20 21:00:00+00:00,68719.921,68828.4,68719.921,68780.109,0.673186495,55.8429285714249,0.03395232457142859
2024-10-20 21:05:00+00:00,68788.5535,68788.5535,68715.7,68728.4115,0.0,58.89932142856768,0.033565665142857165
2024-10-20 21:10:00+00:00,68728.191,68728.934,68706.865,68717.6005,0.0,57.729249999995645,0.033565665142857165
2024-10-20 21:15:00+00:00,68748.234,68748.234,68701.945,68701.945,0.0,57.42467857142349,0.033565665142857165
2024-10-20 21:30:00+00:00,68690.265,68726.65,68632.749,68726.65,0.0,62.54428571428122,0.033565665142857165
2024-10-20 21:35:00+00:00,68681.102,68681.102,68681.102,68681.102,0.0,65.07796428570977,0.033565665142857165
2024-10-20 21:45:00+00:00,68711.9975,68711.9975,68711.9975,68711.9975,0.0,64.72092857142395,0.033565665142857165
2024-10-20 21:50:00+00:00,68720.675,68731.082,68683.6,68724.6,0.0,62.67849999999453,0.03239887023809526
2024-10-20 21:55:00+00:00,68767.655,68774.37,68767.655,68774.37,0.0,64.00110714285152,0.032351251190476216
2024-10-20 22:00:00+00:00,68741.298,68999.8,68741.298,68967.5695,0.003,77.55782142856644,0.032389833095238116
2024-10-20 22:05:00+00:00,68929.94,68988.939,68833.861,68833.861,0.0,86.77903571428033,0.032389833095238116
2024-10-20 22:10:00+00:00,68793.49,68793.49,68617.54,68698.844,0.0,95.38164618567473,0.032389833095238116
2024-10-20 22:15:00+00:00,68717.3825,68945.322,68717.3825,68904.022,0.0,107.31932142856802,0.032389833095238116
2024-10-20 22:20:00+00:00,68859.915,68937.24,68859.915,68866.45,0.0,105.07078571428325,0.032389833095238116
2024-10-20 22:25:00+00:00,68834.0,69173.534,68834.0,69113.655,0.152838795,121.57471428571236,0.039667870952380974
2024-10-20 22:30:00+00:00,69156.4415,69161.0,69014.0555,69161.0,0.0,126.86692857142667,0.039667870952380974
2024-10-20 22:35:00+00:00,69119.5475,69161.4,69027.22,69111.295,0.0,134.87485714285555,0.039667870952380974
2024-10-20 22:40:00+00:00,69161.335,69164.2795,69097.55,69164.2795,0.044011943,136.33489285714208,0.04176367776190478
2024-10-20 22:45:00+00:00,69126.122,69263.95,69126.122,69239.344,0.002552259,139.47253571428467,0.04178997580952383
2024-10-20 22:50:00+00:00,69260.497,69368.243455919,69260.497,69304.395,0.0,145.42621113707096,0.04169473771428574
2024-10-20 22:55:00+00:00,69253.4355,69253.4355,69110.02,69110.02,0.0,157.10331827992817,0.04169473771428574
2024-10-20 23:00:00+00:00,69089.023,69154.973,69089.023,69117.3,0.0,158.42246113707162,0.009638237952380974
2024-10-20 23:05:00+00:00,69082.39,69082.39,68922.04,68992.4,0.002,168.8146039942159,0.00973347604761907
2024-10-20 23:10:00+00:00,69042.1,69151.13,69042.1,69112.35,0.0,161.68803256564465,0.00973347604761907
2024-10-20 23:15:00+00:00,69069.872,69102.995,69069.872,69070.111,0.0,153.64517542278813,0.00973347604761907
2024-10-20 23:20:00+00:00,69095.6175,69105.795,69070.782,69105.795,0.0,140.74253256564407,0.00973347604761907
2024-10-20 23:25:00+00:00,69058.4795,69090.837,69058.4795,69090.837,0.0,126.51663970850079,0.00973347604761907
2024-10-20 23:30:00+00:00,69077.106,69114.2,69077.106,69114.2,0.0,123.64299685135691,0.00973347604761907
2024-10-20 23:35:00+00:00,69069.636,69069.636,69002.865,69002.865,0.0,107.34306827992779,0.00973347604761907
2024-10-20 23:40:00+00:00,68956.5,69065.745,68956.5,69032.0175,0.0,104.65024685135619,0.00973347604761907
2024-10-20 23:45:00+00:00,69003.325,69003.325,68925.35,68925.35,0.0,102.68506827992782,0.009590618904761926
2024-10-20 23:50:00+00:00,68978.937,68978.937,68978.937,68978.937,0.0,101.74631827992769,0.009590618904761926
2024-10-20 23:55:00+00:00,69015.8065,69015.8065,69015.8065,69015.8065,0.0,94.53499685135674,0.009590618904761926
2024-10-21 00:00:00+00:00,68971.2,69000.35,68949.49,68949.49,0.0,90.06478571428514,0.009590618904761926
2024-10-21 00:05:00+00:00,68913.43,69062.9935,68913.43,69062.9935,0.0007,86.86396428571399,0.00962395223809526
2024-10-21 00:10:00+00:00,69106.4685,69106.4685,69106.4685,69106.4685,0.0,85.25860714285747,0.002345914380952402
2024-10-21 00:15:00+00:00,69133.0355,69374.316,69133.0355,69374.316,0.002,90.44342857142848,0.002441152476190497
2024-10-21 00:20:00+00:00,69331.27,69486.4165,69331.27,69346.723,0.006612621,90.18746428571363,0.0027560391904762113
2024-10-21 00:25:00+00:00,69363.655,69368.6,69286.785,69368.6,0.0,92.99724999999931,0.0006602323809524021
2024-10-21 00:30:00+00:00,69397.0755,69482.45,69268.34,69268.34,0.0,105.74196428571408,0.0005386962380952593
2024-10-21 00:35:00+00:00,69286.68,69297.279,69263.3235,69263.3235,0.01414871,104.78767857142832,0.0012124443333333544
2024-10-21 00:40:00+00:00,69296.194,69296.194,69209.149,69215.395,0.015158473,108.35560714285695,0.0019342763809524022
2024-10-21 00:45:00+00:00,69179.3255,69181.799,69150.371,69181.799,0.002973574,105.04767857142932,0.002075875142857164
2024-10-21 00:50:00+00:00,69138.032,69138.032,69071.0295,69110.7,0.0,105.15657142857215,0.0019806370476190688
2024-10-21 00:55:00+00:00,69060.746,69136.455,69060.746,69136.455,0.0,102.9452500000012,0.0019806370476190688
2024-10-21 01:05:00+00:00,69107.245,69107.245,69076.5855,69076.5855,0.04,103.39400000000127,0.003885398952380973
2024-10-21 01:10:00+00:00,69110.65,69285.7255,69110.65,69285.7255,0.0,115.6990357142869,0.003885398952380973
2024-10-21 01:15:00+00:00,69247.6985,69404.445,69247.6985,69404.445,0.0,122.15832142857315,0.003885398952380973
2024-10-21 01:20:00+00:00,69379.65,69446.3,69311.35,69344.48,0.0,121.11450000000124,0.003885398952380973
2024-10-21 01:25:00+00:00,69379.228,69379.228,69379.228,69379.228,0.0,120.49114285714417,0.003885398952380973
2024-10-21 01:30:00+00:00,69329.25,69404.9625,69290.785,69404.9625,0.0,109.51471428571469,0.003885398952380973
2024-10-21 01:35:00+00:00,69453.77,69453.77,69264.06,69355.063,0.037826685,111.98353571428639,0.005686669666666687
2024-10-21 01:40:00+00:00,69310.3325,69310.3325,69310.3325,69310.3325,0.0,109.3346428571427,0.005686669666666687
2024-10-21 01:45:00+00:00,69278.9765,69327.828,69261.4,69305.753,0.002968808,98.78592857142836,0.005828041476190498
2024-10-21 01:50:00+00:00,69253.4175,69253.4175,69253.4175,69253.4175,0.0,100.09878571428582,0.005828041476190498
2024-10-21 01:55:00+00:00,69211.222,69211.222,69177.831,69177.831,0.0,99.28032142857099,0.0057947081428571644
2024-10-21 02:00:00+00:00,69216.35,69216.35,69216.35,69216.35,0.0,97.38710714285637,0.0057947081428571644
2024-10-21 02:05:00+00:00,69175.1475,69175.1475,69143.395,69143.395,0.0,94.68607142857114,0.005699470047619069
2024-10-21 02:10:00+00:00,69157.024,69164.316,69139.21,69139.21,0.0,91.07157142857093,0.005384583333333355
2024-10-21 02:15:00+00:00,69138.77,69148.1,69138.77,69148.1,0.0,87.46160714285672,0.005384583333333355
2024-10-21 02:20:00+00:00,69149.491,69149.491,69060.569,69130.8945,0.0,78.87460714285615,0.005384583333333355
2024-10-21 02:25:00+00:00,69086.615,69086.615,69086.615,69086.615,0.0,70.84124999999767,0.004710835238095259
2024-10-21 02:30:00+00:00,69116.35,69116.35,69056.35,69056.35,0.0,65.48767857142646,0.003989003190476212
2024-10-21 02:40:00+00:00,69023.5935,69023.5935,68922.26,68946.845,0.001,72.5835357142839,0.0038950234761904973
2024-10-21 02:45:00+00:00,68917.8608468605,68917.8608468605,68686.575,68731.2925,0.003514666,83.01871428571341,0.0040623885238095445
2024-10-21 02:50:00+00:00,68772.2585,68801.675,68772.2585,68772.265,0.0,74.4953214285706,0.0040623885238095445
2024-10-21 02:55:00+00:00,68752.171,68752.171,68703.9835,68703.9835,0.0,76.17753571428537,0.00215762661904764
2024-10-21 03:00:00+00:00,68749.35,68779.157,68749.35,68779.157,0.0,76.80221428571427,0.00215762661904764
2024-10-21 03:05:00+00:00,68742.7865,68779.3435,68699.0,68749.0905,0.0,78.80278571428582,0.00215762661904764
2024-10-21 03:10:00+00:00,68717.585,68717.585,68600.773,68600.773,0.0,83.99785714285827,0.00215762661904764
2024-10-21 03:15:00+00:00,68651.3705,68702.9,68651.3705,68702.9,0.0,88.54128571428633,0.00215762661904764
2024-10-21 03:20:00+00:00,68747.249,68792.2,68747.249,68753.174,0.007072307,89.7087857142864,0.002494403142857164
2024-10-21 03:25:00+00:00,68800.617,68822.772,68800.617,68822.772,0.0,92.88678571428629,0.0006931324285714498
2024-10-21 03:30:00+00:00,68850.81,68896.958,68822.544,68896.958,0.004239772,97.53564285714363,0.0008950263333333545
2024-10-21 03:40:00+00:00,68940.38,68940.38,68879.09,68890.8525,0.014114213,95.56192857143053,0.001425759904761926
2024-10-21 03:45:00+00:00,68916.1125,68917.485,68848.565,68880.4985,0.02085415,97.32196428571686,0.0024188146666666876
2024-10-21 03:50:00+00:00,68852.19,68880.4985,68852.19,68871.705,0.0118,95.05828571428823,0.0029807194285714498
2024-10-21 03:55:00+00:00,68906.81,68927.157,68871.705,68909.75,0.017393227,89.44128571428779,0.0038089683333333542
2024-10-21 04:00:00+00:00,68877.8765,68889.405,68876.217,68876.217,0.0,73.2457857142872,0.0038089683333333542
2024-10-21 04:05:00+00:00,68831.634,68876.217,68831.634,68851.105,0.0001,71.40296428571517,0.003813730238095259
2024-10-21 04:10:00+00:00,68828.48,68866.6605,68828.48,68866.6605,0.0,69.25289285714409,0.003813730238095259
2024-10-21 04:15:00+00:00,68821.7605,68851.55,68821.7605,68851.55,0.0,67.0905000000005,0.003813730238095259
2024-10-21 04:20:00+00:00,68827.495,68827.495,68811.0,68811.0,0.0,64.24810714285766,0.003813730238095259
2024-10-21 04:25:00+00:00,68783.25,68783.5195,68773.5065,68774.333,0.0,56.33210714285711,0.003813730238095259
2024-10-21 04:30:00+00:00,68818.985,68847.124,68818.985,68847.124,0.0,54.23667857142885,0.0037661111904762116
2024-10-21 04:35:00+00:00,68870.2055,68870.2055,68870.2055,68870.2055,0.0,49.5067857142858,0.003598746142857164
2024-10-21 04:40:00+00:00,68901.965,68901.965,68878.093,68878.093,0.0,46.80403571428594,0.003598746142857164
2024-10-21 04:45:00+00:00,68902.0005,68958.743,68902.0005,68958.743,0.022,47.24946428571483,0.004646365190476212
2024-10-21 04:50:00+00:00,68948.385,68973.95,68948.385,68973.95,0.0,44.697678571428696,0.004646365190476212
2024-10-21 04:55:00+00:00,68989.36,68989.36,68989.36,68989.36,0.0,40.875535714286215,0.004646365190476212
2024-10-21 05:00:00+00:00,68978.72,69074.46,68978.72,69053.75,0.003904842,45.69207142857236,0.004832310047619069
2024-10-21 05:05:00+00:00,69072.607,69159.365,69045.749,69045.749,0.0,49.8466428571441,0.004832310047619069
2024-10-21 05:10:00+00:00,69019.59,69019.59,68906.484,68942.5205,0.011718198,57.39892857143007,0.005053542952380974
2024-10-21 05:15:00+00:00,68965.4,68975.27,68965.4,68975.27,0.0,56.553678571430545,0.005053542952380974
2024-10-21 05:20:00+00:00,68994.6915,69126.989,68994.6915,69126.875,0.000840716,64.66357142857305,0.004891683142857164
2024-10-21 05:25:00+00:00,69117.5005,69129.46,69102.8195,69125.55,0.000357098,63.359321428574084,0.004236582428571449
2024-10-21 05:30:00+00:00,69103.946,69103.946,69085.5,69085.5,0.0,63.32360714285979,0.0032435276666666875
2024-10-21 05:35:00+00:00,69073.7,69076.855,69054.96,69070.6385,0.0,62.82692857143099,0.002681622904761926
2024-10-21 05:40:00+00:00,69069.55,69069.55,69033.456,69033.456,0.0,60.283464285716555,0.0018533740000000211
2024-10-21 05:45:00+00:00,69035.525,69035.525,68997.4345,68997.4345,0.0,61.355535714287335,0.0018533740000000211
2024-10-21 05:50:00+00:00,68997.0,69018.1435,68997.0,69018.1435,0.0,60.59725000000201,0.0018486120952381161
2024-10-21 05:55:00+00:00,68981.7695,68981.7695,68981.7695,68981.7695,0.0,57.43467857143072,0.0018486120952381161
2024-10-21 06:00:00+00:00,68954.35,68954.35,68922.965,68944.06,0.0,59.80892857143044,0.0018486120952381161
2024-10-21 06:05:00+00:00,68975.895,68975.895,68967.92,68967.92,0.0,60.982142857144936,0.0018486120952381161
2024-10-21 06:10:00+00:00,68983.195,68983.195,68947.1075,68947.1075,0.0,56.72125000000233,0.0018486120952381161
2024-10-21 06:15:00+00:00,68914.23,68984.5,68914.23,68984.5,0.0,53.625107142859115,0.0018486120952381161
2024-10-21 06:20:00+00:00,69029.35,69061.22,69029.35,69061.22,0.0,49.15760714285924,0.0018486120952381161
2024-10-21 06:25:00+00:00,69100.84,69100.84,69046.657,69046.657,0.01351818,50.68857142857242,0.0024923349523809733
2024-10-21 06:30:00+00:00,69081.0875,69105.5,69050.875,69105.5,0.001567405,44.05457142857215,0.0015193542380952593
2024-10-21 06:35:00+00:00,69074.8985,69074.8985,69054.335,69054.335,0.0,45.80632142857108,0.0015193542380952593
2024-10-21 06:40:00+00:00,69010.2,69075.4605,69010.2,69075.4605,0.0,47.60707142857115,0.0015193542380952593
2024-10-21 06:45:00+00:00,69040.795,69040.795,69040.795,69040.795,0.0,47.90175000000038,0.0013334093809524022
2024-10-21 06:50:00+00:00,69023.79,69023.79,68909.78,68909.78,0.0,54.604071428572105,0.0013334093809524022
2024-10-21 06:55:00+00:00,68859.4105,68859.4105,68622.76,68644.5745,0.001,72.3847500000016,0.0008230190000000211
2024-10-21 07:00:00+00:00,68622.2475,68691.639,68622.2475,68691.639,0.000164753,75.83103571428676,0.000830864380952402
2024-10-21 07:05:00+00:00,68640.467,68764.74,68610.58,68764.74,0.0,84.24432142857196,0.0007908302857143067
2024-10-21 07:10:00+00:00,68720.07,68720.07,68720.07,68720.07,0.0,83.23471428571482,0.0007738256190476402
2024-10-21 07:15:00+00:00,68693.649,68700.265,68649.2195,68700.265,0.0,86.02153571428582,0.0007738256190476402
2024-10-21 07:20:00+00:00,68644.4115,68644.4115,68644.4115,68644.4115,0.0,87.43339285714215,0.0007738256190476402
2024-10-21 07:25:00+00:00,68608.205,68667.24,68608.205,68626.807,0.0,86.63089285714211,0.0007738256190476402
2024-10-21 07:30:00+00:00,68642.1415,68646.825,68610.899,68623.8,0.0,83.71703571428432,0.0007738256190476402
2024-10-21 07:35:00+00:00,68592.85,68653.35,68545.2,68653.35,0.0,87.57182142857138,0.0007738256190476402
2024-10-21 07:40:00+00:00,68608.8325,68608.8325,68543.001,68588.6535,0.0,91.25082142857198,0.0007738256190476402
2024-10-21 07:45:00+00:00,68567.915,68567.915,68542.24,68542.24,0.0,90.91142857142924,0.0007738256190476402
2024-10-21 07:50:00+00:00,68577.798,68577.798,68520.169,68534.186,0.006082713,90.36632142857187,0.0010634786190476403
2024-10-21 07:55:00+00:00,68502.245,68502.245,68502.245,68502.245,0.0,90.17171428571497,0.0010634786190476403
2024-10-21 08:00:00+00:00,68526.09,68628.666,68526.09,68628.666,0.0,89.8435714285723,0.0010634786190476403
2024-10-21 08:05:00+00:00,68595.0625,68595.0625,68565.945,68593.005,0.0,73.82221428571418,0.0010634786190476403
2024-10-21 08:10:00+00:00,68544.8,68593.5,68544.8,68593.5,0.000914789,72.34424999999985,0.00046331714285716407
2024-10-21 08:15:00+00:00,68556.65,68558.4645,68524.29,68558.4645,0.0,66.27639285714291,0.00038867880952383067
2024-10-21 08:20:00+00:00,68520.7415,68520.7415,68520.7415,68520.7415,0.0,65.7801785714286,0.00038867880952383067
2024-10-21 08:25:00+00:00,68512.0,68512.0,68512.0,68512.0,0.0,61.3438214285717,0.00038867880952383067
2024-10-21 08:30:00+00:00,68517.704,68569.4155,68462.4975,68569.4155,0.001,64.99128571428653,0.00043629785714287825
2024-10-21 08:35:00+00:00,68531.5435,68531.5435,68484.43,68484.43,0.0,66.84489285714413,0.00043629785714287836
2024-10-21 08:45:00+00:00,68464.735,68464.735,68371.45,68445.9175,0.0,72.34875000000154,0.00038867880952383067
2024-10-21 08:50:00+00:00,68404.085,68404.085,68284.4445,68329.7,0.0,76.1575357142865,0.0003808334285714497
2024-10-21 08:55:00+00:00,68350.6,68350.6,68285.843,68285.843,0.0,72.9009642857158,0.0003808334285714497
2024-10-21 09:00:00+00:00,68263.35,68293.0,68208.245,68293.0,0.001,75.63964285714506,0.00042845247619049736
2024-10-21 09:05:00+00:00,68329.083,68359.75,68329.083,68342.153,0.0,76.291142857145,0.00042845247619049736
2024-10-21 09:10:00+00:00,68377.1155,68377.1155,68345.0,68364.2,0.0,76.50696428571557,0.00042845247619049736
2024-10-21 09:15:00+00:00,68398.153,68398.153,68359.0855,68359.0855,0.0,70.26742857143005,0.00042845247619049736
2024-10-21 09:20:00+00:00,68312.095,68312.095,68280.54,68280.54,0.0,71.39775000000269,0.00042845247619049736
2024-10-21 09:25:00+00:00,68307.7,68307.7,68280.35,68280.35,0.0,69.87275000000227,0.00042845247619049736
2024-10-21 09:30:00+00:00,68250.4,68285.57,68112.865,68112.865,0.01351818,77.26525000000194,0.0010721753333333545
2024-10-21 09:35:00+00:00,68134.65,68239.25,68134.65,68239.25,0.0,83.5982500000017,0.0010721753333333545
2024-10-21 09:40:00+00:00,68204.943,68280.867,68204.943,68242.15,0.0,88.39700000000137,0.0007825223333333544
2024-10-21 09:45:00+00:00,68204.53,68284.445,68180.565,68284.445,0.0,88.18000000000133,0.0007825223333333544
2024-10-21 09:50:00+00:00,68294.41,68305.405,68259.65,68305.405,0.0,85.37782142857239,0.0007825223333333544
2024-10-21 09:55:00+00:00,68348.685,68348.685,68271.804,68298.14,0.0002,82.79932142857226,0.0007920461428571638
2024-10-21 10:00:00+00:00,68329.665,68329.665,68299.945,68324.5305,0.0,73.51732142857198,0.000748484761904783
2024-10-21 10:05:00+00:00,68368.716,68436.622,68368.716,68436.622,0.0,76.89835714285748,0.000748484761904783
2024-10-21 10:10:00+00:00,68473.1,68473.1,68412.8735,68412.8735,0.005314739,75.14632142857174,0.0010015675714285925
2024-10-21 10:25:00+00:00,68387.405,68387.405,68353.719,68369.018,0.0,74.60378571428633,0.0010015675714285925
2024-10-21 10:30:00+00:00,68337.328,68401.933,68337.328,68373.39,0.0,76.72110714285893,0.0009539485238095448
2024-10-21 10:35:00+00:00,68412.2645,68412.2645,68352.815,68395.215,0.0,78.17696428571591,0.0009539485238095448
2024-10-21 10:40:00+00:00,68358.8,68358.8,68317.41,68317.41,0.0,78.12407142857202,0.0009539485238095448
2024-10-21 10:45:00+00:00,68314.52,68338.61,68271.4,68338.61,0.034359977,80.97121428571596,0.0025901379047619257
2024-10-21 10:50:00+00:00,68295.87,68295.87,68295.87,68295.87,0.0,71.68800000000192,0.0025901379047619257
2024-10-21 10:55:00+00:00,68277.385,68277.385,68250.5,68250.5,0.0,65.90121428571625,0.002542518857142878
2024-10-21 11:00:00+00:00,68204.7415,68248.079,68183.73,68206.825,0.0,65.24735714285946,0.002542518857142878
2024-10-21 11:05:00+00:00,68245.31,68362.705,68245.31,68362.705,0.0,68.96164285714518,0.002542518857142878
2024-10-21 11:10:00+00:00,68324.783,68394.6325,68324.783,68394.6325,0.0,70.68267857143135,0.002542518857142878
2024-10-21 11:15:00+00:00,68357.0,68357.0,68350.05,68350.05,0.0,68.37564285714636,0.002542518857142878
2024-10-21 11:20:00+00:00,68349.05,68349.05,68349.05,68349.05,0.0,66.19528571428964,0.002542518857142878
2024-10-21 11:25:00+00:00,68339.0065,68339.0065,68339.0065,68339.0065,0.0,58.90614285714609,0.001898796000000021
2024-10-21 11:30:00+00:00,68321.405,68357.789,68321.405,68357.789,0.0,57.20310714286045,0.001898796000000021
2024-10-21 11:35:00+00:00,68305.0345,68305.0345,68237.95,68237.95,0.0,61.53771428571781,0.001898796000000021
2024-10-21 11:40:00+00:00,68250.144,68273.062,68250.144,68269.3575,0.0,59.431071428574796,0.001898796000000021
2024-10-21 11:45:00+00:00,68248.5,68248.5,68204.75,68204.75,0.0,59.79950000000307,0.001898796000000021
2024-10-21 11:50:00+00:00,68158.694,68188.9685,68158.694,68173.5,0.0,57.53171428571763,0.0018892721904762116
2024-10-21 11:55:00+00:00,68214.468,68214.468,68214.468,68214.468,0.0,55.657285714288136,0.0018892721904762116
2024-10-21 12:00:00+00:00,68254.98,68254.98,68220.415,68220.415,0.0,55.498142857145076,0.0018892721904762116
2024-10-21 12:05:00+00:00,68190.925,68263.755,68190.925,68263.755,0.0,57.45957142857411,0.0016361893809524021
2024-10-21 12:10:00+00:00,68222.884,68222.884,68222.884,68222.884,0.0,55.60964285714518,0.0016361893809524021
2024-10-21 12:15:00+00:00,68180.741,68223.1,68180.741,68192.215,0.01009837,47.501000000002804,0.002117064142857164
2024-10-21 12:20:00+00:00,68235.348,68235.348,68235.348,68235.348,0.0,45.59267857143069,0.002117064142857164
2024-10-21 12:25:00+00:00,68220.57,68258.145,68176.285,68258.145,0.0,48.25535714285901,0.002117064142857164
2024-10-21 12:30:00+00:00,68289.515,68289.515,68248.2745,68248.2745,0.0,51.12967857143043,0.0004808747619047831
2024-10-21 12:35:00+00:00,68218.645,68218.645,68054.9865,68132.731,0.0,64.21857142857334,0.0004808747619047831
2024-10-21 12:40:00+00:00,68083.3495,68088.11,68037.5645,68052.635,0.0,68.41732142857343,0.0004808747619047831
2024-10-21 12:45:00+00:00,68074.5,68074.5,68033.706,68037.1775,0.0,62.77125000000108,0.0004808747619047831
2024-10-21 12:50:00+00:00,68092.49,68161.3,68092.49,68161.3,0.0,69.12914285714318,0.0004808747619047831
2024-10-21 13:00:00+00:00,68190.6425,68190.6425,68190.6425,68190.6425,0.0,66.61021428571465,0.0004808747619047831
2024-10-21 13:05:00+00:00,68158.75,68158.75,68041.048,68092.9615,0.0,74.00582142857249,0.0004808747619047831
2024-10-21 13:10:00+00:00,68057.059,68057.059,68027.0605,68027.0605,0.0,75.78675000000138,0.0004808747619047831
2024-10-21 13:15:00+00:00,68000.0,68011.5695,67659.535,67701.927,0.003341069,99.14485714285858,0.0006399732857143069
2024-10-21 13:20:00+00:00,67682.251,67817.15,67611.805,67817.15,0.0,108.61021428571568,0.0006399732857143069
2024-10-21 13:25:00+00:00,67846.963,67925.265,67812.9,67874.835,0.000950766,113.71692857143042,0.0006852478571428783
2024-10-21 13:30:00+00:00,67841.09,67854.2725,67699.25,67699.25,0.0,123.23307142857291,0.0006852478571428783
2024-10-21 13:35:00+00:00,67659.753,67739.695,67599.7265,67599.7265,0.0,130.1498928571444,0.0006852478571428783
2024-10-21 13:40:00+00:00,67566.8305,67586.461,67395.655,67519.125,0.002699692,138.87928571428762,0.0008138046190476402
2024-10-21 13:45:00+00:00,67541.868,67578.0755,67452.2,67578.0755,0.000347599,144.92464285714544,0.0008303569523809735
2024-10-21 13:50:00+00:00,67521.064,67521.064,67128.205,67205.72,0.002218884,163.25196428571715,0.0009360180952381165
2024-10-21 13:55:00+00:00,67156.16,67365.75,67156.16,67294.6845,0.0,171.42507142857357,0.0009360180952381165
2024-10-21 14:00:00+00:00,67264.82,67434.109,67249.88,67249.88,0.0,181.67042857143056,0.0009360180952381165
2024-10-21 14:05:00+00:00,67228.533,67498.247,67228.533,67498.247,0.000144262,192.0698214285741,0.0004620129523809735
2024-10-21 14:10:00+00:00,67500.0,67573.9645,67330.1,67330.1,0.002439964,207.39282142857388,0.0005782017142857355
2024-10-21 14:15:00+00:00,67297.7525,67539.2115,67297.7525,67471.8495,0.0,213.95457142857362,0.0005782017142857355
2024-10-21 14:20:00+00:00,67437.24,67437.24,67357.155,67364.545,0.0,217.4398214285736,0.0005782017142857355
2024-10-21 14:25:00+00:00,67393.082,67402.797,67344.205,67383.9115,0.000144417,195.37314285714507,0.0005850787142857354
2024-10-21 14:30:00+00:00,67351.319,67384.142,67178.6,67208.3765,0.005372914,195.3872142857165,0.0008409317619047831
2024-10-21 14:35:00+00:00,67256.525,67273.7,67063.2455,67063.2455,0.0,202.39360714285846,0.0008409317619047831
2024-10-21 14:40:00+00:00,67030.6,67295.845,67007.2265,67295.845,0.0,210.46742857142922,0.0008409317619047831
2024-10-21 14:45:00+00:00,67262.508,67263.284,67136.3935,67136.3935,0.0,211.85907142857155,0.0008409317619047831
2024-10-21 14:50:00+00:00,67108.39,67134.06,67031.6745,67096.1295,0.0,204.76246428571488,0.0008409317619047831
2024-10-21 14:55:00+00:00,67137.45,67260.8065,67122.115,67260.8065,0.0,207.5340000000007,0.0008409317619047831
2024-10-21 15:00:00+00:00,67224.15,67224.15,67001.03,67014.845,0.009832697,193.95585714285804,0.001150056904761926
2024-10-21 15:05:00+00:00,67006.7625,67053.227,66832.2955,66864.995,0.085658698,194.76596428571585,0.005229042523809545
2024-10-21 15:10:00+00:00,66891.6135,66999.204,66807.77,66987.522,0.404617192,195.28060714285883,0.02445125328571431
2024-10-21 15:15:00+00:00,67022.9805,67098.135,66997.83,67098.135,0.0,183.91625000000099,0.02445125328571431
2024-10-21 15:20:00+00:00,67043.4,67043.4,66980.105,66980.105,0.0,174.92807142857262,0.02445125328571431
2024-10-21 15:25:00+00:00,66944.8275,66980.7955,66913.6255,66918.3,0.0,162.47885714285803,0.024322696523809546
2024-10-21 15:30:00+00:00,66879.4625,66989.96,66879.4625,66962.495,0.01463578,162.17907142857334,0.025003086095238117
2024-10-21 15:35:00+00:00,66931.4,66943.967,66881.405,66943.967,0.0,163.7860714285728,0.02489742495238097
2024-10-21 15:40:00+00:00,66915.612,66915.612,66841.15,66898.3,0.0,156.44857142857342,0.02489742495238097
2024-10-21 15:45:00+00:00,66942.888,67001.4,66942.888,66991.898,0.022714179,148.78039285714476,0.025979052523809547
2024-10-21 15:50:00+00:00,66940.887,66996.55,66940.887,66996.55,0.0,132.14071428571646,0.02597218290476193
2024-10-21 15:55:00+00:00,67020.363,67299.535,67020.363,67280.5365,0.001,142.39310714285966,0.025903613190476214
2024-10-21 16:00:00+00:00,67248.784,67292.0865,67178.453,67218.1,0.001896368,143.02985714285958,0.025993916428571448
2024-10-21 16:05:00+00:00,67249.915,67249.915,67182.975,67215.111,0.0,136.04864285714368,0.025993916428571448
2024-10-21 16:10:00+00:00,67254.155,67282.85,67158.936,67199.325,0.01946192,126.34417857142918,0.026913797523809544
2024-10-21 16:15:00+00:00,67157.49,67157.49,67037.6,67108.2,0.0,122.1151428571424,0.0266579444761905
2024-10-21 16:20:00+00:00,67086.4325,67086.4325,66957.7665,66999.433,0.001,119.18653571428565,0.026705563523809546
2024-10-21 16:25:00+00:00,66966.08,67000.065,66921.547,66963.0635,0.0,116.89403571428556,0.026705563523809546
2024-10-21 16:30:00+00:00,66931.062,66961.818,66888.3,66927.85,0.0,113.80357142857143,0.026705563523809546
2024-10-21 16:35:00+00:00,66892.5695,67012.507,66892.5695,67012.507,0.0,117.5726785714287,0.026705563523809546
2024-10-21 16:40:00+00:00,67039.553,67135.335,67039.553,67135.335,0.0,118.45342857142843,0.026705563523809546
2024-10-21 16:45:00+00:00,67102.399,67164.39,67102.399,67131.2525,0.00827958,117.08921428571401,0.026631605571428598
2024-10-21 16:50:00+00:00,67145.53,67189.925,67129.095,67189.925,0.0,114.090142857142,0.022552619952380976
2024-10-21 16:55:00+00:00,67194.7,67236.4,67194.7,67236.4,0.0013965,110.04549999999914,0.00335163461904764
2024-10-21 17:00:00+00:00,67224.428,67239.665,67224.428,67239.665,0.0,107.15792857142722,0.00335163461904764
2024-10-21 17:05:00+00:00,67250.0,67487.65,67250.0,67487.65,0.001,103.22935714285579,0.0033992536666666876
2024-10-21 17:10:00+00:00,67468.0,67491.232,67444.14,67444.14,0.000360431,98.47639285714104,0.003416417047619069
2024-10-21 17:15:00+00:00,67415.9,67468.48,67390.5495,67421.6,0.0,99.26142857142779,0.002719475142857164
2024-10-21 17:20:00+00:00,67463.005,67463.005,67418.254,67447.0935,0.0,93.60692857142774,0.002719475142857164
2024-10-21 17:25:00+00:00,67440.944,67492.7375,67440.944,67457.2,0.0,85.75467857142836,0.002719475142857164
2024-10-21 17:30:00+00:00,67494.3,67497.758,67407.1595,67466.1595,0.017299639,81.48075000000037,0.002461639904761926
2024-10-21 17:35:00+00:00,67492.83,67592.432,67492.83,67592.432,0.001,84.8917857142868,0.0025092589523809735
2024-10-21 17:40:00+00:00,67549.3985,67636.9,67549.3985,67617.09,0.000798147,85.80164285714376,0.002499646904761926
2024-10-21 17:45:00+00:00,67581.82,67583.5,67554.4985,67557.301,0.0,81.70550000000055,0.0024093436666666876
2024-10-21 17:50:00+00:00,67599.355,67599.355,67599.355,67599.355,0.0,75.93592857142774,0.0024093436666666876
2024-10-21 17:55:00+00:00,67555.8245,67578.855,67486.3135,67486.3135,0.0,79.58239285714184,0.0014825855714285924
2024-10-21 18:00:00+00:00,67432.0135,67432.0135,67326.39,67392.005,0.030541339,86.66049999999917,0.0029369350476190687
2024-10-21 18:05:00+00:00,67371.95,67371.95,67285.15,67313.129,0.00156539,90.9733571428577,0.002963858380952402
2024-10-21 18:10:00+00:00,67273.95,67319.13,67273.95,67319.13,0.0,93.11214285714439,0.002963858380952402
2024-10-21 18:15:00+00:00,67285.0795,67285.0795,67183.5,67183.5,0.001,85.08678571428754,0.0030114774285714494
2024-10-21 18:20:00+00:00,67204.735,67241.7505,67104.6,67152.668,0.061284565,91.51953571428645,0.005929790047619068
2024-10-21 18:25:00+00:00,67130.14,67130.14,67029.785,67103.006,0.0,94.73042857142926,0.005929790047619068
2024-10-21 18:30:00+00:00,67119.761,67142.5935,67066.05,67142.5935,0.001802995,97.00132142857183,0.005621381238095259
2024-10-21 18:35:00+00:00,67183.49,67190.0765,67133.8405,67190.0765,0.0,97.31864285714255,0.005621381238095259
2024-10-21 18:40:00+00:00,67207.945,67214.51,67176.0,67191.37,0.0,93.5980357142845,0.005554881238095259
2024-10-21 18:45:00+00:00,67151.65,67264.0,67151.65,67230.5885,0.005077701,92.60357142857018,0.005796676523809545
2024-10-21 18:50:00+00:00,67207.958,67241.915,67160.8,67241.915,0.009184992,92.14739285714106,0.006186438047619068
2024-10-21 18:55:00+00:00,67287.685,67318.4065,67287.685,67318.4065,0.0,93.14024999999882,0.006169274666666687
2024-10-21 19:00:00+00:00,67353.73,67420.606,67353.73,67420.606,0.0,97.4363571428569,0.006169274666666687
2024-10-21 19:05:00+00:00,67462.505,67488.96,67462.505,67466.0,0.007208876,94.24439285714367,0.006512554476190497
2024-10-21 19:10:00+00:00,67486.32,67550.75,67486.32,67550.75,0.001,88.87485714285764,0.006560173523809544
2024-10-21 19:15:00+00:00,67506.55,67506.55,67506.55,67506.55,0.0,84.39949999999953,0.005736381190476211
2024-10-21 19:20:00+00:00,67530.3,67530.3,67470.1575,67505.0,0.0,85.46824999999912,0.0056887621428571645
2024-10-21 19:25:00+00:00,67538.104,67561.625,67538.104,67561.625,0.0,79.8250357142845,0.005650755142857163
2024-10-21 19:30:00+00:00,67531.944,67531.944,67465.55,67515.485,0.0,76.89107142857081,0.005650755142857163
2024-10-21 19:35:00+00:00,67539.727,67539.727,67509.8,67509.8,0.0,70.25135714285612,0.005650755142857163
2024-10-21 19:40:00+00:00,67538.772,67570.33,67538.772,67570.33,0.0,69.10753571428462,0.005650755142857163
2024-10-21 19:45:00+00:00,67610.84,67738.933,67610.84,67729.486,0.009817947,77.13374999999984,0.004663926952380973
2024-10-21 19:50:00+00:00,67703.55,67918.66,67703.55,67890.6405,0.011524872,89.74803571428596,0.005138188000000021
2024-10-21 19:55:00+00:00,67871.0595,67871.0595,67714.351,67714.351,0.0,94.31514285714262,0.005138188000000021
2024-10-21 20:00:00+00:00,67740.141,67762.7,67699.16,67762.7,0.000775671,93.05978571428568,0.005127505666666688
2024-10-21 20:05:00+00:00,67726.892,67726.892,67726.892,67726.892,0.0,90.15382142857041,0.0022091930476190688
2024-10-21 20:10:00+00:00,67699.921,67699.921,67662.84,67662.84,0.0,87.42899999999956,0.0022091930476190688
2024-10-21 20:15:00+00:00,67617.665,67617.665,67617.665,67617.665,0.0,85.77335714285644,0.0021233361428571636
2024-10-21 20:20:00+00:00,67625.74,67648.574,67625.74,67648.574,0.0,81.9275714285707,0.0021233361428571636
2024-10-21 20:25:00+00:00,67688.005,67688.005,67608.3,67611.96,0.0,84.46364285714246,0.0021233361428571636
2024-10-21 20:30:00+00:00,67606.2,67655.373,67602.167,67655.373,0.0,83.96817857142845,0.001881540857142878
2024-10-21 20:35:00+00:00,67643.905,67684.935,67643.905,67679.0915,0.0,82.8542499999998,0.001444160285714307
2024-10-21 20:40:00+00:00,67663.4545,67688.795,67650.0845,67665.4345,0.0,78.7567857142858,0.001444160285714307
2024-10-21 20:45:00+00:00,67656.31,67717.2065,67656.31,67717.2065,0.0,80.9688928571434,0.001444160285714307
2024-10-21 20:50:00+00:00,67700.06,67703.607,67685.545,67693.05,0.0,78.90685714285792,0.0011008804761904975
2024-10-21 20:55:00+00:00,67681.1115,67714.527,67681.1115,67714.527,0.0,69.25060714285792,0.0010532614285714498
2024-10-21 21:00:00+00:00,67718.0815,67759.87,67711.5645,67759.87,0.0,57.33600000000089,0.0010532614285714498
2024-10-21 21:05:00+00:00,67741.565,67833.496,67738.83,67833.496,0.0,51.50575000000078,0.0010532614285714498
2024-10-21 21:10:00+00:00,67868.855,67892.5,67868.855,67892.5,0.0,51.181750000001294,0.0010532614285714498
2024-10-21 21:15:00+00:00,67858.05,67858.05,67785.485,67852.3845,0.0,56.26796428571625,0.0010532614285714498
2024-10-21 21:20:00+00:00,67861.3485,67877.61,67839.9575,67877.61,0.0,54.38228571428668,0.0010532614285714498
2024-10-21 21:25:00+00:00,67868.236,67891.15,67844.25,67844.25,0.0,54.50550000000034,0.0010532614285714498
2024-10-21 21:30:00+00:00,67805.165,67805.165,67745.185,67750.86,0.0,59.37378571428625,0.000585740142857164
2024-10-21 21:35:00+00:00,67716.19,67716.19,67689.215,67693.905,0.0,58.083785714286414,3.693671428573543e-05
2024-10-21 21:40:00+00:00,67698.652,67711.6405,67669.9145,67669.9145,0.0,57.26378571428567,3.693671428573543e-05
2024-10-21 21:45:00+00:00,67673.471,67739.916,67673.471,67723.495,0.0,59.3331785714285,0.0
2024-10-21 21:50:00+00:00,67710.004,67773.852,67702.515,67773.852,0.0,61.663642857142676,0.0
2024-10-21 21:55:00+00:00,67760.201,67798.15,67750.385,67790.75,0.0,60.72567857142816,0.0
2024-10-21 22:00:00+00:00,67753.385,67774.9,67713.4025,67739.077,0.0,63.98896428571398,0.0
2024-10-21 22:05:00+00:00,67740.156,67852.385,67740.156,67852.385,0.0,69.69557142857022,0.0
2024-10-21 22:10:00+00:00,67844.225,67854.1185,67798.8995,67798.8995,0.0,70.1893928571413,0.0
2024-10-21 22:15:00+00:00,67819.6,67819.6,67756.97,67756.97,0.0,67.90110714285609,0.0
2024-10-21 22:20:00+00:00,67800.9465,67800.9465,67734.96,67751.0085,0.0,68.39985714285596,0.0
2024-10-21 22:25:00+00:00,67759.666,67759.666,67750.501,67754.7035,0.0,61.41057142856984,0.0
2024-10-21 22:30:00+00:00,67743.34,67743.34,67686.963,67698.5405,0.0,63.559714285712936,0.0
2024-10-21 22:35:00+00:00,67703.7395,67708.075,67637.25,67645.893,0.0,65.26864285714171,0.0
2024-10-21 22:40:00+00:00,67638.445,67638.445,67584.85,67628.71,0.0,62.552785714283736,0.0
2024-10-21 22:45:00+00:00,67665.0275,67761.515,67665.0275,67761.515,0.0,67.63564285714008,0.0
2024-10-21 22:50:00+00:00,67747.4925,67764.245,67725.73,67731.845,0.0004,67.40628571428326,1.9047619047640195e-05
2024-10-21 22:55:00+00:00,67747.0435,67764.6565,67747.0435,67747.64,0.0,64.74985714285451,1.9047619047640195e-05
2024-10-21 23:00:00+00:00,67717.8185,67717.8185,67443.51,67549.69,0.001,81.37792857142631,6.666666666668781e-05
2024-10-21 23:05:00+00:00,67534.1075,67550.5265,67530.0815,67550.5265,0.0,79.42649999999828,6.666666666668781e-05
2024-10-21 23:10:00+00:00,67581.045,67615.55,67531.5685,67531.5685,0.0,79.90035714285581,6.666666666668781e-05
2024-10-21 23:15:00+00:00,67498.4,67532.2,67456.0,67515.415,0.0,77.2497857142849,6.666666666668781e-05
2024-10-21 23:20:00+00:00,67538.0,67558.656,67499.447,67499.447,0.0,77.53478571428526,6.666666666668781e-05
2024-10-21 23:25:00+00:00,67498.075,67507.615,67490.466,67490.466,0.0,74.28614285714242,6.666666666668781e-05
2024-10-21 23:30:00+00:00,67480.75,67486.5645,67415.25,67456.423,0.0,74.94539285714252,6.666666666668781e-05
2024-10-21 23:35:00+00:00,67413.505,67470.58,67410.9885,67469.2495,0.0,78.54728571428548,6.666666666668781e-05
2024-10-21 23:40:00+00:00,67470.095,67496.398,67467.35,67492.515,0.0,75.78353571428514,6.666666666668781e-05
2024-10-21 23:45:00+00:00,67487.73,67487.73,67404.15,67407.4,0.0,77.03639285714287,6.666666666668781e-05
2024-10-21 23:50:00+00:00,67419.395,67451.714,67407.6375,67423.193,0.014534887,75.8414642857159,0.0007588041428571639
2024-10-21 23:55:00+00:00,67393.9,67393.9,67344.2315,67344.2315,0.0,71.99550000000247,0.0007588041428571641
2024-10-22 00:00:00+00:00,67312.2695,67339.82,67312.2695,67339.82,0.0,71.52742857143105,0.0007588041428571641
2024-10-22 00:05:00+00:00,67376.3605,67376.3605,67269.625,67271.4895,0.0,76.80771428571668,0.0007588041428571641
2024-10-22 00:10:00+00:00,67296.15,67330.0765,67277.8805,67277.8805,0.0,59.26892857143061,0.0007588041428571641
2024-10-22 00:15:00+00:00,67278.67,67278.67,67106.718,67116.21,0.001,70.09085714285902,0.0008064231904762115
2024-10-22 00:20:00+00:00,67132.75,67173.595,67105.023,67105.023,0.0,68.99017857142982,0.0008064231904762115
2024-10-22 00:25:00+00:00,67074.425,67074.425,66922.583,66928.883,0.001,76.57875000000162,0.0008540422380952593
2024-10-22 00:30:00+00:00,66891.92,66891.92,66548.5925,66733.12,0.002256629,99.5131428571445,0.0009615007619047831
2024-10-22 00:35:00+00:00,66714.985,66714.985,66598.7515,66692.25,0.000491722,107.88596428571535,0.0009658684761904972
2024-10-22 00:40:00+00:00,66655.585,66930.343,66655.585,66930.343,0.0,122.13896428571441,0.0009658684761904972
2024-10-22 00:45:00+00:00,66961.9,67288.6,66961.9,67260.873,0.002,143.47221428571564,0.0010134875238095452
2024-10-22 00:50:00+00:00,67222.1475,67225.35,67116.89,67225.35,0.0,151.68185714285937,0.0010134875238095452
2024-10-22 00:55:00+00:00,67178.0955,67178.0955,67120.22,67120.22,0.0,152.87935714285933,0.0010134875238095452
2024-10-22 01:00:00+00:00,67073.685,67184.25,67056.247,67184.25,0.0,158.85714285714388,0.0010134875238095452
2024-10-22 01:05:00+00:00,67205.055,67306.557,67203.9,67203.9,0.007228413,161.95325000000074,0.001357697666666688
2024-10-22 01:10:00+00:00,67247.4,67282.0,67192.35,67254.15,0.007234772,166.0738214285718,0.0017022106190476402
2024-10-22 01:15:00+00:00,67278.46,67360.075,67278.46,67360.075,0.0,166.01592857142947,0.0017022106190476402
2024-10-22 01:20:00+00:00,67393.0865,67415.8,67364.365,67364.365,0.007271234,165.81150000000136,0.0020484598571428782
2024-10-22 01:25:00+00:00,67407.8805,67457.225,67407.8805,67457.225,0.0,160.1620714285725,0.0020484598571428782
2024-10-22 01:30:00+00:00,67477.12,67477.12,67377.8505,67377.8505,0.0,162.35475000000068,0.0020484598571428782
2024-10-22 01:35:00+00:00,67362.7065,67362.7065,67362.7065,67362.7065,0.0,150.40503571428624,0.001356322380952402
2024-10-22 01:40:00+00:00,67387.9715,67387.9715,67387.9715,67387.9715,0.0,125.04607142857172,0.001356322380952402
2024-10-22 01:45:00+00:00,67366.835,67433.146,67366.835,67433.146,0.0,120.18482142857101,0.001356322380952402
2024-10-22 01:50:00+00:00,67471.086,67471.086,67471.086,67471.086,0.0,103.26925000000067,0.001356322380952402
2024-10-22 01:55:00+00:00,67442.36,67463.814,67417.9195,67463.814,0.0,81.47707142857065,0.001356322380952402
2024-10-22 02:00:00+00:00,67478.925,67496.605,67478.925,67496.605,0.0,73.53478571428423,0.0013087033333333547
2024-10-22 02:05:00+00:00,67500.0,67642.709,67500.0,67642.709,0.001,76.46149999999865,0.001356322380952402
2024-10-22 02:10:00+00:00,67615.453,67615.453,67579.075,67592.8295,0.0,71.86371428571354,0.0013087033333333544
2024-10-22 02:15:00+00:00,67617.9355,67617.9355,67506.9,67506.9,0.0,71.05860714285726,0.0012012448095238307
2024-10-22 02:20:00+00:00,67509.095,67558.0285,67509.095,67534.3705,0.0,68.3070714285724,0.0011778294761904974
2024-10-22 02:25:00+00:00,67576.275,67576.275,67533.165,67533.165,0.0,63.82028571428652,0.0011778294761904974
2024-10-22 02:30:00+00:00,67558.5365,67595.0485,67558.5365,67595.0485,0.0,64.26017857142973,0.001082591380952402
2024-10-22 02:35:00+00:00,67580.637,67580.637,67443.775,67443.775,0.0,68.43257142857328,0.001082591380952402
2024-10-22 02:40:00+00:00,67472.7945,67472.7945,67472.7945,67472.7945,0.0,63.41471428571718,0.001082591380952402
2024-10-22 02:45:00+00:00,67451.5,67451.5,67364.3945,67364.3945,0.0,70.07585714286064,0.001082591380952402
2024-10-22 02:50:00+00:00,67342.674,67364.837,67315.51,67315.51,0.0,71.79457142857531,0.0007383812380952592
2024-10-22 02:55:00+00:00,67295.225,67295.225,67273.216,67281.45,0.0,70.07907142857584,0.00039386828571430683
2024-10-22 03:00:00+00:00,67283.55,67314.15,67283.55,67290.2275,0.0,69.70478571428976,0.00039386828571430683
2024-10-22 03:05:00+00:00,67319.2915,67385.775,67319.2915,67350.8415,0.0,72.73200000000465,4.761904761906877e-05
2024-10-22 03:10:00+00:00,67389.4345,67463.5,67389.4345,67463.5,0.0,78.43682142857662,4.761904761906877e-05
2024-10-22 03:15:00+00:00,67498.73,67501.6,67393.1335,67395.1415,0.0,75.74842857143396,4.761904761906877e-05
2024-10-22 03:20:00+00:00,67415.43,67430.204,67384.4635,67384.4635,0.0,74.47032142857643,4.761904761906877e-05
2024-10-22 03:25:00+00:00,67378.15,67387.74,67353.4555,67353.4555,0.0,68.98810714286186,4.761904761906877e-05
2024-10-22 03:30:00+00:00,67380.6885,67398.9695,67305.84,67305.84,0.0,71.98817857143356,4.761904761906877e-05
2024-10-22 03:35:00+00:00,67347.985,67351.9,67296.206,67296.206,0.0,72.88703571428985,4.761904761906877e-05
2024-10-22 03:40:00+00:00,67335.0935,67360.311,67311.7,67324.86,0.0,73.04571428571737,4.761904761906877e-05
2024-10-22 03:45:00+00:00,67313.61,67362.105,67286.945,67333.39,0.0,67.60903571428727,4.761904761906877e-05
2024-10-22 03:50:00+00:00,67342.705,67358.328,67325.512,67325.512,0.0,67.88021428571457,0.0
2024-10-22 03:55:00+00:00,67372.0355,67372.0355,67364.7065,67364.7065,0.0,63.460464285713634,0.0
2024-10-22 04:00:00+00:00,67359.135,67359.135,67332.515,67332.515,0.0,62.23649999999907,0.0
2024-10-22 04:05:00+00:00,67293.23,67299.944,67293.23,67299.944,0.0,62.02157142857114,0.0
2024-10-22 04:10:00+00:00,67295.535,67295.535,67287.246,67290.9575,0.0,60.59285714285735,0.0
2024-10-22 04:15:00+00:00,67276.35,67304.24,67266.9,67266.9,0.0,56.435178571429525,0.0
2024-10-22 04:20:00+00:00,67280.1,67347.3755,67280.1,67347.3755,0.0,54.13639285714349,0.0
2024-10-22 04:25:00+00:00,67373.55,67431.845,67356.6625,67422.7,0.0,52.42232142857184,0.0
2024-10-22 04:30:00+00:00,67398.38,67420.7775,67398.38,67416.806,0.0,50.8922857142856,0.0
2024-10-22 04:35:00+00:00,67421.37,67425.51,67333.78,67333.78,0.0,54.99553571428468,0.0
2024-10-22 04:40:00+00:00,67349.555,67411.495,67349.555,67410.0,0.0,53.894499999998,0.0
2024-10-22 04:45:00+00:00,67373.89,67388.2525,67358.306,67388.2525,0.0,53.60878571428475,0.0
2024-10-22 04:50:00+00:00,67393.537,67409.385,67393.537,67409.385,0.0,50.53932142857021,0.0
2024-10-22 04:55:00+00:00,67437.25,67474.9,67437.25,67462.5445,0.0,49.85039285714239,0.0
2024-10-22 05:00:00+00:00,67438.135,67488.995,67438.135,67488.995,0.0,51.139250000000175,0.0
2024-10-22 05:05:00+00:00,67521.315,67546.225,67521.315,67546.225,0.0,51.90400000000123,0.0
2024-10-22 05:10:00+00:00,67595.4,67599.8735,67583.35,67586.484,0.0,53.436642857143724,0.0
2024-10-22 05:15:00+00:00,67541.983,67541.983,67541.983,67541.983,0.0,53.80921428571518,0.0
2024-10-22 05:25:00+00:00,67504.8675,67526.358,67504.8675,67526.358,0.0,55.553321428572026,0.0
2024-10-22 05:30:00+00:00,67544.28,67548.729,67509.4385,67509.4385,0.0,55.692642857142864,0.0
2024-10-22 05:35:00+00:00,67540.4505,67607.7165,67523.143,67593.8745,0.0,56.964249999999346,0.0
2024-10-22 05:40:00+00:00,67587.2845,67599.6685,67560.225,67577.1745,0.0,53.74810714285559,0.0
2024-10-22 05:45:00+00:00,67538.84,67556.685,67517.652,67530.74,0.0,56.262571428569835,0.0
2024-10-22 05:50:00+00:00,67541.295,67541.295,67515.2875,67519.64,0.0,51.5681071428553,0.0
2024-10-22 05:55:00+00:00,67542.9975,67578.6495,67530.3455,67536.305,0.001943126,50.231999999998415,9.252980952383068e-05
2024-10-22 06:00:00+00:00,67559.575,67675.06,67559.575,67675.06,0.0,56.450642857141375,9.252980952383068e-05
2024-10-22 06:05:00+00:00,67654.79,67729.36,67641.0,67729.36,0.001049949,61.25260714285624,0.00014252738095240212
2024-10-22 06:10:00+00:00,67698.76,67698.76,67660.79,67671.86,0.0,61.47082142857107,0.00014252738095240212
2024-10-22 06:15:00+00:00,67646.4,67708.5825,67646.4,67708.5825,0.000182381,62.279571428571735,0.00015121219047621164
2024-10-22 06:20:00+00:00,67727.795,67728.23,67710.45,67723.7655,0.0,59.59510714285612,0.00015121219047621164
2024-10-22 06:25:00+00:00,67735.365,67735.365,67720.347,67733.605,0.0,56.835785714285784,0.00015121219047621164
2024-10-22 06:30:00+00:00,67722.0575,67731.4,67689.25,67728.0515,0.0,56.825357142856646,0.00015121219047621164
2024-10-22 06:35:00+00:00,67750.0,67761.747,67650.015,67650.015,0.104958685,62.15510714285691,0.00514924480952383
2024-10-22 06:40:00+00:00,67630.211,67663.5565,67630.211,67650.2905,0.0,61.730464285714596,0.00514924480952383
2024-10-22 06:45:00+00:00,67613.09,67637.27,67610.05,67610.05,0.0,57.5849285714295,0.00514924480952383
2024-10-22 06:50:00+00:00,67589.6,67605.7935,67589.6,67605.7935,0.0,56.228250000001154,0.00514924480952383
2024-10-22 06:55:00+00:00,67597.0335,67604.608,67561.4355,67561.4355,0.0,55.145071428572656,0.00514924480952383
2024-10-22 07:00:00+00:00,67552.205,67615.2,67542.5,67582.517,0.005778389,58.48025000000156,0.005424406190476211
2024-10-22 07:05:00+00:00,67558.145,67627.49,67558.145,67589.9235,0.011496187,59.21850000000164,0.005971843666666688
2024-10-22 07:10:00+00:00,67598.45,67628.647,67563.285,67628.647,0.0,53.976142857143714,0.005971843666666688
2024-10-22 07:15:00+00:00,67617.015,67650.761,67592.9715,67650.761,0.0,51.79253571428645,0.005971843666666688
2024-10-22 07:20:00+00:00,67658.735,67658.735,67585.45,67591.6285,0.0,52.12932142857192,0.005971843666666688
2024-10-22 07:25:00+00:00,67598.405,67606.6495,67537.7355,67537.7355,0.0,52.61014285714295,0.005971843666666688
2024-10-22 07:30:00+00:00,67531.21,67538.28,67519.015,67533.735,0.0,52.58282142857206,0.005971843666666688
2024-10-22 07:35:00+00:00,67559.352,67564.132,67447.1,67513.8265,0.001,59.86953571428499,0.0060194627142857345
2024-10-22 07:40:00+00:00,67469.718,67540.04,67455.945,67528.992,0.011449289,62.70810714285575,0.006472137142857164
2024-10-22 07:45:00+00:00,67524.1925,67533.94,67466.33,67486.835,0.002841787,59.55653571428411,0.006607460333333353
2024-10-22 07:50:00+00:00,67515.1355,67515.1355,67382.955,67382.955,0.0,66.61617857142639,0.006557462761904782
2024-10-22 07:55:00+00:00,67352.745,67369.45,67352.745,67354.6885,0.0,65.89971428571256,0.006557462761904782
2024-10-22 08:00:00+00:00,67323.95,67323.95,67178.3,67220.53,0.001,77.03817857142712,0.0065963970000000195
2024-10-22 08:05:00+00:00,67233.5685,67315.234,67233.5685,67315.234,0.0,80.63432142857035,0.0065963970000000195
2024-10-22 08:10:00+00:00,67285.5535,67299.094,67214.848,67277.512,0.072292148,82.61189285714188,0.010038880238095259
2024-10-22 08:15:00+00:00,67239.8285,67239.8285,67173.4235,67173.4235,0.0,85.09357142857023,0.010038880238095259
2024-10-22 08:20:00+00:00,67135.835,67173.4,67104.2025,67168.65,0.0,85.36921428571388,0.00504084761904764
2024-10-22 08:25:00+00:00,67116.15,67116.15,67004.5515,67024.754,0.0,92.96271428571345,0.00504084761904764
2024-10-22 08:30:00+00:00,67016.8,67028.6,66898.3605,66921.96,0.001,97.03089285714252,0.005088466666666687
2024-10-22 08:35:00+00:00,66876.475,67046.6995,66876.475,67046.6995,0.0,104.26735714285626,0.005088466666666687
2024-10-22 08:40:00+00:00,67086.7025,67130.2,67086.7025,67095.56,0.0,108.85560714285592,0.005088466666666687
2024-10-22 08:45:00+00:00,67125.1975,67125.1975,67062.169,67062.169,0.0,104.99821428571366,0.004813305285714307
2024-10-22 08:50:00+00:00,67042.222,67042.222,66909.1,66982.218,0.0,109.92492857142808,0.00426586780952383
2024-10-22 08:55:00+00:00,67025.08,67025.08,66885.35,66889.256,0.0002,115.07635714285632,0.00427539161904764
2024-10-22 09:00:00+00:00,66932.712,66997.385,66816.6,66968.408,1.494e-05,118.54810714285539,0.004276103047619068
2024-10-22 09:05:00+00:00,66928.555,66940.851,66786.381,66940.851,0.001,129.39217857142648,0.0043237220952381155
2024-10-22 09:10:00+00:00,66973.3,67023.9305,66970.138,67008.855,0.0,122.72724999999835,0.0043237220952381155
2024-10-22 09:15:00+00:00,67054.7,67060.72,66832.451,66872.2,0.0,132.26760714285567,0.0043237220952381155
2024-10-22 09:20:00+00:00,66840.2725,66907.4205,66802.945,66841.2175,0.0,132.5597142857119,0.004276103047619068
2024-10-22 09:25:00+00:00,66791.585,66825.688,66791.585,66825.688,0.0,128.6699999999972,0.0037308988095238298
2024-10-22 09:30:00+00:00,66790.785,66826.345,66780.555,66822.1,0.0,126.99635714285458,0.0035955756190476397
2024-10-22 09:35:00+00:00,66859.1915,66885.35,66750.0,66775.275,0.000616101,124.94289285714123,0.0036249137619047828
2024-10-22 09:40:00+00:00,66750.91,66823.625,66750.91,66798.675,0.0,120.83399999999736,0.0036249137619047828
2024-10-22 09:45:00+00:00,66827.05,66863.05,66774.45,66863.05,0.000205595,115.00367857142659,0.0035870849523809726
2024-10-22 09:50:00+00:00,66840.8365,66907.5266666665,66840.8365,66898.1056666665,0.0,113.80294047617645,0.0035870849523809726
2024-10-22 09:55:00+00:00,66913.47,66932.495,66913.47,66932.495,0.0,111.75728571428355,0.0001446017142857348
2024-10-22 10:05:00+00:00,66904.77,66907.1966666665,66885.8116666665,66907.1966666665,0.0,104.15830952381968,0.0001446017142857348
2024-10-22 10:10:00+00:00,66890.7671666665,66939.68,66837.898,66939.68,0.009884012,101.44773809524797,0.0006152689523809729
2024-10-22 10:15:00+00:00,66895.4415,66935.411,66895.4415,66898.8155,0.0,91.69441666667679,0.0006152689523809729
2024-10-22 10:20:00+00:00,66945.13,67110.856,66945.13,67069.4545,0.000434969,93.83823809524827,0.0005883627142857348
2024-10-22 10:30:00+00:00,67104.6585,67104.6585,67057.0,67101.07,0.0,91.3081666666767,0.0005883627142857348
2024-10-22 10:35:00+00:00,67150.783,67180.0765,67138.4,67138.4,0.0,80.64655952381872,0.0005883627142857348
2024-10-22 10:40:00+00:00,67116.62,67116.62,67105.75,67105.75,0.0,75.51616666667645,0.0005883627142857348
2024-10-22 10:45:00+00:00,67125.912,67125.912,67120.23,67120.23,0.0,73.41113095239105,0.0005883627142857348
2024-10-22 10:50:00+00:00,67069.86,67112.5875,67069.86,67112.5875,0.0,73.73827380953298,0.0005788389047619252
2024-10-22 10:55:00+00:00,67137.476,67166.984,67128.3475,67128.3475,0.0,67.95588095238989,0.0005781274761904968
2024-10-22 11:00:00+00:00,67172.86,67172.86,67151.452,67151.452,0.0,65.94141666667565,0.000530508428571449
2024-10-22 11:05:00+00:00,67185.45,67311.0585,67185.45,67270.9905,0.001,71.0133095238177,0.0005781274761904967
2024-10-22 11:10:00+00:00,67299.282,67359.872,67270.9905,67345.135,0.001,72.5984047619256,0.0006257465238095443
2024-10-22 11:15:00+00:00,67324.8225,67334.855,67288.745,67288.745,0.0,74.16988095238983,0.0006257465238095443
2024-10-22 11:20:00+00:00,67298.0745,67310.81,67298.0745,67310.81,0.0,72.41142857142611,0.0006257465238095443
2024-10-22 11:25:00+00:00,67312.875,67402.4731599995,67312.875,67402.4731599995,0.0,71.6886542856768,0.0006257465238095443
2024-10-22 11:30:00+00:00,67407.1496599995,67478.3,67339.235,67369.6345,0.009869185,78.46197571424896,0.001066369571428592
2024-10-22 11:35:00+00:00,67337.375,67381.2415,67332.734,67332.734,0.0,66.7810471428207,0.001066369571428592
2024-10-22 11:40:00+00:00,67327.845,67327.845,67305.225,67305.225,0.0,65.34179714281969,0.001056579333333354
2024-10-22 11:45:00+00:00,67267.115,67267.115,67267.115,67267.115,0.0,62.42061857139197,0.001056579333333354
2024-10-22 11:50:00+00:00,67282.4,67310.216,67279.431,67279.431,0.0,63.16711857139204,0.001056579333333354
2024-10-22 11:55:00+00:00,67247.7285,67276.915,67247.7285,67258.31,0.0,63.99143999996367,0.001056579333333354
2024-10-22 12:00:00+00:00,67266.37,67309.89,67258.7755,67309.89,0.0,64.0778685713927,0.0005859120952381157
2024-10-22 12:05:00+00:00,67359.925,67429.5765,67359.925,67394.83,0.0,68.74143999996366,0.0005859120952381157
2024-10-22 12:10:00+00:00,67363.684,67363.684,67280.4,67328.645,0.002636121,73.73554714282156,0.0006907288571428777
2024-10-22 12:15:00+00:00,67371.7,67371.7,67223.795,67223.795,0.0,72.89972571425044,0.0006907288571428777
2024-10-22 12:20:00+00:00,67198.465,67198.465,67025.75,67025.75,0.0,80.69711857139295,0.0006907288571428777
2024-10-22 12:25:00+00:00,67061.722,67149.925,67061.722,67149.925,0.0,85.53890428567891,0.0006907288571428777
2024-10-22 12:30:00+00:00,67106.626,67106.626,67032.3,67077.856,0.0,92.36461857139304,0.0006907288571428777
2024-10-22 12:35:00+00:00,67040.46,67040.46,67011.05,67018.845,0.0,90.58910714285697,0.0006907288571428777
2024-10-22 12:40:00+00:00,67000.285,67000.285,66871.05,66871.05,0.001,91.21267857142811,0.0007383479047619252
2024-10-22 12:45:00+00:00,66833.94,66998.115,66833.94,66998.115,0.0,99.47464285714211,0.0007383479047619252
2024-10-22 12:50:00+00:00,66967.013,67011.985,66967.013,67011.985,0.0,100.7219999999995,0.0006907288571428778
2024-10-22 12:55:00+00:00,67031.211,67054.995,66930.697,66930.697,0.0,106.87828571428483,0.0006431098095238301
2024-10-22 13:00:00+00:00,66966.3195,66985.677,66940.672,66940.672,0.0,107.72678571428489,0.0006431098095238301
2024-10-22 13:05:00+00:00,66969.578,66969.578,66880.24,66880.24,0.0,111.84360714285556,0.0006431098095238301
2024-10-22 13:10:00+00:00,66916.1,66977.8,66916.1,66956.371,0.001,115.12789285714098,0.0006907288571428777
2024-10-22 13:15:00+00:00,66965.675,67072.169,66965.675,67072.169,0.0,114.85014285714091,0.00022076766666668716
2024-10-22 13:20:00+00:00,67111.22,67111.22,67043.767,67043.767,0.0,111.49464285713995,0.00022076766666668716
2024-10-22 13:25:00+00:00,67029.16,67067.04,67029.16,67067.04,0.0,103.63571428571075,0.00022076766666668716
2024-10-22 13:30:00+00:00,67091.35,67091.35,66836.9325,66836.9325,0.0,107.66232142856877,0.00022076766666668716
2024-10-22 13:35:00+00:00,66780.6485,67001.05,66780.6485,66935.92,0.0,114.5356428571405,0.00022076766666668716
2024-10-22 13:40:00+00:00,66906.044,66929.745,66796.835,66796.835,0.0,116.06849999999706,0.00022076766666668716
2024-10-22 13:45:00+00:00,66823.21,66902.415,66814.84,66836.215,0.0,118.8380714285678,0.00022076766666668716
2024-10-22 13:50:00+00:00,66807.356,66958.91,66595.1965,66958.91,0.000383899,134.2608214285678,0.00023904857142859192
2024-10-22 13:55:00+00:00,66923.1435,66929.1635,66805.44,66929.1635,0.0,133.4961785714248,0.00011351900000002049
2024-10-22 14:00:00+00:00,66895.3655,66969.08,66817.595,66914.56,0.0,141.10424999999668,0.00011351900000002049
2024-10-22 14:05:00+00:00,66874.67,67301.1,66838.038,67267.4645,0.002,165.30167857142598,0.00020875709523811574
2024-10-22 14:10:00+00:00,67227.8805,67467.052,67186.1345,67385.795,0.0,181.44007142856884,0.00020875709523811574
2024-10-22 14:15:00+00:00,67430.3635,67488.95,67287.4035,67287.4035,0.0,189.45496428571226,0.00020875709523811574
2024-10-22 14:20:00+00:00,67261.2,67364.05,67113.15,67141.3545,0.0077,200.4078214285702,0.0005754237619047824
2024-10-22 14:25:00+00:00,67112.926,67185.453,67033.4325,67057.9605,0.0,202.99514285714187,0.0005278047142857348
2024-10-22 14:30:00+00:00,67086.32,67430.33,67069.0415,67430.33,0.0,224.77489285714233,0.0005278047142857348
2024-10-22 14:35:00+00:00,67452.84,67538.2,67346.0,67487.84,0.231,235.79774999999998,0.011527804714285736
2024-10-22 14:40:00+00:00,67452.2985,67456.9705,67383.833,67423.73,0.0,225.05414285714193,0.011527804714285736
2024-10-22 14:45:00+00:00,67382.6,67427.1205,67326.329,67427.1205,0.0,216.51057142857047,0.011527804714285736
2024-10-22 14:50:00+00:00,67383.3435,67555.66,67383.3435,67555.66,0.0,218.88424999999967,0.011527804714285736
2024-10-22 14:55:00+00:00,67595.98,67648.134,67531.111,67531.111,0.0,219.7016071428578,0.011480185666666688
2024-10-22 15:00:00+00:00,67562.6365,67646.0,67490.295,67544.494,0.0,204.84385714285807,0.011480185666666688
2024-10-22 15:05:00+00:00,67568.1095,67568.1095,67470.5435,67563.6,0.0,200.85071428571558,0.011480185666666688
2024-10-22 15:10:00+00:00,67531.3185,67531.3185,67436.6695,67439.1345,0.033815898,199.09682142857284,0.013090466523809545
2024-10-22 15:15:00+00:00,67472.3915,67476.735,67141.635,67141.635,0.002669528,189.95667857143002,0.013217586904761925
2024-10-22 15:20:00+00:00,67166.3,67249.89,67127.345,67162.9115,0.007743086,178.64435714285875,0.013586305285714306
2024-10-22 15:25:00+00:00,67140.58,67180.22,67078.85,67180.22,0.0,171.48889285714435,0.013586305285714306
2024-10-22 15:30:00+00:00,67200.492,67319.215,67200.492,67276.416,0.0,163.49567857142912,0.013586305285714306
2024-10-22 15:35:00+00:00,67309.8235,67309.8235,67285.255,67308.2685,0.0,155.02332142857216,0.013568024380952401
2024-10-22 15:40:00+00:00,67315.7225,67427.5125,67315.7225,67397.306,0.0,136.94292857142864,0.013568024380952401
2024-10-22 15:45:00+00:00,67440.665,67446.508,67386.565,67387.424,0.005773246,127.49600000000022,0.013842940857142877
2024-10-22 15:50:00+00:00,67363.316,67363.316,67208.7,67298.8,0.009985,132.8329285714291,0.01422317895238097
2024-10-22 15:55:00+00:00,67290.645,67290.645,67247.424,67247.424,0.0,129.30325000000033,0.01422317895238097
2024-10-22 16:00:00+00:00,67219.5325,67219.5325,67143.7,67178.05,0.004309695,124.40378571428612,0.014428402523809543
2024-10-22 16:05:00+00:00,67134.845,67165.7855,67034.6,67114.965,0.0,126.2914285714287,0.014061735857142876
2024-10-22 16:10:00+00:00,67145.247,67182.1995,67145.247,67155.3195,0.0,119.97210714285757,0.014061735857142876
2024-10-22 16:15:00+00:00,67185.369,67185.369,67030.9,67030.9,0.001,124.03660714285797,0.014109354904761924
2024-10-22 16:20:00+00:00,67001.179,67008.94,66931.64,67008.94,0.001,122.06014285714316,0.003156973952380972
2024-10-22 16:25:00+00:00,66950.225,66963.615,66916.208,66963.615,0.0,104.748142857143,0.003156973952380972
2024-10-22 16:30:00+00:00,66994.0745,67068.359,66994.0745,67067.02,0.000145125,103.47664285714252,0.0031638846666666868
2024-10-22 16:35:00+00:00,67038.71,67038.71,66962.93,66976.271,0.0,103.67092857142936,0.0031638846666666868
2024-10-22 16:40:00+00:00,66938.975,66973.27,66892.979,66896.3545,0.0,99.69214285714303,0.0031638846666666868
2024-10-22 16:45:00+00:00,66932.175,66977.248,66932.175,66941.3345,0.0,103.08400000000049,0.0031638846666666868
2024-10-22 16:50:00+00:00,66973.05,66973.05,66935.7145,66935.7145,0.0,97.23339285714403,0.0031638846666666868
2024-10-22 16:55:00+00:00,66980.935,66980.935,66936.608,66936.608,0.0,96.18178571428663,0.0015536038095238292
2024-10-22 17:00:00+00:00,66959.4035,66993.85,66958.833,66977.165,0.0,87.5045000000017,0.0014264834285714484
2024-10-22 17:05:00+00:00,67021.771,67159.6,67021.771,67159.6,0.0007,96.86585714285944,0.0010910983809524007
2024-10-22 17:10:00+00:00,67177.155,67177.155,67153.03,67166.626,0.0,91.18021428571645,0.0010910983809524007
2024-10-22 17:15:00+00:00,67139.9905,67172.026,67139.9905,67172.026,0.0,83.22203571428794,0.0010910983809524007
2024-10-22 17:20:00+00:00,67220.24,67359.1595,67220.24,67282.25,0.001,91.78625000000154,0.0011387174285714483
2024-10-22 17:25:00+00:00,67341.35,67341.35,67341.35,67341.35,0.0,84.97417857142968,0.0011387174285714483
2024-10-22 17:30:00+00:00,67297.805,67333.162,67294.8715,67294.8715,0.0,81.20407142857377,0.0008638009523809722
2024-10-22 17:35:00+00:00,67253.67,67343.005,67232.23,67343.005,0.0,82.49285714285985,0.00038832476190478173
2024-10-22 17:40:00+00:00,67370.379,67378.3,67328.8535,67328.8535,0.198,78.54303571428942,0.009816896190476211
2024-10-22 17:45:00+00:00,67303.05,67374.0,67269.175,67269.175,0.007221177,78.59553571428842,0.009955538190476211
2024-10-22 17:50:00+00:00,67243.475,67243.475,67243.475,67243.475,0.0,74.48182142857488,0.009955538190476211
2024-10-22 17:55:00+00:00,67279.2635,67300.255,67275.228,67300.255,0.0,72.75942857143153,0.009955538190476211
2024-10-22 18:00:00+00:00,67334.438,67412.6,67334.438,67387.62,0.007217042,78.11725000000297,0.01025158780952383
2024-10-22 18:05:00+00:00,67426.35,67426.35,67384.3835,67384.3835,0.0,77.88482142857538,0.010203968761904783
2024-10-22 18:10:00+00:00,67338.815,67338.815,67299.5835,67299.5835,0.0,79.85325000000323,0.010203968761904783
2024-10-22 18:15:00+00:00,67298.7435,67298.7435,67298.7435,67298.7435,0.0,66.88217857143069,0.010197058047619069
2024-10-22 18:20:00+00:00,67264.4445,67397.26,67217.8575,67397.26,0.0,77.97342857143043,0.010197058047619069
2024-10-22 18:25:00+00:00,67434.5795,67454.231,67434.5795,67454.231,0.0,79.75453571428807,0.010197058047619069
2024-10-22 18:30:00+00:00,67431.388,67431.388,67431.388,67431.388,0.0,68.01950000000215,0.010197058047619069
2024-10-22 18:35:00+00:00,67391.245,67391.245,67388.177,67388.177,0.0,66.88457142857389,0.010197058047619069
2024-10-22 18:40:00+00:00,67352.5205,67384.155,67317.3895,67384.155,0.0,68.62092857142956,0.010197058047619069
2024-10-22 18:45:00+00:00,67424.286,67471.805,67424.286,67446.6185,0.0,66.96914285714281,0.010197058047619069
2024-10-22 18:50:00+00:00,67406.85,67406.85,67374.85,67374.85,0.0,68.56357142857034,0.010163724714285735
2024-10-22 18:55:00+00:00,67352.884,67352.884,67352.884,67352.884,0.0,62.64507142857058,0.010163724714285735
2024-10-22 19:00:00+00:00,67321.168,67352.884,67321.168,67333.4,0.000266498,63.0747857142851,0.010176415095238115
2024-10-22 19:05:00+00:00,67383.189,67395.99,67363.88,67393.5855,4.5899e-05,63.48978571428597,0.010130981714285734
2024-10-22 19:10:00+00:00,67405.326,67465.35,67405.326,67447.35,0.0,60.59117857142909,0.010130981714285734
2024-10-22 19:15:00+00:00,67421.475,67484.7445,67421.475,67484.7445,0.0,62.112821428570896,0.010130981714285734
2024-10-22 19:20:00+00:00,67499.15,67499.15,67469.785,67469.785,0.0,58.15317857142717,0.010130981714285734
2024-10-22 19:25:00+00:00,67455.53,67538.4235,67455.53,67520.805,0.001,64.0141428571421,0.000750029333333353
2024-10-22 19:30:00+00:00,67573.15,67573.15,67515.1,67515.1,0.0,55.34610714285581,0.0004061637619047818
2024-10-22 19:35:00+00:00,67492.6425,67492.6425,67464.15,67464.15,0.0,54.91603571428485,0.00040616376190478175
2024-10-22 19:40:00+00:00,67421.72,67505.8715,67386.64,67505.8715,0.181919276,61.800928571427775,0.009068986428571449
2024-10-22 19:45:00+00:00,67552.007,67592.9,67547.145,67547.145,0.007197791,64.9307499999985,0.009068069714285735
2024-10-22 19:50:00+00:00,67503.482,67558.15,67447.23,67506.0195,0.029879202,67.79735714285614,0.010490888857142876
2024-10-22 19:55:00+00:00,67472.389,67506.94,67446.785,67446.785,0.0,65.8334285714279,0.010490888857142876
2024-10-22 20:00:00+00:00,67401.9815,67516.65,67401.9815,67516.65,0.0,68.89771428571423,0.010490888857142876
2024-10-22 20:05:00+00:00,67543.1185,67543.1185,67462.4785,67462.4785,0.0,73.08871428571418,0.010490888857142876
2024-10-22 20:10:00+00:00,67458.338,67477.015,67458.338,67473.45,0.0,72.15735714285672,0.010490888857142876
2024-10-22 20:15:00+00:00,67444.35,67481.145,67444.35,67481.145,0.0,70.3148571428558,0.010490888857142876
2024-10-22 20:20:00+00:00,67447.477,67447.477,67412.95,67412.95,0.0,70.05989285714168,0.010490888857142876
2024-10-22 20:25:00+00:00,67403.2,67403.2,67393.275,67393.275,0.0,66.94599999999939,0.010490888857142876
2024-10-22 20:30:00+00:00,67431.66,67464.9255,67431.66,67464.9255,0.0,69.96639285714316,0.010490888857142876
2024-10-22 20:35:00+00:00,67453.957,67467.9715,67414.17,67436.875,0.0,67.88839285714286,0.010490888857142876
2024-10-22 20:40:00+00:00,67412.165,67471.685,67412.165,67471.685,0.0,67.99339285714397,0.010490888857142876
2024-10-22 20:45:00+00:00,67446.2585,67518.247,67446.2585,67513.1125,0.0,69.49614285714362,0.010478198476190494
2024-10-22 20:50:00+00:00,67506.3205,67506.3205,67506.3205,67506.3205,0.0,61.46475000000127,0.01047601280952383
2024-10-22 20:55:00+00:00,67514.763,67520.6,67501.34,67501.34,0.0,56.62414285714476,0.01047601280952383
2024-10-22 21:00:00+00:00,67487.6035,67489.335,67440.293,67440.293,0.0,53.061785714287126,0.01047601280952383
2024-10-22 21:05:00+00:00,67405.77,67418.3285,67387.602,67387.602,0.0,52.528642857144796,0.01047601280952383
2024-10-22 21:10:00+00:00,67378.4645,67421.5725,67344.564,67414.33,0.000725436,49.83864285714454,0.010462938333333352
2024-10-22 21:15:00+00:00,67399.705,67437.459,67399.705,67400.4505,0.0,46.77535714285893,0.010462938333333352
2024-10-22 21:20:00+00:00,67416.43,67425.163,67410.029,67410.029,0.0,47.20646428571594,0.010462938333333352
2024-10-22 21:25:00+00:00,67386.856,67394.508,67373.4195,67373.4195,0.0,47.19321428571545,0.0018001156666666868
2024-10-22 21:30:00+00:00,67389.8,67395.3265,67389.8,67395.3265,0.0,43.88692857142866,0.001457363714285734
2024-10-22 21:40:00+00:00,67382.225,67393.6425,67365.585,67389.905,0.0007,44.6059642857134,6.787790476192459e-05
2024-10-22 21:45:00+00:00,67398.2705,67456.3915,67398.2705,67456.3915,0.0,44.23710714285595,6.787790476192459e-05
2024-10-22 21:50:00+00:00,67455.095,67477.04,67431.895,67477.04,0.01,43.61878571428367,0.0005440683809524008
2024-10-22 21:55:00+00:00,67475.59,67492.24,67473.996,67492.24,0.0,40.67049999999809,0.0005440683809524008
2024-10-22 22:00:00+00:00,67452.9845,67561.436,67452.9845,67561.436,0.0,43.2749999999973,0.0005440683809524008
2024-10-22 22:05:00+00:00,67593.62,67664.5995,67593.62,67664.5995,0.0,50.158678571425426,0.0005440683809524008
2024-10-22 22:10:00+00:00,67695.48,67695.48,67582.807,67588.685,0.0,56.83103571428156,0.0005440683809524008
2024-10-22 22:15:00+00:00,67553.9,67667.217,67553.9,67578.055,0.057483903,60.56460714285432,0.0032813970952381153
2024-10-22 22:20:00+00:00,67617.78,67617.78,67591.4045,67591.4045,0.0,59.63846428571144,0.0032813970952381153
2024-10-22 22:25:00+00:00,67616.84,67648.255,67615.85,67622.746,0.0,58.1986071428546,0.0032813970952381153
2024-10-22 22:30:00+00:00,67591.58,67605.0805,67555.045,67584.85,0.0,60.33767857142603,0.0032813970952381153
2024-10-22 22:35:00+00:00,67594.1985,67660.318,67594.1985,67660.318,0.0,63.963071428568846,0.0032813970952381153
2024-10-22 22:40:00+00:00,67682.475,67703.66,67677.658,67703.66,0.0,64.44396428571261,0.0032813970952381153
2024-10-22 22:45:00+00:00,67707.6,67722.4,67704.2755,67722.4,0.0,64.21774999999823,0.0032813970952381153
2024-10-22 22:50:00+00:00,67691.103,67708.0095,67691.103,67708.0095,0.0,64.32885714285554,0.0032813970952381153
2024-10-22 22:55:00+00:00,67729.0,67784.4675,67682.95,67682.95,0.041,66.83107142857001,0.005233778047619067
2024-10-22 23:00:00+00:00,67720.86,67737.162,67689.339,67689.339,0.0,67.4787142857136,0.005199233476190496
2024-10-22 23:05:00+00:00,67669.2255,67669.2255,67596.5435,67621.333,0.0,72.80382142857083,0.005199233476190496
2024-10-22 23:10:00+00:00,67571.045,67571.045,67571.045,67571.045,0.0,68.64928571428547,0.005199233476190496
2024-10-22 23:15:00+00:00,67559.0175,67559.0175,67513.85,67513.85,0.0,65.36582142857098,0.005199233476190496
2024-10-22 23:20:00+00:00,67552.0255,67576.7005,67552.0255,67576.7005,0.0,61.80707142857136,0.005199233476190496
2024-10-22 23:25:00+00:00,67553.715,67553.715,67553.715,67553.715,0.0,55.35482142857135,0.005165900142857162
2024-10-22 23:30:00+00:00,67521.7,67521.7,67502.5525,67502.5525,0.0,56.17178571428459,0.005165900142857162
2024-10-22 23:35:00+00:00,67500.0,67500.0,67443.191,67443.191,0.001,56.35114285714163,0.004737328714285734
2024-10-22 23:40:00+00:00,67390.1895,67390.1895,67390.1895,67390.1895,0.0,55.30117857142822,0.004737328714285734
2024-10-22 23:45:00+00:00,67369.63,67369.63,67279.85,67302.666,0.0,57.7919999999992,0.004737328714285734
2024-10-22 23:50:00+00:00,67325.7365,67378.9225,67324.45,67324.45,0.0,60.14303571428484,0.004737328714285734
2024-10-22 23:55:00+00:00,67340.941,67379.748,67340.941,67379.748,0.0,62.75432142857192,0.004737328714285734
2024-10-23 00:00:00+00:00,67423.6,67450.86,67365.45,67365.45,0.000131807,66.61953571428707,0.0020062765238095435
2024-10-23 00:05:00+00:00,67323.06,67323.06,67284.9395,67320.451,0.0,65.11903571428722,0.0020062765238095435
2024-10-23 00:10:00+00:00,67312.9095,67312.9095,67158.7,67205.2,0.001,72.80039285714467,0.002053895571428591
2024-10-23 00:15:00+00:00,67164.4405,67215.035,67116.417,67208.2505,0.0,73.21628571428717,0.002053895571428591
2024-10-23 00:20:00+00:00,67175.85,67203.891,67093.9445,67158.5585,0.0,77.7890000000012,0.002053895571428591
2024-10-23 00:25:00+00:00,67189.3275,67189.3275,67189.3275,67189.3275,0.0,75.90142857143032,0.002053895571428591
2024-10-23 00:30:00+00:00,67156.9625,67239.965,67156.9625,67204.1015,0.0,77.34085714285902,0.002053895571428591
2024-10-23 00:40:00+00:00,67163.5,67165.723,67139.115,67139.115,0.0,80.34092857142969,0.002053895571428591
2024-10-23 00:45:00+00:00,67107.78,67160.0515,67107.78,67160.0515,0.0,80.42014285714478,0.00010151461904763889
2024-10-23 00:50:00+00:00,67135.51,67135.51,67107.8,67107.8,0.0,79.91228571428759,0.00010151461904763889
2024-10-23 00:55:00+00:00,67127.415,67138.5065,67117.25,67117.25,0.0,78.31978571428668,0.00010151461904763889
2024-10-23 01:00:00+00:00,67149.3,67204.7885,67117.25,67194.6535,1.4892e-05,76.69114285714438,0.00010222376190478174
2024-10-23 01:05:00+00:00,67213.322,67213.322,67176.891,67176.891,0.0,73.84646428571536,0.00010222376190478174
2024-10-23 01:10:00+00:00,67191.3155,67198.04,67141.6,67141.6,0.0,73.92803571428522,0.00010222376190478174
2024-10-23 01:15:00+00:00,67158.6045,67208.34,67129.85,67208.34,0.0,73.43374999999858,0.00010222376190478174
2024-10-23 01:20:00+00:00,67235.4505,67291.63,67235.4505,67285.2765,0.0,73.6322857142846,0.00010222376190478174
2024-10-23 01:25:00+00:00,67280.977,67281.2,67280.977,67281.2,0.0,62.3857499999992,5.460471428573412e-05
2024-10-23 01:30:00+00:00,67249.0,67258.3055,67227.35,67258.3055,0.0,59.18803571428413,5.460471428573412e-05
2024-10-23 01:35:00+00:00,67293.405,67313.8645,67293.405,67312.084,0.0,54.99182142856963,5.460471428573412e-05
2024-10-23 01:40:00+00:00,67332.1,67347.37,67320.0235,67320.0235,0.0,55.314464285711956,5.460471428573412e-05
2024-10-23 01:45:00+00:00,67309.6415,67317.9905,67285.4135,67287.781,0.0,51.85785714285469,5.460471428573412e-05
2024-10-23 01:50:00+00:00,67255.47,67277.9265,67232.277,67277.9265,0.0,51.18053571428339,4.832819047621031e-05
2024-10-23 01:55:00+00:00,67311.3985,67338.6995,67304.456,67304.456,0.0,51.78778571428328,4.832819047621031e-05
2024-10-23 02:00:00+00:00,67322.26,67322.26,67322.26,67322.26,0.0,49.3272499999969,7.091428571626826e-07
2024-10-23 02:05:00+00:00,67285.3975,67307.233,67265.734,67307.233,0.0,51.17149999999674,7.091428571626826e-07
2024-10-23 02:10:00+00:00,67257.6785,67296.4975,67252.352,67256.6025,0.0,48.83882142856809,7.091428571626826e-07
2024-10-23 02:15:00+00:00,67275.1575,67280.6055,67163.0655,67163.0655,0.0,54.63232142856889,7.091428571626826e-07
2024-10-23 02:20:00+00:00,67197.88,67197.88,67154.159,67154.159,0.004,53.723821428570126,0.00019118533333335315
2024-10-23 02:25:00+00:00,67133.9195,67133.9195,67051.561,67051.561,0.00399,55.44582142857065,0.00038118533333335314
2024-10-23 02:30:00+00:00,67022.845,67128.695,67022.845,67128.695,0.0,57.05724999999906,0.00038118533333335314
2024-10-23 02:35:00+00:00,67124.65,67124.65,67073.1,67073.1,0.0,60.72121428571284,0.00038118533333335314
2024-10-23 02:40:00+00:00,67057.151,67113.2445,67057.151,67113.2445,0.0,60.881464285713655,0.00038118533333335314
2024-10-23 02:45:00+00:00,67133.45,67150.75,67130.155,67130.155,0.0,59.59192857142833,0.00038047619047621025
2024-10-23 02:50:00+00:00,67084.9565,67084.9565,67084.9565,67084.9565,0.0,60.29996428571446,0.00038047619047621025
2024-10-23 02:55:00+00:00,67052.808,67052.808,67042.155,67042.155,0.0,60.88507142857166,0.00038047619047621025
2024-10-23 03:00:00+00:00,67074.87,67081.95,67020.3,67081.95,1.4908e-05,61.32407142857119,0.00038118609523811497
2024-10-23 03:05:00+00:00,67079.03,67127.2,67062.9075,67127.2,0.0,61.57546428571368,0.00038118609523811497
2024-10-23 03:10:00+00:00,67105.0305,67105.0305,67059.2575,67076.95,0.0,65.15678571428518,0.00038118609523811497
2024-10-23 03:15:00+00:00,67056.8,67088.079,66940.507,66953.559,0.0013,71.66007142857104,0.0004430908571428769
2024-10-23 03:20:00+00:00,66957.2225,66957.2225,66923.893,66923.893,0.0,70.12067857142912,0.0004430908571428769
2024-10-23 03:25:00+00:00,66892.895,66892.895,66863.235,66886.235,0.0,66.05767857142824,0.0004430908571428769
2024-10-23 03:30:00+00:00,66923.28,66935.5805,66923.28,66935.5805,0.0,66.45942857142758,0.0004430908571428769
2024-10-23 03:35:00+00:00,66972.737,66972.737,66972.737,66972.737,0.0,61.78503571428467,0.0004430908571428769
2024-10-23 03:40:00+00:00,66964.105,66987.855,66951.3,66987.855,0.0,56.835392857140896,0.0004430908571428769
2024-10-23 03:45:00+00:00,66946.235,66986.85,66946.235,66986.85,0.0,55.83717857142619,0.0004430908571428769
2024-10-23 03:50:00+00:00,67005.907,67043.8415,67005.907,67039.94,0.0,55.90132142856809,0.0004430908571428769
2024-10-23 03:55:00+00:00,67034.8765,67047.706,67018.067,67023.33,0.0,55.339428571426005,0.0004430908571428769
2024-10-23 04:00:00+00:00,67057.3,67097.81,66992.232,67079.475,1.4912e-05,59.6522499999971,0.0004438009523809722
2024-10-23 04:05:00+00:00,67071.8,67071.8,67023.8375,67051.2995,0.0,60.56910714285498,0.0002533247619047817
2024-10-23 04:10:00+00:00,67051.76,67059.1,67045.76,67051.843,0.0,57.1183928571419,6.332476190478173e-05
2024-10-23 04:15:00+00:00,67048.3,67094.63,67048.3,67053.81,0.000304552,55.8353571428566,7.782723809525792e-05
2024-10-23 04:20:00+00:00,67057.606,67074.487,67002.235,67016.6115,0.0,56.143178571428244,7.782723809525792e-05
2024-10-23 04:25:00+00:00,66984.185,67059.809,66983.3,67035.0555,0.0,51.06724999999902,7.782723809525792e-05
2024-10-23 04:30:00+00:00,67030.025,67079.055,67024.5125,67079.055,0.0,52.582464285712504,7.782723809525792e-05
2024-10-23 04:35:00+00:00,67063.1425,67187.495,67063.1425,67187.495,0.0,57.13207142856949,7.782723809525792e-05
2024-10-23 04:40:00+00:00,67136.255,67140.8865,67136.255,67140.8865,0.0,57.26739285714056,7.782723809525792e-05
2024-10-23 04:45:00+00:00,67148.5665,67149.91,67148.5665,67149.91,0.0,55.25789285714148,7.711733333335316e-05
2024-10-23 04:50:00+00:00,67141.02,67141.02,67141.02,67141.02,0.0,53.2818214285705,7.711733333335316e-05
2024-10-23 04:55:00+00:00,67143.016,67169.628,67143.016,67166.425,0.0,52.35239285714176,7.711733333335316e-05
2024-10-23 05:00:00+00:00,67174.5955,67191.75,67084.241,67084.241,1.4884e-05,55.960785714285784,1.5921333333353167e-05
2024-10-23 05:05:00+00:00,67121.393,67173.112,67121.393,67173.112,0.0,60.19164285714214,1.5921333333353167e-05
2024-10-23 05:10:00+00:00,67140.37,67140.37,67132.445,67133.225,0.0,55.55514285714162,1.5921333333353167e-05
2024-10-23 05:15:00+00:00,67135.935,67168.0535,67135.935,67160.732,0.0,54.06878571428284,1.5921333333353167e-05
2024-10-23 05:20:00+00:00,67142.007,67142.007,67076.45,67076.45,0.0,59.13607142856823,1.5921333333353167e-05
2024-10-23 05:25:00+00:00,67106.165,67106.165,67069.4565,67069.4565,0.0,58.448821428567626,1.5921333333353167e-05
2024-10-23 05:30:00+00:00,67105.365,67126.085,67084.523,67109.4735,0.0,57.33285714285427,1.5921333333353167e-05
2024-10-23 05:35:00+00:00,67083.15,67083.15,67000.914,67041.89,0.0,59.62217857142553,1.5921333333353167e-05
2024-10-23 05:40:00+00:00,67054.848,67054.848,67032.045,67046.908,0.0,57.35507142856867,1.5921333333353167e-05
2024-10-23 05:45:00+00:00,67083.116,67086.4,67045.6645,67054.2795,0.007542574,51.382428571425926,0.00037438142857144837
2024-10-23 05:50:00+00:00,67024.9885,67043.204,67024.9885,67043.204,0.0,49.8146428571407,0.00037438142857144837
2024-10-23 05:55:00+00:00,67042.14,67042.14,67042.14,67042.14,0.0,49.24610714285414,0.00037438142857144837
2024-10-23 06:00:00+00:00,67079.4,67079.4,67017.899,67045.75,1.4907e-05,53.00403571428199,0.0003605888095238294
2024-10-23 06:05:00+00:00,67095.6035,67130.1,67091.739,67091.739,0.000289896,56.98560714285434,0.0003743933809524008
2024-10-23 06:10:00+00:00,67108.661,67140.4465,67108.661,67123.14,0.0,52.7854999999971,0.0003743933809524008
2024-10-23 06:15:00+00:00,67173.574,67193.6885,67173.574,67193.6885,0.0,51.47674999999747,0.0003743933809524008
2024-10-23 06:20:00+00:00,67200.005,67200.005,67200.005,67200.005,0.0,49.02314285714134,0.0003743933809524008
2024-10-23 06:25:00+00:00,67182.292,67229.17,67182.292,67229.17,0.0,49.8838214285705,0.0003743933809524008
2024-10-23 06:35:00+00:00,67220.2195,67220.2195,67211.1725,67211.1725,0.0,45.14921428571272,0.0003743933809524008
2024-10-23 06:40:00+00:00,67156.98,67156.98,67156.98,67156.98,0.0,46.398071428570674,0.0003743933809524008
2024-10-23 06:45:00+00:00,67139.8715,67139.8715,67081.6865,67081.6865,0.0,47.7312857142845,0.0003743933809524008
2024-10-23 06:50:00+00:00,67062.335,67062.335,66922.9265,66922.9265,0.0,51.31703571428495,0.00037368461904763894
2024-10-23 06:55:00+00:00,66886.413,66886.413,66886.413,66886.413,0.0,52.29635714285645,0.00037368461904763894
2024-10-23 07:00:00+00:00,66911.749,66911.749,66844.45,66892.055,1.4945e-05,54.19374999999958,0.0003743962857143056
2024-10-23 07:05:00+00:00,66964.606,66964.606,66913.757,66940.3045,0.005680031,57.283750000000246,0.0006448739523809722
2024-10-23 07:10:00+00:00,66940.98,66940.98,66829.89,66829.89,0.00283977,65.1427500000001,0.0007801010952381152
2024-10-23 07:15:00+00:00,66857.79,66911.6285,66831.0565,66911.6285,0.0,66.58828571428707,0.0007801010952381152
2024-10-23 07:20:00+00:00,66902.2195,66923.125,66902.2195,66923.125,0.0,62.05653571428619,0.0007801010952381152
2024-10-23 07:25:00+00:00,66904.9245,66904.9245,66900.37,66900.37,0.0,60.20278571428623,0.0007801010952381152
2024-10-23 07:30:00+00:00,66878.9165,66888.004,66813.15,66845.6045,0.305493097,61.39360714285743,0.015327391428571448
2024-10-23 07:35:00+00:00,66812.816,66850.13,66798.76,66850.13,0.00283267,64.61171428571522,0.015103110285714302
2024-10-23 07:40:00+00:00,66810.85,66810.85,66764.74,66793.246,0.749277869,67.36257142857254,0.050783008809523834
2024-10-23 07:45:00+00:00,66803.0045,66840.8795,66772.1875,66774.15,0.008456234,70.98360714285809,0.051185686619047634
2024-10-23 07:50:00+00:00,66750.0,66819.095,66718.963,66783.111,0.008386365,74.26500000000046,0.051584327476190496
2024-10-23 07:55:00+00:00,66829.1,66829.1,66788.4,66788.4,0.0027792,72.171821428572,0.05170286576190478
2024-10-23 08:00:00+00:00,66823.6,66853.077,66690.6765,66690.6765,0.005549526,72.43185714285833,0.051967128904761926
2024-10-23 08:05:00+00:00,66666.5,66968.36,66666.5,66937.435,0.036393497,91.38517857142973,0.053700152571428586
2024-10-23 08:10:00+00:00,66954.74,66977.37,66918.7325,66918.7325,0.002704232,90.76650000000102,0.053828925523809544
2024-10-23 08:15:00+00:00,66878.033,66878.033,66720.0545,66756.4645,0.00269147,99.77557142857196,0.05395709076190479
2024-10-23 08:20:00+00:00,66750.737,66776.327,66750.737,66776.327,0.002684741,93.66842857143014,0.05408493557142859
2024-10-23 08:25:00+00:00,66830.84,66844.3005,66763.992,66779.7225,0.005358173,93.56628571428675,0.05434008666666669
2024-10-23 08:30:00+00:00,66727.94,66800.862,66693.7,66695.4035,0.00532931,99.72746428571554,0.054593863333333346
2024-10-23 08:35:00+00:00,66673.585,66729.9,66673.585,66681.103,0.00264928,102.12460714285719,0.054720019523809546
2024-10-23 08:40:00+00:00,66658.8285,66709.4575,66620.448,66660.5125,0.002693342,102.25242857142855,0.05484827390476193
2024-10-23 08:45:00+00:00,66684.3,66684.42,66640.832,66640.832,0.000291834,101.69657142857093,0.05486145909523812
2024-10-23 08:50:00+00:00,66609.145,66647.45,66609.145,66647.45,0.0,98.3333571428562,0.05459098142857145
2024-10-23 08:55:00+00:00,66609.615,66609.615,66388.85,66456.355,0.01101639,111.89821428571304,0.05498034428571431
2024-10-23 09:00:00+00:00,66485.71,66538.9095,66444.87,66506.92,1.504e-05,111.46303571428454,0.0549810604761905
2024-10-23 09:05:00+00:00,66473.525,66473.525,66276.53,66276.53,0.0,124.63453571428441,0.0549810604761905
2024-10-23 09:10:00+00:00,66300.59,66302.56,66176.903,66176.903,0.00208166,122.00999999999787,0.055080187142857166
2024-10-23 09:15:00+00:00,66221.964,66333.865,66221.964,66333.865,0.0,111.66014285714066,0.04053289680952382
2024-10-23 09:20:00+00:00,66285.81,66321.835,66285.81,66321.835,0.0,110.90424999999856,0.040398007761904775
2024-10-23 09:25:00+00:00,66297.0,66297.0,66297.0,66297.0,0.0,98.48689285714188,0.004718109238095254
2024-10-23 09:30:00+00:00,66324.188,66390.72,66324.188,66390.72,0.0,103.35332142856974,0.004315431428571445
2024-10-23 09:35:00+00:00,66431.83,66480.58,66431.83,66480.58,0.0,104.03557142856984,0.00391608071428573
2024-10-23 09:40:00+00:00,66462.6,66462.6,66453.75,66453.75,0.0,98.29757142857021,0.0037837378571428733
2024-10-23 09:45:00+00:00,66418.635,66489.001,66418.635,66489.001,0.0,99.30121428571458,0.0035194747142857303
2024-10-23 09:50:00+00:00,66490.03,66490.03,66490.03,66490.03,0.0,93.01689285714279,0.0017864510476190635
2024-10-23 09:55:00+00:00,66470.5,66473.56,66453.48,66455.55,0.0,92.51417857142847,0.0016576780952381111
2024-10-23 10:00:00+00:00,66487.4,66489.05,66455.55,66489.05,1.504e-05,92.17096428571469,0.0015302290476190636
2024-10-23 10:05:00+00:00,66468.65,66493.518,66468.65,66493.518,0.0,75.47582142857262,0.0014023842380952538
2024-10-23 10:10:00+00:00,66470.65,66470.65,66470.65,66470.65,0.0,70.39214285714426,0.0011472331428571587
2024-10-23 10:15:00+00:00,66466.127,66489.0,66457.56,66478.14,0.0,56.181428571430196,0.0008934564761904919
2024-10-23 10:20:00+00:00,66491.2285,66561.1785,66491.2285,66525.845,0.001,53.13725000000185,0.0008149193333333491
2024-10-23 10:25:00+00:00,66552.8435,66595.6195,66552.8435,66578.0425,0.0,46.90957142857327,0.0006866649523809682
2024-10-23 10:30:00+00:00,66537.3065,66537.3065,66532.9805,66532.9805,0.0,46.695785714286366,0.000672768095238111
2024-10-23 10:35:00+00:00,66551.3325,66553.51,66551.3325,66553.51,0.0,46.38824999999945,0.000672768095238111
2024-10-23 10:40:00+00:00,66519.199,66519.199,66463.595,66463.595,0.0,46.1164642857132,0.0001481780952381111
2024-10-23 10:45:00+00:00,66447.415,66447.415,66417.3,66417.3,0.0,43.00467857142731,0.00014746190476192062
2024-10-23 10:50:00+00:00,66375.04,66375.04,66372.866,66372.866,0.0,44.26210714285636,0.00014746190476192062
2024-10-23 10:55:00+00:00,66378.9415,66378.9415,66360.55,66360.55,0.0,40.54964285714128,4.833523809525396e-05
2024-10-23 11:00:00+00:00,66384.5,66440.261,66360.55,66399.45,1.5063e-05,46.16978571428418,4.905252380953967e-05
2024-10-23 11:05:00+00:00,66427.8,66483.0,66422.4,66483.0,0.043340547,49.52692857142704,0.002112888095238111
2024-10-23 11:10:00+00:00,66453.8625,66456.66,66439.747,66452.755,0.0,50.223571428569684,0.002112888095238111
2024-10-23 11:15:00+00:00,66464.635,66496.415,66434.881,66482.4375,0.0,52.8425714285695,0.002112888095238111
2024-10-23 11:20:00+00:00,66498.7755,66498.7755,66470.01,66470.01,0.0,53.263821428569955,0.002112888095238111
2024-10-23 11:25:00+00:00,66449.2615,66511.85,66449.2615,66511.85,0.0,55.48871428571355,0.002112888095238111
2024-10-23 11:30:00+00:00,66518.249,66549.181,66509.727,66549.181,0.0,52.37553571428517,0.002112888095238111
2024-10-23 11:35:00+00:00,66514.525,66533.4805,66399.065,66403.86,0.0,58.11421428571339,0.002112888095238111
2024-10-23 11:40:00+00:00,66361.356,66390.94,66331.971,66390.94,0.0,60.03042857142801,0.002112888095238111
2024-10-23 11:45:00+00:00,66394.397,66413.137,66387.275,66403.615,0.0,60.4113214285722,0.0021121719047619203
2024-10-23 11:55:00+00:00,66363.06,66382.935,66287.58,66365.705,0.0,62.277035714287194,0.0021121719047619203
2024-10-23 12:00:00+00:00,66402.61,66442.18,66290.95,66290.95,1.5059e-05,69.77239285714417,0.002112889000000016
2024-10-23 12:05:00+00:00,66328.8565,66328.8565,66268.499,66293.0915,0.0,70.9097857142863,0.002112889000000016
2024-10-23 12:10:00+00:00,66276.2495,66299.673,66276.2495,66299.673,0.0,71.2692142857143,0.002065269952380968
2024-10-23 12:15:00+00:00,66325.727,66417.354,66325.727,66417.354,0.0,73.98135714285829,0.002065269952380968
2024-10-23 12:20:00+00:00,66392.1435,66392.1435,66263.48,66276.0,0.0,79.0045000000017,0.002065269952380968
2024-10-23 12:25:00+00:00,66253.7295,66253.7295,66170.78,66170.78,0.001,83.43071428571628,0.002112889000000016
2024-10-23 12:30:00+00:00,66133.95,66353.922,66074.9,66353.922,0.0,98.9655714285743,0.002112889000000016
2024-10-23 12:35:00+00:00,66379.5415,66379.5415,66379.5415,66379.5415,0.0,98.74085714285944,0.002112889000000016
2024-10-23 12:40:00+00:00,66352.9115,66374.8,66352.9115,66369.695,0.0,96.17239285714459,0.002112889000000016
2024-10-23 12:45:00+00:00,66401.1035,66437.3275,66401.1035,66416.3095,0.0,98.1851428571442,0.002112889000000016
2024-10-23 12:50:00+00:00,66374.83,66408.436,66355.25,66355.25,0.0,91.82396428571623,0.00211217171428573
2024-10-23 12:55:00+00:00,66335.95,66378.395,66261.3,66371.6875,0.0,95.05296428571663,4.833614285715872e-05
2024-10-23 13:00:00+00:00,66399.075,66399.075,66336.835,66336.835,1.506e-05,97.65139285714395,4.905328571430157e-05
2024-10-23 13:05:00+00:00,66350.55,66446.96,66350.55,66407.115,0.003,97.22925000000085,0.00019191042857144444
2024-10-23 13:10:00+00:00,66405.775,66427.021,66382.307,66427.021,0.0,89.62096428571489,0.00019191042857144444
2024-10-23 13:15:00+00:00,66411.768,66439.4015,66403.798,66412.1245,0.000264413,87.85282142857302,0.0002045015238095397
2024-10-23 13:20:00+00:00,66399.393,66421.95,66399.393,66421.95,0.0,87.79092857143094,0.0002045015238095397
2024-10-23 13:25:00+00:00,66452.8,66467.8215,66421.95,66467.8215,0.021963842,82.66167857143071,0.0012503987619047778
2024-10-23 13:30:00+00:00,66455.0175,66455.61,66381.7445,66455.61,0.0,77.81903571428744,0.0012503987619047778
2024-10-23 13:35:00+00:00,66492.62,66499.9,66445.829,66471.81,0.016108068,74.16553571428709,0.002017449619047635
2024-10-23 13:40:00+00:00,66492.149,66592.89,66492.149,66592.89,0.001,62.883964285714946,0.0020650686666666826
2024-10-23 13:45:00+00:00,66617.25,66847.535,66617.25,66805.9245,0.00363506,79.24292857142947,0.0022374496666666827
2024-10-23 13:50:00+00:00,66766.695,66766.695,66637.155,66672.5525,0.0,89.3957500000002,0.0022374496666666827
2024-10-23 13:55:00+00:00,66692.0545,66742.2655,66672.805,66742.2655,0.0,89.54435714285708,0.0022374496666666827
2024-10-23 14:00:00+00:00,66782.6,66782.6,66627.575,66627.575,0.002932279,96.25617857142892,0.002377082000000016
2024-10-23 14:05:00+00:00,66661.773,66661.773,66432.7915,66511.365,0.001,104.2480714285713,0.0024247010476190637
2024-10-23 14:10:00+00:00,66464.655,66604.87,66464.655,66512.82,0.001461247,109.81771428571457,0.0024466651904762066
2024-10-23 14:15:00+00:00,66462.589,66529.8,66462.589,66497.75,0.0,106.75242857142855,0.0024466651904762066
2024-10-23 14:20:00+00:00,66546.145,66614.465,66495.422,66614.465,0.0,112.06164285714269,0.0024466651904762066
2024-10-23 14:25:00+00:00,66633.9545,66728.25,66633.9545,66665.86,0.0,117.64603571428493,0.0024466651904762066
2024-10-23 14:30:00+00:00,66700.163,66748.1,66672.2,66748.1,0.0,121.90910714285668,0.0024466651904762066
2024-10-23 14:35:00+00:00,66750.0,66811.3075,66721.015,66721.015,0.001,125.08203571428437,0.002494284238095254
2024-10-23 14:40:00+00:00,66691.9,66744.612,66691.9,66744.612,0.000278101,122.6988214285697,0.0025075271428571587
2024-10-23 14:45:00+00:00,66723.095,66723.095,66612.6115,66612.6115,0.0,128.26521428571246,0.0025068100000000156
2024-10-23 14:50:00+00:00,66563.2605,66563.2605,66477.213,66511.1985,0.001,129.287964285712,0.0024115719047619207
2024-10-23 14:55:00+00:00,66469.4955,66469.4955,66402.6005,66409.91,0.0,118.85603571428302,0.0024115719047619207
2024-10-23 15:00:00+00:00,66448.82,66448.82,66317.6895,66335.392,0.014792106,116.16753571428437,0.0031033668095238253
2024-10-23 15:05:00+00:00,66290.7555,66337.975,66290.7555,66297.57,0.0,114.56085714285707,0.0031033668095238253
2024-10-23 15:10:00+00:00,66281.25,66281.25,66167.35,66167.35,0.001,112.78907142857081,0.002105088619047635
2024-10-23 15:15:00+00:00,66200.505,66301.71,66182.55,66214.609,0.0,106.03039285714269,0.002105088619047635
2024-10-23 15:20:00+00:00,66203.155,66227.684,66144.9895,66144.9895,0.0,101.92178571428563,0.0013380377619047778
2024-10-23 15:25:00+00:00,66156.73,66156.73,66058.33,66058.33,0.0,104.14957142857124,0.0012904187142857302
2024-10-23 15:30:00+00:00,66032.69,66182.296,66032.69,66056.5115,0.098825959,106.33264285714333,0.005823318666666683
2024-10-23 15:35:00+00:00,66085.6235,66085.6235,65975.0,65992.6245,0.011136515,106.10682142857175,0.006353628904761922
2024-10-23 15:40:00+00:00,65945.555,66031.343,65878.5,65950.5995,0.0,111.14989285714235,0.006353628904761922
2024-10-23 15:45:00+00:00,65985.3,66121.83,65985.3,66052.375,0.0,116.93117857142872,0.006213996571428586
2024-10-23 15:50:00+00:00,66097.33,66204.705,66025.2555,66070.55,0.0,125.98385714285749,0.006166377523809539
2024-10-23 15:55:00+00:00,66029.97,66157.821,65998.345,66151.7685,0.022061772,127.94639285714324,0.00714735490476192
2024-10-23 16:00:00+00:00,66196.8555,66250.0,66069.64,66069.64,0.001413107,131.1579285714293,0.007214645714285729
2024-10-23 16:05:00+00:00,66041.78,66041.78,65935.3,65976.61,0.0,132.99664285714348,0.007214645714285729
2024-10-23 16:10:00+00:00,65994.836,66004.115,65962.446,66004.115,0.0,126.60653571428598,0.007214645714285729
2024-10-23 16:15:00+00:00,65977.86,66014.774,65946.435,65976.148,0.0,128.11507142857175,0.007214645714285729
2024-10-23 16:20:00+00:00,65950.2,65950.2,65836.2345,65865.924,0.0,128.80746428571416,0.007167026666666682
2024-10-23 16:25:00+00:00,65903.1305,65903.1305,65836.5515,65836.5515,0.0,123.96596428571398,0.007153783761904777
2024-10-23 16:30:00+00:00,65874.09,66009.45,65799.2345,65969.667,0.001975,133.07460714285637,0.007247831380952396
2024-10-23 16:35:00+00:00,66015.375,66053.167,65986.675,65986.675,0.0,132.01032142857107,0.00720021233333335
2024-10-23 16:40:00+00:00,65949.1,65972.89,65910.1495,65916.615,0.010032275,126.7902857142856,0.007677939714285731
2024-10-23 16:45:00+00:00,65875.295,65905.64,65796.518,65905.64,0.0,127.4669642857147,0.006973553714285731
2024-10-23 16:50:00+00:00,65949.5715,65949.5715,65758.75,65808.4435,0.0,130.17971428571556,0.006973553714285731
2024-10-23 16:55:00+00:00,65776.17,65833.735,65775.25,65818.1485,0.0,122.12646428571523,0.006925934666666684
2024-10-23 17:00:00+00:00,65782.464,65815.805,65714.585,65731.247,0.007125004,116.70603571428572,0.007265220571428588
2024-10-23 17:05:00+00:00,65709.819,65737.755,65670.0,65670.305,0.3,110.15453571428641,0.02155093485714287
2024-10-23 17:10:00+00:00,65635.81,65665.403,65585.345,65593.045,5.4335e-05,103.34025000000007,0.021553522238095254
2024-10-23 17:15:00+00:00,65618.83,65802.15,65618.83,65784.7155,0.000147873,108.68060714285717,0.016854565761904777
2024-10-23 17:20:00+00:00,65818.38,65890.477,65782.951,65890.477,0.0,113.38467857142781,0.016324255523809537
2024-10-23 17:25:00+00:00,65851.7675,65870.4791666665,65811.35,65835.3855,0.01004076,114.15524999999823,0.016802386952380968
2024-10-23 17:30:00+00:00,65804.625,65804.625,65670.4905,65670.4905,0.00221866,115.93964285714173,0.016908037428571443
2024-10-23 17:35:00+00:00,65642.86,65725.2475,65642.86,65643.755,0.0,117.06882142857025,0.016908037428571443
2024-10-23 17:40:00+00:00,65669.71,65760.1,65643.755,65681.2665,0.007050935,110.36378571428524,0.01619323566666668
2024-10-23 17:45:00+00:00,65661.388,65737.635,65661.388,65737.635,0.005182363,109.845714285713,0.016372724047619063
2024-10-23 17:50:00+00:00,65764.0575,65764.0575,65764.0575,65764.0575,0.0,106.26692857142709,0.016372724047619063
2024-10-23 17:55:00+00:00,65735.67,65735.67,65589.933,65635.0295,0.004039825,110.12603571428293,0.01656509666666668
2024-10-23 18:00:00+00:00,65673.359,65673.359,65307.28,65360.22,0.019122325,122.64442857142525,0.017475683571428584
2024-10-23 18:05:00+00:00,65399.2,65523.635,65269.95,65483.9145,0.0001,136.5872857142827,0.01748044547619049
2024-10-23 18:10:00+00:00,65505.1385,65505.1385,65419.4135,65485.0685,0.0,135.3131071428548,0.01748044547619049
2024-10-23 18:15:00+00:00,65443.475,65473.57,65179.8285,65197.965,0.005491858,152.2763214285686,0.01764791490476192
2024-10-23 18:20:00+00:00,65212.69,65488.3,65212.69,65469.0825,0.0,166.9459642857125,0.01764791490476192
2024-10-23 18:25:00+00:00,65486.675,65548.974,65473.876,65548.974,0.001,157.71642857142746,0.017217806571428587
2024-10-23 18:30:00+00:00,65515.305,65682.52,65515.305,65613.805,0.001022387,161.97992857142785,0.017266491666666682
2024-10-23 18:35:00+00:00,65576.139,65610.08,65536.988,65610.08,0.0,161.81492857142803,0.017266491666666682
2024-10-23 18:40:00+00:00,65645.329,65707.3825,65645.329,65707.3825,0.0,156.9868928571424,0.017266491666666682
2024-10-23 18:45:00+00:00,65734.2535,65879.7115,65716.09,65746.2,0.011,163.4112857142853,0.0174510152857143
2024-10-23 18:50:00+00:00,65766.245,65873.0395,65766.245,65806.135,0.0,164.1608928571425,0.0031653010000000158
2024-10-23 18:55:00+00:00,65836.0625,65995.85,65836.0625,65948.4,0.007371972,172.26575000000125,0.0035137599047619207
2024-10-23 19:00:00+00:00,65972.8545,66065.7415,65972.8545,66020.129,0.001,178.7599642857162,0.0035543373809523967
2024-10-23 19:05:00+00:00,66003.35,66003.35,65885.135,65885.135,1.5155e-05,175.96492857143156,0.0035550590476190634
2024-10-23 19:10:00+00:00,65920.272,65920.272,65791.7575,65818.51,0.0,158.99603571428815,0.0030769276190476345
2024-10-23 19:15:00+00:00,65854.165,66033.85,65818.7835,66033.85,0.0,156.25710714286,0.002971277142857159
2024-10-23 19:20:00+00:00,65997.4615,66063.0065,65997.4615,66063.0065,0.0,154.81567857143142,0.002971277142857159
2024-10-23 19:25:00+00:00,66082.385,66271.69,66082.385,66165.65,0.000984906,147.91878571428865,0.0026824186190476345
2024-10-23 19:30:00+00:00,66124.8135,66161.58,66047.5355,66161.58,0.0,135.61732142857363,0.0024356394285714443
2024-10-23 19:35:00+00:00,66193.3,66259.4,66193.3,66228.725,0.01,136.89792857142987,0.0029118299047619207
2024-10-23 19:40:00+00:00,66264.815,66429.4193184025,66264.815,66409.7173184025,0.0,139.28930845732248,0.0027194572857143014
2024-10-23 19:45:00+00:00,66385.3145,66390.4365,66336.595,66383.5905,0.0,139.02540262892995,0.0018088703809523968
2024-10-23 19:50:00+00:00,66418.9968184025,66473.955,66263.099,66346.45,0.025414652,147.13636691464384,0.003014330000000016
2024-10-23 19:55:00+00:00,66370.6,66391.637,66285.85,66391.637,0.005567531,142.38336691464377,0.0032794505238095393
2024-10-23 20:00:00+00:00,66415.8,66428.68,66274.9905,66314.3,2.9814e-05,144.3012240575003,0.0030193531904762058
2024-10-23 20:05:00+00:00,66271.43,66321.54,66269.3195,66269.3195,0.0,134.48018834321348,0.0030193531904762058
2024-10-23 20:15:00+00:00,66293.35,66404.116,66293.35,66404.116,0.0,135.72697405749827,0.0029717341428571586
2024-10-23 20:20:00+00:00,66375.143,66375.143,66341.713,66341.713,0.0,130.54190262892578,0.0029230490476190633
2024-10-23 20:25:00+00:00,66367.4,66367.4,66336.545,66336.545,0.0,123.56622405749762,0.0029230490476190633
2024-10-23 20:30:00+00:00,66363.925,66460.8395,66353.95,66417.192,0.0,117.06297405749709,0.0029230490476190633
2024-10-23 20:35:00+00:00,66440.3385,66477.92,66436.465,66475.825,0.0,116.71890262892599,0.0023992395238095396
2024-10-23 20:40:00+00:00,66492.335,66492.335,66485.25,66490.478,0.0,102.99222405749813,0.0023992395238095396
2024-10-23 20:45:00+00:00,66500.0,66551.65,66500.0,66551.65,0.001,98.92490262892638,0.0020958122857143015
2024-10-23 20:50:00+00:00,66540.189,66540.189,66540.189,66540.189,0.0,92.75640262892661,0.002048193238095254
2024-10-23 20:55:00+00:00,66550.55,66614.4845,66550.55,66563.318,0.00105452,83.72791560017711,0.0020976868095238252
2024-10-23 21:00:00+00:00,66606.01,66617.078,66498.15,66498.15,1.5015e-05,86.99974999999851,0.0020984018095238253
2024-10-23 21:05:00+00:00,66455.79,66485.4795,66431.9075,66431.9075,0.0,76.67021428571232,0.0020984018095238253
2024-10-23 21:10:00+00:00,66460.3835,66543.45,66460.3835,66529.5,0.0,77.08132142856941,0.0020984018095238253
2024-10-23 21:15:00+00:00,66550.78,66550.78,66509.865,66522.528,0.0,69.02599999999802,0.00205150152380954
2024-10-23 21:20:00+00:00,66492.682,66499.31,66454.9415,66499.31,0.0,70.1235714285701,0.00205150152380954
2024-10-23 21:25:00+00:00,66465.0425,66484.95,66441.795,66459.128,0.0,64.60346428571314,0.0015753110476190637
2024-10-23 21:30:00+00:00,66468.895,66474.301,66394.3985,66405.315,0.0,65.85342857142885,0.0015753110476190637
2024-10-23 21:35:00+00:00,66432.187,66436.5525,66398.875,66420.4385,0.0,66.34075000000095,0.0015753110476190637
2024-10-23 21:40:00+00:00,66395.99,66405.535,66359.7615,66364.8325,0.0,61.796642857144306,0.00036508952380953966
2024-10-23 21:45:00+00:00,66368.142,66396.4,66340.4445,66389.055,0.0,61.45575000000099,9.996900000001586e-05
2024-10-23 21:50:00+00:00,66388.2,66401.35,66353.03,66353.03,0.0,63.72789285714368,9.854928571430158e-05
2024-10-23 21:55:00+00:00,66351.553,66370.53,66321.585,66370.53,0.0,62.85453571428661,9.854928571430158e-05
2024-10-23 22:00:00+00:00,66403.66,66485.3635,66368.473,66485.3635,1.5059e-05,70.3852142857161,9.92663809523968e-05
2024-10-23 22:05:00+00:00,66469.173,66516.489,66443.99,66506.2,0.0,70.25689285714387,9.92663809523968e-05
2024-10-23 22:10:00+00:00,66517.225,66517.225,66461.472,66487.871,0.0,65.7443928571447,9.92663809523968e-05
2024-10-23 22:15:00+00:00,66444.765,66444.765,66403.3,66403.3,0.0,67.0535714285735,9.92663809523968e-05
2024-10-23 22:20:00+00:00,66337.2,66372.8,66313.9,66313.9,0.002628472,65.47196428571728,0.00022443171428573015
2024-10-23 22:25:00+00:00,66315.79,66315.79,66305.715,66310.085,0.0,63.269107142860385,0.00022443171428573015
2024-10-23 22:30:00+00:00,66343.975,66343.975,66316.275,66336.4,0.0,60.86221428571714,0.00017681266666668254
2024-10-23 22:35:00+00:00,66372.881,66416.7065,66372.881,66416.7065,0.0,62.4901785714319,0.00017681266666668254
2024-10-23 22:40:00+00:00,66442.135,66500.6,66442.135,66500.6,0.0,62.775250000002934,0.00012659742857144444
2024-10-23 22:45:00+00:00,66488.03,66492.95,66461.555,66492.232,0.0,62.87292857143205,0.00012588242857144443
2024-10-23 22:50:00+00:00,66495.134,66522.5,66495.134,66504.01,0.0,60.700857142859604,0.00012588242857144443
2024-10-23 22:55:00+00:00,66499.8895,66499.8895,66417.65,66429.32,0.0,62.872607142859906,0.00012588242857144443
2024-10-23 23:00:00+00:00,66443.54,66498.6195,66426.95,66482.0,1.505e-05,64.5404285714311,0.0001265990952381111
2024-10-23 23:05:00+00:00,66458.8945,66563.901,66458.8945,66563.901,0.0,68.5448214285747,0.0001265990952381111
2024-10-23 23:10:00+00:00,66606.22,66619.512,66580.2,66586.1,0.0,64.16771428571727,0.0001265990952381111
2024-10-23 23:15:00+00:00,66589.55,66667.9605,66541.2105,66667.9605,0.0,68.04278571428897,0.0001265990952381111
2024-10-23 23:20:00+00:00,66612.75,66658.2,66606.865,66606.865,0.0,68.424392857145,0.0001265990952381111
2024-10-23 23:25:00+00:00,66576.495,66636.66,66566.717,66636.66,0.0,67.37953571428807,0.0001265990952381111
2024-10-23 23:30:00+00:00,66626.345,66668.145,66621.5,66648.53,0.0,64.32560714285917,0.0001265990952381111
2024-10-23 23:35:00+00:00,66635.5235,66715.2715,66597.755,66715.2715,5.0704e-05,72.00000000000207,0.0001290135714285873
2024-10-23 23:40:00+00:00,66736.95,66736.95,66667.355,66667.355,0.0,74.55035714285934,0.0001290135714285873
2024-10-23 23:45:00+00:00,66695.3,66712.745,66695.3,66712.745,0.0,72.05632142857316,0.00012829647619049206
2024-10-23 23:50:00+00:00,66670.295,66693.543,66656.03,66681.8155,0.0,70.11500000000107,0.00012829647619049206
2024-10-23 23:55:00+00:00,66679.6565,66682.9975,66617.595,66617.595,0.0,71.9976785714285,0.00012829647619049206
2024-10-24 00:00:00+00:00,66649.7,66649.7,66565.985,66599.555,1.5003e-05,75.81532142857135,0.00012901090476192062
2024-10-24 00:05:00+00:00,66558.5485,66558.5485,66541.65,66553.5,0.0,73.78282142857122,3.845571428587289e-06
2024-10-24 00:10:00+00:00,66589.6265,66589.6265,66583.3175,66583.3175,0.0,71.24403571428515,3.845571428587289e-06
2024-10-24 00:15:00+00:00,66559.4065,66559.4065,66485.7,66512.5855,0.0,70.71624999999975,3.845571428587289e-06
2024-10-24 00:20:00+00:00,66496.77,66496.77,66452.705,66452.705,0.0,71.02121428571367,3.845571428587289e-06
2024-10-24 00:25:00+00:00,66498.885,66513.665,66473.74,66504.585,0.0,66.32192857142738,3.845571428587289e-06
2024-10-24 00:30:00+00:00,66544.0245,66567.65,66491.0345,66491.0345,0.0,67.4304999999991,3.845571428587289e-06
2024-10-24 00:35:00+00:00,66531.9,66607.2995,66531.9,66607.2995,0.0,70.73921428571339,3.845571428587289e-06
2024-10-24 00:40:00+00:00,66624.6,66690.89,66624.6,66690.89,0.0,73.3781785714278,3.845571428587289e-06
2024-10-24 00:45:00+00:00,66722.5,67116.25,66722.5,67045.607,0.003078209,95.36699999999941,0.00014971028571430158
2024-10-24 00:50:00+00:00,67081.4425,67092.906,67022.6975,67078.7665,0.0,95.41082142857132,0.00014971028571430158
2024-10-24 00:55:00+00:00,67111.7765,67370.3475,67111.7765,67370.3475,0.001,112.99589285714319,0.0001973293333333492
2024-10-24 01:00:00+00:00,67384.7405,67384.7405,67276.0,67322.0275,0.021227402,116.71200000000057,0.0012081580000000158
2024-10-24 01:05:00+00:00,67362.6,67494.9135,67362.6,67449.9,0.000153229,124.38939285714358,0.001215454619047635
2024-10-24 01:10:00+00:00,67419.506,67497.9,67419.506,67482.046,0.0,124.00932142857242,0.001215454619047635
2024-10-24 01:15:00+00:00,67500.0,67533.5965,67359.86,67375.8725,0.001,132.283000000001,0.0012630736666666826
2024-10-24 01:20:00+00:00,67351.1245,67351.1245,67294.682,67343.714,0.0,135.50185714285803,0.0012606591904762063
2024-10-24 01:25:00+00:00,67317.8735,67317.8735,67189.8465,67189.8465,0.0,139.5197142857152,0.0012606591904762063
2024-10-24 01:30:00+00:00,67215.75,67215.75,67113.95,67131.725,0.0,142.51396428571545,0.0012606591904762063
2024-10-24 01:35:00+00:00,67179.2665,67179.2665,67130.014,67135.338,0.0,141.67771428571618,0.0012606591904762063
2024-10-24 01:40:00+00:00,67093.5945,67093.5945,67025.385,67025.385,0.0,144.05896428571683,0.0012606591904762063
2024-10-24 01:45:00+00:00,67073.145,67094.705,67026.041,67026.041,0.0,140.70575000000306,0.0012599447619047776
2024-10-24 01:50:00+00:00,67059.23,67201.595,67059.23,67201.595,0.0,147.27457142857435,0.0012599447619047776
2024-10-24 01:55:00+00:00,67170.365,67208.18,67160.42,67203.595,0.0,120.30314285714537,0.0012599447619047776
2024-10-24 02:00:00+00:00,67229.765,67229.765,67201.515,67201.515,0.0,117.30610714285909,0.0012599447619047776
2024-10-24 02:05:00+00:00,67243.029,67243.029,67124.9,67124.9,0.0,104.91667857143018,0.0012599447619047776
2024-10-24 02:10:00+00:00,67135.484,67200.655,67135.484,67200.655,0.0,102.56057142857337,0.0012599447619047776
2024-10-24 02:15:00+00:00,67207.2625,67251.45,67188.429,67227.6,0.001462583,94.713071428573,0.0013295915714285871
2024-10-24 02:20:00+00:00,67195.8,67309.8425,67195.8,67291.08,1.906e-05,97.25939285714412,0.0013304991904762062
2024-10-24 02:25:00+00:00,67306.6355,67331.935,67306.6355,67331.935,0.0,87.76785714285818,0.0013304991904762062
2024-10-24 02:30:00+00:00,67373.66,67373.66,67307.418,67307.418,0.0,86.70010714285829,0.0011839178095238254
2024-10-24 02:35:00+00:00,67281.4165,67281.4165,67216.875,67216.875,0.0,82.17692857142954,0.0011839178095238254
2024-10-24 02:40:00+00:00,67174.9,67174.9,67174.9,67174.9,0.0,77.90371428571545,0.0011362987619047778
2024-10-24 02:45:00+00:00,67220.2595,67220.2595,67220.2595,67220.2595,0.0,77.62564285714429,0.0001254700952381111
2024-10-24 02:50:00+00:00,67255.29,67302.255,67255.29,67302.255,0.0,75.62867857142972,0.00011817347619049205
2024-10-24 02:55:00+00:00,67356.435,67412.6115,67344.085,67388.275,0.000216606,78.55985714285738,0.00012848804761906346
2024-10-24 03:00:00+00:00,67347.45,67379.0,67336.9,67351.1895,0.010343,69.68992857142855,0.0005733928095238254
2024-10-24 03:05:00+00:00,67365.987,67365.987,67329.232,67329.232,0.0,68.90385714285678,0.0005733928095238253
2024-10-24 03:10:00+00:00,67310.7915,67310.7915,67292.54,67302.2025,0.0,69.5068571428575,0.0005733928095238253
2024-10-24 03:15:00+00:00,67299.05,67299.05,67269.16,67269.16,0.0,63.42925000000001,0.0005733928095238253
2024-10-24 03:20:00+00:00,67298.4,67355.377,67298.4,67320.035,0.0,64.17653571428465,0.0005733928095238253
2024-10-24 03:25:00+00:00,67287.7515,67337.919,67287.7515,67337.919,0.0,63.25842857142769,0.0005733928095238253
2024-10-24 03:30:00+00:00,67324.145,67324.145,67294.645,67294.645,0.00151624,58.203535714284435,0.00064559471428573
2024-10-24 03:35:00+00:00,67255.84,67255.84,67234.2305,67240.1585,0.0,59.60064285714179,0.00064559471428573
2024-10-24 03:40:00+00:00,67252.75,67259.76,67229.278,67259.76,0.0,57.04635714285541,0.00064559471428573
2024-10-24 03:45:00+00:00,67229.534,67258.3,67202.5,67210.865,0.014467199,54.66899999999753,0.0013345089523809682
2024-10-24 03:50:00+00:00,67202.457,67218.55,67202.457,67216.573,0.0,52.8202857142834,0.0013345089523809682
2024-10-24 03:55:00+00:00,67186.15,67186.15,67160.5115,67160.5115,0.0,53.584714285712316,0.0013345089523809682
2024-10-24 04:00:00+00:00,67160.8255,67204.835,67160.8255,67204.835,0.0,50.893857142855786,0.0012648621428571587
2024-10-24 04:05:00+00:00,67233.7,67269.325,67210.1135,67269.325,0.0,47.61767857142695,0.0012639545238095397
2024-10-24 04:10:00+00:00,67269.3855,67285.478,67202.05,67202.05,0.0,49.90717857142694,0.0012639545238095397
2024-10-24 04:15:00+00:00,67175.0775,67207.2935,67175.0775,67186.635,0.0,49.58296428571339,0.0012639545238095397
2024-10-24 04:20:00+00:00,67164.49,67277.905,67164.49,67223.671,0.0,55.0631785714265,0.0012639545238095397
2024-10-24 04:25:00+00:00,67245.8,67283.571,67245.8,67261.8255,0.0,56.98157142856923,0.0012639545238095397
2024-10-24 04:30:00+00:00,67270.83,67270.83,67227.47,67227.47,0.0,53.92035714285573,0.0012639545238095397
2024-10-24 04:35:00+00:00,67206.0,67260.4775,67206.0,67260.4775,0.0,54.2282142857127,0.0012639545238095397
2024-10-24 04:40:00+00:00,67233.6925,67271.55,67227.1795,67250.15,0.0,54.30653571428515,0.0012536399523809683
2024-10-24 04:45:00+00:00,67229.4555,67319.42,67219.349,67283.7335,0.0,57.1391428571421,0.0007611161428571587
2024-10-24 04:50:00+00:00,67333.0,67333.1635,67318.878,67329.6005,0.0,58.492571428570955,0.0007611161428571587
2024-10-24 04:55:00+00:00,67338.04,67357.37,67308.775,67308.775,0.0,57.87364285714284,0.0007611161428571587
2024-10-24 05:05:00+00:00,67323.607,67356.475,67323.607,67356.475,0.0,60.13128571428596,0.0007611161428571587
2024-10-24 05:10:00+00:00,67391.63,67403.355,67372.971,67403.355,0.0,59.47546428571305,0.0007611161428571587
2024-10-24 05:15:00+00:00,67371.9135,67375.775,67371.9135,67375.775,0.0,58.555321428569314,0.0007611161428571587
2024-10-24 05:20:00+00:00,67391.01,67401.5,67341.5435,67341.5435,0.0,58.23149999999857,0.0006889142380952539
2024-10-24 05:25:00+00:00,67352.162,67401.0,67313.918,67318.02,0.0,58.49249999999821,0.0006889142380952539
2024-10-24 05:30:00+00:00,67296.9,67320.441,67296.9,67320.441,0.0,57.87285714285618,0.0006889142380952539
2024-10-24 05:35:00+00:00,67351.46,67351.46,67346.8995,67346.8995,0.0,51.98742857142809,0.0
2024-10-24 05:40:00+00:00,67363.63,67363.63,67363.63,67363.63,0.0,48.903892857143155,0.0
2024-10-24 05:45:00+00:00,67360.89,67360.89,67294.7525,67294.7525,0.0,50.72657142857185,0.0
2024-10-24 05:55:00+00:00,67294.506,67294.506,67294.506,67294.506,0.0,46.85292857143005,0.0
2024-10-24 06:00:00+00:00,67322.55,67350.65,67322.55,67350.65,0.0,47.69389285714403,0.0
2024-10-24 06:05:00+00:00,67391.569,67391.569,67350.2815,67350.2815,0.0,43.49507142857328,0.0
2024-10-24 06:10:00+00:00,67378.65,67378.65,67378.65,67378.65,0.0,41.9906785714307,0.0
2024-10-24 06:15:00+00:00,67360.0095,67360.34,67357.827,67360.34,0.0,40.006964285715576,0.0
2024-10-24 06:20:00+00:00,67397.1345,67397.1345,67347.8,67382.6415,0.0,40.12371428571454,0.0
2024-10-24 06:25:00+00:00,67352.83,67352.83,67352.83,67352.83,0.0,38.9045357142864,0.0
2024-10-24 06:30:00+00:00,67324.773,67338.51,67308.318,67338.51,0.0,39.838142857143666,0.0
2024-10-24 06:35:00+00:00,67375.125,67375.125,67335.2675,67335.2675,0.0,38.402500000000664,0.0
2024-10-24 06:40:00+00:00,67364.0475,67376.785,67323.605,67323.605,0.0,35.98092857143014,0.0
2024-10-24 06:45:00+00:00,67288.815,67288.815,67172.03,67172.03,0.0,45.126214285714795,0.0
2024-10-24 06:50:00+00:00,67131.28,67131.28,67119.29,67119.29,0.0,46.67771428571515,0.0
2024-10-24 06:55:00+00:00,67084.5,67124.1625,67045.7945,67045.7945,0.0,51.080392857143515,0.0
2024-10-24 07:00:00+00:00,67090.9025,67090.9025,67055.3535,67055.3535,0.0,49.38257142857141,0.0
2024-10-24 07:05:00+00:00,67095.43,67172.633,67092.12,67092.12,0.0,57.742071428571116,0.0
2024-10-24 07:10:00+00:00,67109.547,67146.7175,67109.547,67146.7175,0.0,57.63160714285706,0.0
2024-10-24 07:15:00+00:00,67187.417,67217.847,67187.417,67217.847,0.0,59.76317857142775,0.0
2024-10-24 07:20:00+00:00,67224.421,67237.2,67196.333,67196.333,0.0,60.65592857142786,0.0
2024-10-24 07:25:00+00:00,67161.4785,67199.9,67091.705,67199.9,0.0,66.89678571428522,0.0
2024-10-24 07:30:00+00:00,67226.35,67243.6185,67209.87,67243.6185,0.0,66.49564285714276,0.0
2024-10-24 07:35:00+00:00,67205.1,67209.955,67162.3385,67174.6065,0.0,70.17196428571437,0.0
2024-10-24 07:40:00+00:00,67159.61,67166.25,67115.94,67115.94,0.0,71.18299999999934,0.0
2024-10-24 07:45:00+00:00,67119.2,67119.2,67079.61,67079.61,0.0,71.16389285714207,0.0
2024-10-24 07:50:00+00:00,67085.7415,67100.936,67017.719,67017.719,0.0,73.30939285714183,0.0
2024-10-24 07:55:00+00:00,67050.5115,67051.1675,67012.31,67043.129,0.0,65.25814285714192,0.0
2024-10-24 08:00:00+00:00,67010.4105,67080.25,67010.4105,67080.25,0.0,66.47953571428454,0.0
2024-10-24 08:05:00+00:00,67086.16,67120.665,67086.16,67120.665,0.0,63.768607142855345,0.0
2024-10-24 08:10:00+00:00,67135.16,67177.61,67131.2,67136.1,0.0,64.61410714285635,0.0
2024-10-24 08:15:00+00:00,67164.8785,67164.8785,67104.933,67104.933,0.0,60.518821428570455,0.0
2024-10-24 08:20:00+00:00,67065.275,67096.7315,67065.275,67096.7315,0.0,59.451714285713805,0.0
2024-10-24 08:25:00+00:00,67075.03,67075.03,67075.03,67075.03,0.0,55.921142857142385,0.0
2024-10-24 08:30:00+00:00,67107.428,67148.4255,67107.428,67119.706,0.0,58.244607142856694,0.0
2024-10-24 08:35:00+00:00,67076.8995,67076.8995,67052.6575,67052.6575,0.0,55.30557142857184,0.0
2024-10-24 08:40:00+00:00,67013.615,67018.241,66997.8025,66997.8025,0.0,56.101035714285636,0.0
2024-10-24 08:45:00+00:00,66940.0,66940.0,66876.1775,66930.757,0.0,58.982821428571434,0.0
2024-10-24 08:50:00+00:00,66912.8,66912.8,66845.5585,66845.5585,0.0,60.87796428571476,0.0
2024-10-24 08:55:00+00:00,66806.85,66869.95,66797.29,66797.29,0.0,63.240107142858115,0.0
2024-10-24 09:00:00+00:00,66849.53,66871.0,66705.35,66713.2395,1.4954e-05,69.12817857142883,7.120952381110158e-07
2024-10-24 09:05:00+00:00,66684.61,66847.9,66684.61,66814.186,0.0,78.01621428571421,7.120952381110158e-07
2024-10-24 09:10:00+00:00,66789.6915,66853.3,66789.6915,66839.605,0.0,77.5711428571428,7.120952381110158e-07
2024-10-24 09:15:00+00:00,66857.544,66914.56,66839.3845,66914.56,0.0,80.05403571428594,7.120952381110158e-07
2024-10-24 09:20:00+00:00,66868.35,66880.9,66808.47,66863.2445,0.000683795,83.56439285714234,3.327376190477768e-05
2024-10-24 09:25:00+00:00,66880.4775,66913.607,66878.075,66908.682,0.0,82.87989285714242,3.327376190477768e-05
2024-10-24 09:30:00+00:00,66881.755,66936.174,66866.845,66866.845,0.0,84.99924999999868,3.327376190477768e-05
2024-10-24 09:35:00+00:00,66851.4,66851.4,66851.4,66851.4,0.0,84.55235714285664,3.327376190477768e-05
2024-10-24 09:40:00+00:00,66831.573,66831.573,66798.248,66798.248,0.0,83.10639285714153,3.327376190477768e-05
2024-10-24 09:45:00+00:00,66762.85,66763.8115,66716.9095,66763.8115,0.0,84.1271071428564,3.327376190477768e-05
2024-10-24 09:50:00+00:00,66783.9635,66783.9635,66713.6,66754.774,0.0,85.23485714285614,3.327376190477768e-05
2024-10-24 09:55:00+00:00,66777.09,66820.8765,66777.09,66820.8765,0.0,81.26896428571283,3.327376190477768e-05
2024-10-24 10:00:00+00:00,66852.39,66860.7965,66809.864,66860.7965,1.4958e-05,78.82139285714116,3.398604761906339e-05
2024-10-24 10:05:00+00:00,66861.5735,66920.611,66860.2935,66860.2935,0.0001,77.9397857142841,3.8747952380968156e-05
2024-10-24 10:10:00+00:00,66830.9235,66857.04,66798.945,66857.04,0.0,70.48967857142686,3.8747952380968156e-05
2024-10-24 10:15:00+00:00,66865.231,66884.7,66860.373,66879.194,0.145484666,60.80182142857042,0.0069665891904762065
2024-10-24 10:20:00+00:00,66884.04,66903.1645,66858.099,66871.8,0.0,59.47732142857006,0.0069665891904762065
2024-10-24 10:25:00+00:00,66858.4485,66955.3115,66858.4485,66955.3115,0.0,61.026428571427196,0.0069665891904762065
2024-10-24 10:30:00+00:00,67006.3,67040.64,67006.3,67040.64,0.0,59.5434642857134,0.0069665891904762065
2024-10-24 10:35:00+00:00,67012.345,67012.345,66963.3385,66974.2005,0.0,61.46767857142758,0.0069665891904762065
2024-10-24 10:40:00+00:00,66948.6745,66960.36,66909.581,66921.8615,0.002179735,61.131285714284914,0.007070386095238111
2024-10-24 10:45:00+00:00,66939.6365,66956.6155,66885.684,66885.684,0.000588551,65.09460714285628,0.007097700238095255
2024-10-24 10:50:00+00:00,66919.9775,66956.5445,66884.355,66884.355,0.0,66.45442857142916,0.007097700238095255
2024-10-24 10:55:00+00:00,66909.97,66926.43,66850.62,66926.43,0.000775671,66.05953571428525,0.007134636952380967
2024-10-24 11:00:00+00:00,66949.29,66984.274,66919.9,66947.5095,1.4936e-05,65.63171428571513,0.0071353481904762065
2024-10-24 11:05:00+00:00,66955.375,66990.385,66955.375,66990.385,0.0,63.97264285714378,0.007102786523809541
2024-10-24 11:10:00+00:00,66978.6005,66978.6005,66917.345,66928.3,0.0,65.5517500000008,0.007102786523809541
2024-10-24 11:15:00+00:00,66952.8,67013.1015,66952.8,67013.1015,0.0,67.30060714285771,0.007102786523809541
2024-10-24 11:20:00+00:00,67045.714,67045.714,67034.0695,67039.4895,0.0,65.248035714287,0.007102786523809541
2024-10-24 11:25:00+00:00,67044.73,67090.1,67044.73,67090.1,0.0,66.88735714285887,0.007102786523809541
2024-10-24 11:30:00+00:00,67119.203,67236.7205,67098.7,67236.7205,0.0,74.14128571428695,0.007102786523809541
2024-10-24 11:35:00+00:00,67198.497,67198.497,67171.51,67171.51,0.0,71.88039285714434,0.007102786523809541
2024-10-24 11:40:00+00:00,67148.365,67210.2925,67148.365,67210.2925,0.0,70.20889285714345,0.007102786523809541
2024-10-24 11:50:00+00:00,67242.0225,67242.0225,67242.0225,67242.0225,0.0,66.95378571428695,0.007102074238095254
2024-10-24 11:55:00+00:00,67218.1845,67218.1845,67171.423,67198.768,0.0,67.38092857143056,0.00709731233333335
2024-10-24 12:00:00+00:00,67245.95,67316.29,67204.5005,67316.29,0.0,70.70882142857279,0.00709731233333335
2024-10-24 12:05:00+00:00,67343.9995,67429.8505,67289.93,67289.93,0.0,75.54675000000134,0.0001694710952381111
2024-10-24 12:10:00+00:00,67278.4695,67291.6915,67271.6325,67271.6325,0.0,71.56453571428678,0.0001694710952381111
2024-10-24 12:15:00+00:00,67311.9,67362.2565,67306.8035,67362.2565,0.0,73.43953571428574,0.0001694710952381111
2024-10-24 12:20:00+00:00,67397.99,67397.99,67303.0495,67303.0495,0.0,77.15846428571551,0.0001694710952381111
2024-10-24 12:25:00+00:00,67336.18,67340.15,67274.672,67274.672,0.0,76.61832142857227,0.0001694710952381111
2024-10-24 12:30:00+00:00,67259.185,67291.62,67215.65,67215.65,0.014460035,75.98750000000084,0.0007542472857143016
2024-10-24 12:35:00+00:00,67248.05,67307.864,67248.05,67281.215,0.0,80.24475000000113,0.0007262210476190635
2024-10-24 12:40:00+00:00,67323.8975,67323.8975,67312.1,67312.1,0.0,79.67846428571544,0.0007262210476190635
2024-10-24 12:45:00+00:00,67347.0285,67397.975,67347.0285,67354.0,0.0,75.33950000000186,0.0006892843333333492
2024-10-24 12:50:00+00:00,67382.325,67539.4,67382.325,67539.4,0.0,83.92446428571566,0.0006885730952381111
2024-10-24 12:55:00+00:00,67502.505,67502.505,67428.0,67475.36,0.0,87.45821428571591,0.0006885730952381111
2024-10-24 13:00:00+00:00,67517.66,67539.031,67422.707,67422.707,0.0,93.50064285714429,0.0006885730952381111
2024-10-24 13:05:00+00:00,67439.7,67439.7,67425.67,67425.67,0.0,89.67160714285794,0.0006885730952381111
2024-10-24 13:10:00+00:00,67432.64,67626.813,67415.934,67567.7,0.001078955,96.33996428571534,0.0007399519047619205
2024-10-24 13:15:00+00:00,67600.6515,67600.6515,67530.8715,67559.4025,0.0,91.32992857143005,0.0007399519047619205
2024-10-24 13:20:00+00:00,67586.165,67669.49,67552.2665,67619.25,0.0,98.27025000000243,0.0007399519047619205
2024-10-24 13:25:00+00:00,67652.055,67687.51,67550.475,67550.475,0.0,101.58532142857335,0.0007399519047619205
2024-10-24 13:30:00+00:00,67578.873,67659.5925,67460.157,67659.5925,0.0,109.04925000000055,0.0007399519047619205
2024-10-24 13:35:00+00:00,67701.64,67730.6,67600.59,67703.478,0.00323357,113.65867857143063,0.0008939314285714444
2024-10-24 13:40:00+00:00,67720.7155,67851.031,67720.7155,67790.815,0.003459049,118.77175000000196,0.0010586480476190633
2024-10-24 13:45:00+00:00,67762.5,67762.5,67615.3,67718.14,0.0,124.72182142857284,0.0010586480476190633
2024-10-24 13:50:00+00:00,67759.932,67844.511,67633.545,67844.511,0.0,136.74207142857216,0.0010586480476190633
2024-10-24 13:55:00+00:00,67873.91,67928.355,67857.895,67857.895,0.0,136.59700000000052,0.0010586480476190633
2024-10-24 14:00:00+00:00,67898.716,67898.716,67705.9305,67777.25,0.0,137.12453571428654,0.0010586480476190633
2024-10-24 14:05:00+00:00,67760.95,67760.95,67614.147,67639.841,0.000758958,140.81760714285858,0.0010947889047619205
2024-10-24 14:10:00+00:00,67590.95,67739.3795,67590.95,67654.125,0.0,143.1108571428579,0.0010947889047619205
2024-10-24 14:15:00+00:00,67696.435,67734.5155,67507.1815,67507.1815,0.003359886,158.13521428571403,0.0005662103809523968
2024-10-24 14:20:00+00:00,67475.58,67622.55,67475.58,67622.55,0.0,153.5702857142855,0.0005662103809523968
2024-10-24 14:25:00+00:00,67656.2,67757.1,67511.98,67511.98,0.0,166.09457142857096,0.0005662103809523968
2024-10-24 14:30:00+00:00,67555.471,67637.14,67517.545,67637.14,0.000727454,166.66146428571352,0.0006008510476190635
2024-10-24 14:35:00+00:00,67601.606,67928.035,67601.606,67928.035,0.0,180.18960714285745,0.0006008510476190635
2024-10-24 14:40:00+00:00,67881.918,67917.925,67820.42,67820.42,0.0,173.63100000000122,0.0006008510476190635
2024-10-24 14:45:00+00:00,67785.931,67877.455,67709.1,67811.837,0.0,176.36992857142883,0.0006008510476190635
2024-10-24 14:50:00+00:00,67783.746,67783.746,67593.23,67604.037,0.0,181.44521428571483,0.0006008510476190635
2024-10-24 14:55:00+00:00,67657.09,67736.8305,67610.997,67736.8305,0.0,178.39367857142912,0.000549472238095254
2024-10-24 15:00:00+00:00,67692.6445,67770.192,67614.6,67624.1115,0.004284607,174.43839285714265,0.0007535011428571587
2024-10-24 15:05:00+00:00,67591.1,67719.818,67550.595,67687.1815,0.000143878,180.5368928571427,0.0007603524761904919
2024-10-24 15:10:00+00:00,67719.8785,67874.8415,67713.6805,67874.8415,0.0,180.1707857142849,0.0007603524761904919
2024-10-24 15:15:00+00:00,67860.52,67860.52,67798.6285,67799.675,0.0,173.96435714285533,0.0007603524761904919
2024-10-24 15:20:00+00:00,67758.295,67808.167,67665.5925,67665.5925,0.0,173.54614285714135,0.0006063729523809682
2024-10-24 15:25:00+00:00,67687.828,67687.828,67658.4535,67658.4535,0.0,159.40617857142726,0.0004416563333333492
2024-10-24 15:30:00+00:00,67627.97,67729.0235,67627.97,67691.052,0.0,156.12642857142677,0.0004416563333333492
2024-10-24 15:35:00+00:00,67733.41,67772.35,67733.41,67772.35,0.0,144.42485714285536,0.0004416563333333492
2024-10-24 15:40:00+00:00,67735.98,67902.849,67735.98,67837.795,0.0,147.4040714285698,0.0004416563333333492
2024-10-24 15:45:00+00:00,67802.19,67837.795,67640.6605,67662.002,0.000748125,138.16874999999814,0.00047728133333334923
2024-10-24 15:50:00+00:00,67709.24,67716.795,67575.915,67644.746,0.0,140.54482142856952,0.00044114047619049206
2024-10-24 15:55:00+00:00,67591.62,67716.798,67591.62,67629.6,0.0,137.46074999999837,0.00044114047619049206
2024-10-24 16:00:00+00:00,67666.828,67712.922,67639.4505,67661.55,0.001797271,127.79753571428384,0.00036673023809525397
2024-10-24 16:05:00+00:00,67629.86,67629.86,67480.585,67550.564,0.0,131.23835714285502,0.00036673023809525397
2024-10-24 16:10:00+00:00,67513.482,67513.482,67364.42,67364.42,0.0,133.4206428571415,0.00036673023809525397
2024-10-24 16:15:00+00:00,67299.395,67384.6815,67299.395,67384.6815,0.0,127.4251785714275,0.0003320895714285873
2024-10-24 16:20:00+00:00,67427.78,67486.367,67405.76,67483.545,0.0,121.28414285714202,0.0003320895714285873
2024-10-24 16:25:00+00:00,67529.035,67630.8,67519.45,67623.2085,0.0124496,126.35857142857172,0.0009249276666666824
2024-10-24 16:30:00+00:00,67662.217,67756.2,67623.2085,67705.365,0.0048965,125.6740714285718,0.0011580943333333493
2024-10-24 16:35:00+00:00,67664.13,67705.365,67626.435,67626.435,0.00069825,129.21375000000157,0.0011913443333333492
2024-10-24 16:40:00+00:00,67613.805,67613.805,67558.265,67558.265,0.0,126.86492857143041,0.0011913443333333492
2024-10-24 16:45:00+00:00,67529.91,67642.51,67529.91,67642.51,0.0,129.10078571428625,0.0009873154285714445
2024-10-24 16:50:00+00:00,67618.2,67642.51,67602.19,67602.19,0.001810887,120.06157142857099,0.0010666968095238256
2024-10-24 16:55:00+00:00,67574.9225,67574.9225,67547.063,67547.063,0.0,109.91817857142867,0.0010666968095238256
2024-10-24 17:00:00+00:00,67498.65,67498.65,67420.1075,67476.68,0.0,108.92357142857092,0.0010666968095238256
2024-10-24 17:05:00+00:00,67502.9905,67502.9905,67483.478,67495.0345,0.0,101.86160714285714,0.0010666968095238256
2024-10-24 17:10:00+00:00,67535.215,67561.045,67534.955,67534.955,0.0,100.6250714285717,0.0010666968095238256
2024-10-24 17:15:00+00:00,67500.9,67532.4545,67470.05,67532.4545,0.0,92.33507142857187,0.0010666968095238256
2024-10-24 17:20:00+00:00,67566.6785,67566.6785,67544.0,67561.485,0.0,81.48364285714239,0.0010666968095238256
2024-10-24 17:25:00+00:00,67604.649,67604.649,67534.85,67566.35,0.0,80.37739285714217,0.0010666968095238256
2024-10-24 17:30:00+00:00,67534.529,67594.55,67534.529,67594.55,0.0,77.40135714285758,0.0010310718095238255
2024-10-24 17:35:00+00:00,67632.625,67707.549,67632.625,67707.549,0.0,74.95449999999983,0.0010310718095238255
2024-10-24 17:40:00+00:00,67743.9,67768.065,67702.387,67720.45,0.00723758,70.1463928571424,0.0013757184761904922
2024-10-24 17:45:00+00:00,67745.45,67805.568,67683.175,67683.175,0.0,73.25089285714161,0.0012901341428571587
2024-10-24 17:50:00+00:00,67740.0915,67740.0915,67734.03,67734.03,0.0,72.44707142856974,0.0012901341428571587
2024-10-24 17:55:00+00:00,67685.2215,67685.2215,67598.4805,67598.4805,0.0,74.08632142856992,0.0012901341428571587
2024-10-24 18:00:00+00:00,67627.18,67667.4465,67603.917,67662.5675,1.66e-05,76.13246428571334,0.001290924619047635
2024-10-24 18:05:00+00:00,67642.7,67749.0375,67642.7,67725.105,1.627e-05,79.79035714285627,0.0012916993809523967
2024-10-24 18:10:00+00:00,67757.894,67862.8,67757.894,67833.278,0.0007,80.55746428571418,0.000732194619047635
2024-10-24 18:15:00+00:00,67807.1,67841.695,67807.1,67841.695,0.00069825,81.14921428571377,0.0005322779523809683
2024-10-24 18:20:00+00:00,67867.68,67890.0525,67841.695,67890.0525,0.00139825,79.88828571428478,0.0005656112857143017
2024-10-24 18:25:00+00:00,67879.6,67884.453,67800.4345,67800.4345,0.0,81.65349999999931,0.0005656112857143017
2024-10-24 18:30:00+00:00,67844.644,67889.9,67762.635,67766.057,0.00139825,88.29928571428589,0.000632194619047635
2024-10-24 18:35:00+00:00,67798.6,67819.15,67736.6405,67736.6405,0.0,89.20717857142881,0.0005459619047619207
2024-10-24 18:40:00+00:00,67708.8915,67722.6,67670.8565,67674.8665,0.0,89.61882142857108,0.0005459619047619207
2024-10-24 18:45:00+00:00,67669.201,67669.201,67669.201,67669.201,0.0,81.95214285714299,0.0005459619047619207
2024-10-24 18:50:00+00:00,67690.5095,67822.615,67690.5095,67797.511,0.0,88.21900000000043,0.0005459619047619207
2024-10-24 18:55:00+00:00,67750.985,67775.1,67687.975,67759.72,0.0,87.30064285714305,0.0005459619047619207
2024-10-24 19:00:00+00:00,67736.148,67736.148,67690.471,67704.42,0.0,88.18153571428618,0.0005459619047619207
2024-10-24 19:05:00+00:00,67707.9585,67776.2,67700.6105,67760.545,0.0,83.89867857142963,0.0005459619047619207
2024-10-24 19:10:00+00:00,67762.706,67765.85,67754.378,67762.365,0.0,79.79196428571595,0.0005459619047619207
2024-10-24 19:15:00+00:00,67788.8965,67901.496,67788.8965,67856.4315,0.0007,82.13435714285775,0.0005792952380952541
2024-10-24 19:20:00+00:00,67891.363,67911.165,67856.4315,67911.165,0.002597012,76.20853571428493,0.0007029624761904921
2024-10-24 19:25:00+00:00,67907.627,68068.4,67903.975,68062.325,0.001,85.48210714285544,0.00040593485714287306
2024-10-24 19:30:00+00:00,68093.0,68110.487,68000.8,68080.534,0.01074829,89.86278571428349,0.0009177581904762064
2024-10-24 19:35:00+00:00,68111.768,68187.3195,68080.534,68163.045,0.0007,91.0890357142832,0.0009510915238095397
2024-10-24 19:40:00+00:00,68117.735,68208.6,68117.735,68192.035,7.9628e-05,88.48903571428362,0.0009548833333333493
2024-10-24 19:45:00+00:00,68165.67,68236.2445,68165.67,68220.75,0.007208876,87.63653571428378,0.0012973726666666828
2024-10-24 19:50:00+00:00,68239.7105,68272.51,68145.77,68227.1745,0.038547243,91.99053571428314,0.0031321809047619204
2024-10-24 19:55:00+00:00,68251.145,68259.5,68160.66,68259.5,0.000840096,98.64585714285411,0.0031388521428571594
2024-10-24 20:00:00+00:00,68294.4,68330.3,68127.3,68157.485,0.076359803,102.18771428571095,0.006741783238095254
2024-10-24 20:05:00+00:00,68113.44,68175.655,68113.44,68175.655,0.0007,98.80764285713978,0.0067085332380952545
2024-10-24 20:10:00+00:00,68128.5535,68174.0225,68128.5535,68174.0225,0.0,97.22567857142609,0.0067085332380952545
2024-10-24 20:15:00+00:00,68124.212,68246.2,68113.295,68139.8695,0.0020965,101.31964285714015,0.006741783238095254
2024-10-24 20:20:00+00:00,68181.9,68220.2,68164.85,68182.013,0.00071316,106.23810714285355,0.006775743238095254
2024-10-24 20:25:00+00:00,68132.6825,68156.812,68109.45,68109.5015,0.000285529,101.4832499999975,0.0067893398571428724
2024-10-24 20:30:00+00:00,68112.533,68112.533,68070.25,68070.25,0.0,100.59392857142666,0.0067893398571428724
2024-10-24 20:35:00+00:00,68029.4915,68039.1185,68008.7835,68021.705,0.0,93.23974999999857,0.0067893398571428724
2024-10-24 20:40:00+00:00,68009.05,68133.6,67965.31,68133.6,0.0,97.42567857142838,0.0067893398571428724
2024-10-24 20:45:00+00:00,68135.6,68201.8845,68135.6,68194.55,0.0,94.67560714285666,0.0067893398571428724
2024-10-24 20:50:00+00:00,68186.14,68186.14,68186.14,68186.14,0.0,88.78596428571369,0.0067893398571428724
2024-10-24 20:55:00+00:00,68152.978,68152.978,68152.978,68152.978,0.0,86.11364285714184,0.0067893398571428724
2024-10-24 21:00:00+00:00,68188.65,68245.244,68188.65,68206.229,0.0,83.65121428571418,0.00675600652380954
2024-10-24 21:05:00+00:00,68225.63,68384.49,68200.341,68384.49,0.142620773,89.74471428571476,0.013423804666666685
2024-10-24 21:10:00+00:00,68411.165,68484.8565,68411.165,68476.1,0.000154658,82.41374999999971,0.013383550285714302
2024-10-24 21:15:00+00:00,68494.1,68581.305,68494.1,68581.305,0.001,85.48446428571333,0.012919346000000017
2024-10-24 21:20:00+00:00,68597.755,68813.595,68597.755,68656.7495,0.002215836,98.7122142857136,0.01299152866666668
2024-10-24 21:25:00+00:00,68605.795,68660.87,68476.85,68544.4745,0.0,102.36328571428437,0.01298773685714287
2024-10-24 21:30:00+00:00,68519.74,68613.0,68455.465,68487.9505,0.0,107.87789285714202,0.012644457047619063
2024-10-24 21:35:00+00:00,68516.858,68516.858,68390.02,68390.02,0.0,111.75467857142628,0.010808874047619063
2024-10-24 21:40:00+00:00,68400.53,68443.312,68367.4045,68400.07,0.014520042,114.15642857142666,0.011460300047619065
2024-10-24 21:45:00+00:00,68371.641,68396.4855,68303.45,68336.305,2.716e-05,116.667392857142,0.007825412285714303
2024-10-24 21:50:00+00:00,68309.953,68334.031,68290.725,68290.725,0.0,107.90239285714051,0.007792078952380969
2024-10-24 22:00:00+00:00,68333.555,68497.495,68333.555,68398.3335,0.0,117.7942142857116,0.007792078952380969
2024-10-24 22:05:00+00:00,68416.196,68493.478,68416.196,68484.2865,0.0,123.98953571428345,0.0076922456190476355
2024-10-24 22:10:00+00:00,68460.199,68460.199,68417.236,68456.4555,0.0,126.41014285714066,0.007658285619047635
2024-10-24 22:15:00+00:00,68502.74,68502.74,68411.45,68411.45,0.0,126.34042857142673,0.007644689000000017
2024-10-24 22:20:00+00:00,68427.3,68427.3,68315.1545,68315.1545,0.0,121.19732142856914,0.007644689000000017
2024-10-24 22:25:00+00:00,68330.5,68350.65,68330.5,68348.55,0.0,116.56367857142634,0.007644689000000017
2024-10-24 22:30:00+00:00,68311.965,68311.965,68241.86,68241.86,0.0,116.66974999999886,0.007644689000000017
2024-10-24 22:35:00+00:00,68276.55,68299.478,68207.937,68207.937,0.0,106.61624999999809,0.007644689000000017
2024-10-24 22:40:00+00:00,68191.1,68191.1,68191.1,68191.1,0.0,94.67460714285595,0.007644689000000017
2024-10-24 22:45:00+00:00,68226.485,68226.485,68226.485,68226.485,0.0,85.94960714285533,0.007644689000000017
2024-10-24 22:50:00+00:00,68183.155,68203.945,68138.8,68138.8,0.0,83.1529642857131,0.007644689000000017
2024-10-24 22:55:00+00:00,68166.9635,68166.9635,68158.4725,68158.4725,0.0,79.74267857142695,0.0008532236190476349
2024-10-24 23:00:00+00:00,68129.73,68155.01,68117.8,68145.4735,0.0007,75.74642857142628,0.0008791922857143016
2024-10-24 23:05:00+00:00,68158.1725,68204.0165,68148.96,68154.402,0.00069825,76.67235714285614,0.000864823238095254
2024-10-24 23:10:00+00:00,68117.66,68127.625,68116.0,68116.0,0.0,64.6460714285713,0.0007593072380952539
2024-10-24 23:15:00+00:00,68142.6,68185.787,68116.0,68185.787,0.00719368,62.834821428570386,0.0011018634285714444
2024-10-24 23:20:00+00:00,68227.3305,68227.3305,68204.801,68204.801,0.0,61.01289285714198,0.0011018634285714444
2024-10-24 23:25:00+00:00,68195.05,68199.705,68098.708,68098.708,0.0,62.07024999999911,0.0011018634285714444
2024-10-24 23:30:00+00:00,68050.9,68050.9,68014.86,68046.959,0.0,60.04899999999907,0.00041043285714287297
2024-10-24 23:35:00+00:00,68091.295,68102.42,68091.295,68098.2995,0.0,61.47510714285662,0.00040913952380953973
2024-10-24 23:40:00+00:00,68066.4,68125.2455,68066.4,68118.784,0.000726676,58.05764285714291,0.00044374314285715874
2024-10-24 23:45:00+00:00,68135.8095,68135.8095,68135.8095,68135.8095,0.0,52.735107142857615,0.00044374314285715874
2024-10-24 23:50:00+00:00,68156.027,68184.14,68156.027,68184.14,0.0,54.98464285714311,0.00044374314285715874
2024-10-25 00:00:00+00:00,68210.745,68220.115,68195.1975,68195.1975,0.0,55.02678571428675,0.00044374314285715874
2024-10-25 00:05:00+00:00,68162.7025,68162.7025,68111.575,68111.575,0.0,54.73660714285818,0.00044374314285715874
2024-10-25 00:10:00+00:00,68111.735,68147.835,68110.854,68137.63,0.0,55.36642857142994,0.00044374314285715874
2024-10-25 00:15:00+00:00,68166.95,68239.615,68166.95,68193.3905,0.0,59.74589285714423,0.00044374314285715874
2024-10-25 00:20:00+00:00,68181.11,68181.11,68126.0,68162.185,0.0,60.37785714285773,0.00044374314285715874
2024-10-25 00:25:00+00:00,68138.2015,68138.2015,68092.41,68104.584,0.0,62.61878571428575,0.00044374314285715874
2024-10-25 00:30:00+00:00,68113.25,68113.25,67966.336,67966.336,0.0,68.12785714285772,0.00044374314285715874
2024-10-25 00:35:00+00:00,67992.95,68014.194,67981.26,67981.26,0.0,68.57889285714398,0.00044374314285715874
2024-10-25 00:40:00+00:00,67943.365,67980.85,67943.365,67980.85,0.0,63.70760714285695,0.00044374314285715874
2024-10-25 00:45:00+00:00,67943.7145,67988.05,67943.7145,67980.384,0.0,60.88528571428573,0.00044374314285715874
2024-10-25 00:50:00+00:00,67949.081,67949.081,67874.12,67933.2735,1.881e-05,64.51407142857248,0.0004113055238095397
2024-10-25 00:55:00+00:00,67960.77,67971.445,67960.77,67971.445,0.0,63.037357142858255,0.00037805552380953966
2024-10-25 01:00:00+00:00,67934.82,67934.82,67917.547,67917.547,0.0,65.67110714285809,0.00037805552380953966
2024-10-25 01:05:00+00:00,67887.29,67913.79,67860.88,67867.909,0.0,66.26657142857273,3.549933333334919e-05
2024-10-25 01:10:00+00:00,67828.49,67855.6095,67828.49,67848.1695,0.0,66.51257142857192,3.549933333334919e-05
2024-10-25 01:15:00+00:00,67878.08,67882.7015,67878.08,67882.7015,0.0,63.00610714285722,3.549933333334919e-05
2024-10-25 01:20:00+00:00,67889.9955,67893.6,67866.305,67866.305,0.0,62.314250000001,3.549933333334919e-05
2024-10-25 01:25:00+00:00,67883.1875,67980.9615,67883.1875,67980.9615,0.0,63.219357142858954,3.549933333334919e-05
2024-10-25 01:30:00+00:00,67937.885,67937.885,67844.6395,67890.4,0.0,68.14303571428796,8.957142857301461e-07
2024-10-25 01:35:00+00:00,67910.1195,67910.1195,67834.7,67834.7,0.0,68.5462142857172,8.957142857301461e-07
2024-10-25 01:40:00+00:00,67869.41,67890.763,67840.03,67862.3055,0.0,62.05685714286041,8.957142857301461e-07
2024-10-25 01:45:00+00:00,67845.95,67875.81,67845.95,67861.838,0.0,60.77128571428849,8.957142857301461e-07
2024-10-25 01:50:00+00:00,67889.969,67889.969,67889.969,67889.969,0.0,60.073857142860234,8.957142857301461e-07
2024-10-25 01:55:00+00:00,67912.505,67925.235,67912.505,67925.235,0.0,59.426035714288965,8.957142857301461e-07
2024-10-25 02:00:00+00:00,67945.4725,68009.467,67945.4725,68009.467,0.0,57.852321428574214,8.957142857301461e-07
2024-10-25 02:05:00+00:00,67987.155,67987.155,67942.439,67946.2305,0.0,59.91350000000239,8.957142857301461e-07
2024-10-25 02:10:00+00:00,67922.884,67925.064,67863.748,67888.85,0.0,61.95525000000219,8.957142857301461e-07
2024-10-25 02:15:00+00:00,67911.0525,67936.42,67906.98,67906.98,0.0,61.30546428571584,8.957142857301461e-07
2024-10-25 02:20:00+00:00,67869.871,67869.871,67817.6755,67836.6,0.0,64.86871428571612,8.957142857301461e-07
2024-10-25 02:25:00+00:00,67818.85,67928.2725,67818.85,67926.415,0.0,70.21803571428816,8.957142857301461e-07
2024-10-25 02:30:00+00:00,67913.91,67988.579,67913.91,67963.455,0.0,73.601892857144,8.957142857301461e-07
2024-10-25 02:35:00+00:00,67938.92,67946.96,67926.6865,67926.6865,0.0,68.03846428571498,0.0
2024-10-25 02:40:00+00:00,67976.5765,67976.5765,67948.45,67952.068,0.0,61.86475000000064,0.0
2024-10-25 02:45:00+00:00,67980.815,68009.545,67979.2805,68009.545,0.0,60.583142857143166,0.0
2024-10-25 02:50:00+00:00,68036.455,68036.455,68014.095,68025.331,0.0,58.50078571428561,0.0
2024-10-25 02:55:00+00:00,68008.378,68024.3485,68008.378,68024.3485,0.0,57.578857142857615,0.0
2024-10-25 03:00:00+00:00,68057.4575,68095.82,68057.4575,68095.82,0.0,60.67460714285907,0.0
2024-10-25 03:05:00+00:00,68137.15,68137.15,68062.293,68062.293,0.0,63.50253571428662,0.0
2024-10-25 03:10:00+00:00,68084.915,68124.0605,68074.768,68124.0605,0.0,61.89792857142935,0.0
2024-10-25 03:15:00+00:00,68099.2655,68127.075,68099.2655,68127.075,0.0,59.09660714285773,0.0
2024-10-25 03:20:00+00:00,68149.055,68197.398,68137.02,68197.398,0.0,58.22807142857242,0.0
2024-10-25 03:25:00+00:00,68166.5095,68171.994,68144.99,68144.99,0.0,58.57364285714409,0.0
2024-10-25 03:30:00+00:00,68132.2445,68132.2445,68073.56,68092.1825,0.0,57.29689285714475,0.0
2024-10-25 03:35:00+00:00,68075.565,68075.565,68075.565,68075.565,0.0,50.667964285715634,0.0
2024-10-25 03:40:00+00:00,68053.105,68053.105,68014.48,68023.022,0.0,49.69767857143078,0.0
2024-10-25 03:45:00+00:00,68034.035,68034.035,67991.7,67991.7,0.0,50.095285714287975,0.0
2024-10-25 03:50:00+00:00,67979.98,67979.98,67979.98,67979.98,0.0,47.36885714285953,0.0
2024-10-25 03:55:00+00:00,67968.184,67968.184,67968.184,67968.184,0.0,44.105928571431186,0.0
2024-10-25 04:00:00+00:00,67999.674,67999.674,67971.5675,67971.5675,0.0,44.433071428574166,0.0
2024-10-25 04:05:00+00:00,67926.153,67954.45,67926.153,67954.45,0.0,46.46603571428776,0.0
2024-10-25 04:10:00+00:00,67928.535,67928.535,67881.206,67881.206,0.0,46.59264285714328,0.0
2024-10-25 04:15:00+00:00,67860.7435,67860.7435,67840.2495,67851.19,0.0,44.17117857142979,0.0
2024-10-25 04:20:00+00:00,67817.118,67817.118,67674.115,67695.16,0.0,52.40742857142946,0.0
2024-10-25 04:25:00+00:00,67713.9945,67744.418,67673.995,67673.995,0.0,55.45125000000137,0.0
2024-10-25 04:30:00+00:00,67717.463,67746.1,67670.12,67719.555,0.0001,55.85532142857327,4.761904761920622e-06
2024-10-25 04:35:00+00:00,67754.5445,67757.8,67754.5445,67757.8,0.0,54.84367857143142,4.761904761920622e-06
2024-10-25 04:40:00+00:00,67771.545,67771.545,67766.469,67766.469,0.0,50.7233214285734,4.761904761920622e-06
2024-10-25 04:45:00+00:00,67798.738,67798.738,67700.335,67700.335,0.014351877,56.56514285714469,0.0006881846190476349
2024-10-25 04:50:00+00:00,67688.6035,67704.25,67688.6035,67704.25,0.0,53.31953571428728,0.0006881846190476349
2024-10-25 04:55:00+00:00,67672.055,67672.055,67672.055,67672.055,0.0,52.595250000001606,0.0006881846190476349
2024-10-25 05:00:00+00:00,67676.965,67676.965,67644.17,67671.15,0.0,54.10060714285854,0.0006881846190476349
2024-10-25 05:05:00+00:00,67708.082,67708.082,67677.695,67677.695,0.0,55.89603571428701,0.0006881846190476349
2024-10-25 05:10:00+00:00,67623.335,67623.335,67623.335,67623.335,0.0,57.529607142858104,0.0006881846190476349
2024-10-25 05:15:00+00:00,67598.2105,67672.384,67557.55,67672.384,0.0,62.48814285714408,0.0006881846190476349
2024-10-25 05:20:00+00:00,67718.189,67718.189,67672.384,67701.1,0.004,60.52821428571561,0.0008786608095238253
2024-10-25 05:25:00+00:00,67672.636,67716.47,67672.636,67716.47,0.0,60.7337500000015,0.0008786608095238253
2024-10-25 05:30:00+00:00,67707.91,67734.295,67707.91,67731.421,0.0,49.970178571429905,0.0008786608095238253
2024-10-25 05:35:00+00:00,67772.255,67784.445,67766.0805,67766.0805,0.0,48.72739285714384,0.0008786608095238253
2024-10-25 05:40:00+00:00,67812.15,67837.6,67812.15,67837.6,0.0,48.40878571428662,0.0008786608095238253
2024-10-25 05:45:00+00:00,67808.598,67808.598,67769.715,67769.715,0.0,50.52592857142944,0.0008786608095238253
2024-10-25 05:50:00+00:00,67751.9,67751.9,67712.8515,67731.434,0.0,53.60582142857207,0.0008786608095238253
2024-10-25 05:55:00+00:00,67764.488,67764.488,67702.545,67702.545,0.0,51.00153571428694,0.0008786608095238253
2024-10-25 06:00:00+00:00,67660.4075,67691.14,67660.4075,67691.14,0.0,52.89375000000083,0.0008786608095238253
2024-10-25 06:05:00+00:00,67743.32,67814.245,67743.32,67814.245,0.0,59.38732142857147,0.0008786608095238253
2024-10-25 06:10:00+00:00,67814.255,67814.255,67725.075,67725.075,0.0,63.41482142857213,0.0008786608095238253
2024-10-25 06:15:00+00:00,67753.1,67754.546,67697.9835,67702.852,0.0002,64.81700000000066,0.0008834227142857302
2024-10-25 06:20:00+00:00,67709.65,67726.4975,67696.85,67720.453,0.0,63.051821428571465,0.0008834227142857302
2024-10-25 06:25:00+00:00,67716.99,67716.99,67682.039,67703.11,0.0,57.59324999999912,0.0008834227142857302
2024-10-25 06:30:00+00:00,67694.3885,67738.6,67694.3885,67732.1935,0.052,57.479428571428535,0.002676190476190492
2024-10-25 06:35:00+00:00,67689.269,67689.269,67626.3345,67626.3345,0.0,61.90978571428526,0.002676190476190492
2024-10-25 06:40:00+00:00,67643.5,67645.0085,67593.912,67605.7,0.0,63.67489285714276,0.002676190476190492
2024-10-25 06:45:00+00:00,67584.25,67602.03,67577.64,67577.64,0.0,61.891749999999384,0.002676190476190492
2024-10-25 06:50:00+00:00,67598.7675,67637.179,67580.53,67580.53,0.0,61.03599999999902,0.002676190476190492
2024-10-25 06:55:00+00:00,67562.5545,67585.275,67562.5545,67585.275,0.0,57.80996428571234,0.002676190476190492
2024-10-25 07:00:00+00:00,67621.0215,67670.2,67621.0215,67669.9245,0.0,59.81435714285596,0.002676190476190492
2024-10-25 07:05:00+00:00,67686.225,67686.225,67664.335,67668.052,0.0,56.9534285714274,0.0024857142857143016
2024-10-25 07:10:00+00:00,67627.215,67627.215,67427.77,67427.77,0.00599,71.10660714285561,0.002770952380952397
2024-10-25 07:15:00+00:00,67458.8075,67458.8075,67458.8075,67458.8075,0.0,64.53035714285527,0.002770952380952397
2024-10-25 07:20:00+00:00,67494.334,67494.334,67437.543,67437.543,0.0,62.21685714285455,0.002770952380952397
2024-10-25 07:25:00+00:00,67388.15,67431.988,67261.4,67276.85,0.0,70.75832142856962,0.002770952380952397
2024-10-25 07:30:00+00:00,67261.405,67332.41,67260.65,67332.41,0.0,73.76635714285658,0.002770952380952397
2024-10-25 07:35:00+00:00,67310.721,67402.865,67310.721,67402.865,0.0,77.60421428571446,0.002770952380952397
2024-10-25 07:40:00+00:00,67390.065,67390.065,67390.065,67390.065,0.0,75.36053571428576,0.002770952380952397
2024-10-25 07:45:00+00:00,67400.242,67400.242,67400.1685,67400.1685,0.0,68.52610714285713,0.002770952380952397
2024-10-25 07:50:00+00:00,67419.0,67424.58,67419.0,67424.58,0.0,66.62003571428588,0.002770952380952397
2024-10-25 07:55:00+00:00,67424.8375,67498.3505,67424.8375,67498.3505,0.0,69.88507142857166,0.002770952380952397
2024-10-25 08:00:00+00:00,67528.5645,67528.5645,67388.7285,67388.7285,0.0,75.62057142857104,0.0027614285714285874
2024-10-25 08:05:00+00:00,67368.236,67368.236,67368.236,67368.236,0.0,75.46142857142799,0.0027614285714285874
2024-10-25 08:10:00+00:00,67407.625,67409.9125,67364.1085,67364.1085,0.0,72.6670714285709,0.0027614285714285874
2024-10-25 08:15:00+00:00,67332.6755,67445.9155,67309.03,67445.9155,0.0,80.88103571428552,0.00028523809523811107
2024-10-25 08:20:00+00:00,67468.55,67546.168,67468.55,67546.168,0.0,70.87892857142911,0.00028523809523811107
2024-10-25 08:25:00+00:00,67582.9405,67582.9405,67553.055,67553.055,0.0,71.28857142857201,0.00028523809523811107
2024-10-25 08:30:00+00:00,67579.3785,67621.925,67579.3785,67621.925,0.0,72.15135714285861,0.00028523809523811107
2024-10-25 08:35:00+00:00,67588.7395,67657.653,67588.7395,67615.88,0.0,64.49210714285853,0.00028523809523811107
2024-10-25 08:40:00+00:00,67660.2955,67693.8225,67660.2955,67667.057,0.0,64.93371428571429,0.00028523809523811107
2024-10-25 08:45:00+00:00,67634.21,67643.845,67622.58,67637.995,0.0,61.52892857142849,0.00028523809523811107
2024-10-25 08:50:00+00:00,67616.4335,67616.4335,67581.02,67602.7045,0.0,64.6842857142848,0.00028523809523811107
2024-10-25 08:55:00+00:00,67609.825,67623.84,67596.897,67623.84,0.0,65.88185714285646,0.0
2024-10-25 09:00:00+00:00,67589.852,67660.71,67589.852,67660.71,0.0,69.199464285714,0.0
2024-10-25 09:05:00+00:00,67682.655,67722.7465,67659.697,67722.7465,0.0014,68.43367857142792,6.666666666668253e-05
2024-10-25 09:10:00+00:00,67685.5705,67685.5705,67649.244,67649.244,0.0,63.69557142857021,6.666666666668253e-05
2024-10-25 09:15:00+00:00,67607.7615,67607.7615,67575.786,67575.786,0.0,67.47882142857166,6.666666666668253e-05
2024-10-25 09:25:00+00:00,67618.25,67618.25,67580.79,67613.45,0.0,67.24025000000049,6.666666666668253e-05
2024-10-25 09:30:00+00:00,67581.8465,67581.8465,67530.28,67548.772,0.0,63.40342857142865,6.666666666668253e-05
2024-10-25 09:35:00+00:00,67527.425,67527.425,67493.955,67498.2295,0.0,60.1580357142853,6.666666666668253e-05
2024-10-25 09:40:00+00:00,67534.478,67555.9695,67521.627,67521.627,0.0,61.65571428571483,6.666666666668253e-05
2024-10-25 09:45:00+00:00,67517.275,67596.875,67517.275,67596.875,0.0,62.42214285714311,6.666666666668253e-05
2024-10-25 09:50:00+00:00,67630.85,67727.0185,67630.85,67706.5035,0.0,66.79571428571424,6.666666666668253e-05
2024-10-25 09:55:00+00:00,67735.545,67813.715,67735.545,67778.385,0.002,68.88635714285712,0.00016190476190477778
2024-10-25 10:00:00+00:00,67734.738,67734.738,67734.738,67734.738,0.0,68.82707142857127,0.00016190476190477778
2024-10-25 10:05:00+00:00,67703.4965,67755.655,67703.4965,67755.655,0.000718259,68.48303571428654,0.00019610757142858728
2024-10-25 10:10:00+00:00,67749.515,67749.515,67708.107,67710.3155,0.0,69.95482142857198,0.00019610757142858728
2024-10-25 10:15:00+00:00,67666.027,67666.027,67628.7005,67628.7005,0.0,70.72317857142791,0.00019610757142858728
2024-10-25 10:20:00+00:00,67656.305,67684.8795,67656.305,67676.85,0.0,70.23242857142759,0.00019610757142858728
2024-10-25 10:25:00+00:00,67713.1705,67800.1155,67713.1705,67800.1155,0.0,73.78692857142804,0.00019610757142858728
2024-10-25 10:30:00+00:00,67764.79,67801.4875,67764.79,67801.4875,0.0,71.16117857142775,0.00019610757142858728
2024-10-25 10:35:00+00:00,67784.175,67784.175,67738.45,67738.45,0.0,72.63071428571337,0.00019610757142858728
2024-10-25 10:40:00+00:00,67774.79,67797.097,67766.389,67773.65,0.0,70.87907142857044,0.00019610757142858728
2024-10-25 10:45:00+00:00,67775.9,67779.12,67775.9,67779.12,0.0,67.35428571428513,0.00019610757142858728
2024-10-25 10:50:00+00:00,67822.1205,67822.1205,67796.545,67804.545,0.0,66.30146428571399,0.00019610757142858728
2024-10-25 10:55:00+00:00,67811.723,67828.3925,67808.5,67808.5,0.0,62.31914285714239,0.0001294409047619206
2024-10-25 11:00:00+00:00,67810.483,67819.415,67772.855,67819.415,0.0,56.34889285714183,0.0001294409047619206
2024-10-25 11:05:00+00:00,67844.0995,67880.813,67844.0995,67880.813,0.0,53.07649999999973,0.0001294409047619206
2024-10-25 11:10:00+00:00,67844.18,67893.417,67844.18,67893.417,0.0,53.47578571428624,0.0001294409047619206
2024-10-25 11:15:00+00:00,67939.2,67939.2,67939.2,67939.2,0.0,53.020392857142724,0.0001294409047619206
2024-10-25 11:20:00+00:00,67960.4885,67987.42,67960.4885,67984.0,0.0,53.068392857143145,0.0001294409047619206
2024-10-25 11:25:00+00:00,67966.65,67988.6225,67931.175,67934.7155,0.0,51.342142857143436,0.0001294409047619206
2024-10-25 11:30:00+00:00,67921.25,67921.25,67921.25,67921.25,0.0,48.291178571430336,0.0001294409047619206
2024-10-25 11:40:00+00:00,67959.5,67992.7,67921.25,67992.7,0.002916275,44.59007142857341,0.00026831114285715875
2024-10-25 11:45:00+00:00,68000.0,68120.4505,68000.0,68120.4505,0.001,51.093857142859115,0.0002206920952381111
2024-10-25 11:50:00+00:00,68087.35,68087.35,68087.35,68087.35,0.0,48.955500000001585,0.0002206920952381111
2024-10-25 11:55:00+00:00,68075.2165,68087.75,68075.2165,68087.75,0.0,45.66167857143072,0.00018648928571430158
2024-10-25 12:00:00+00:00,68101.593,68209.271,68101.593,68209.271,0.0,53.9510357142873,0.00018648928571430158
2024-10-25 12:05:00+00:00,68240.73,68240.73,68190.286,68190.286,0.0,54.48271428571544,0.00018648928571430158
2024-10-25 12:10:00+00:00,68151.375,68151.375,68110.55,68110.55,0.0,58.474750000000185,0.00018648928571430158
2024-10-25 12:15:00+00:00,68082.38,68082.38,68028.289,68028.289,0.0,61.02482142857168,0.00018648928571430158
2024-10-25 12:20:00+00:00,67998.8925,68018.45,67951.59,68018.45,0.0,62.11775000000073,0.00018648928571430158
2024-10-25 12:25:00+00:00,68062.35,68062.35,68062.35,68062.35,0.0,61.73653571428648,0.00018648928571430158
2024-10-25 12:30:00+00:00,68029.015,68040.035,68004.31,68004.31,0.0,62.61203571428736,0.00018648928571430158
2024-10-25 12:35:00+00:00,68005.95,68005.95,67987.7525,67987.7525,0.0,60.46757142857262,0.00018648928571430158
2024-10-25 12:40:00+00:00,68016.925,68106.5635,67998.015,68106.5635,0.0,64.85067857143024,0.00018648928571430158
2024-10-25 12:50:00+00:00,68144.9,68144.9,68105.3,68107.39,0.0,66.71742857142921,0.00018648928571430158
2024-10-25 12:55:00+00:00,68103.225,68103.225,68018.543,68018.543,0.0,67.96007142857187,0.00018648928571430158
2024-10-25 13:00:00+00:00,68015.536,68015.536,67919.785,67953.5755,0.0,65.88917857142847,0.00018648928571430158
2024-10-25 13:05:00+00:00,67998.2,68037.725,67956.7,67993.82,0.007972477,69.53553571428554,0.0005661310476190635
2024-10-25 13:10:00+00:00,68030.282,68061.5655,68030.282,68061.5655,0.0,73.47924999999876,0.0005661310476190635
2024-10-25 13:15:00+00:00,68090.018,68106.57,68064.7,68072.1675,0.000226575,68.01378571428566,0.0005769203333333492
2024-10-25 13:20:00+00:00,68020.6,68020.6,67993.264,67993.264,0.0,70.0466071428569,0.0005769203333333492
2024-10-25 13:25:00+00:00,67960.757,67976.3,67960.757,67976.3,0.0,66.67310714285746,0.0005769203333333492
2024-10-25 13:30:00+00:00,68026.915,68048.44,67872.685,67872.685,0.0,73.35125000000075,0.00043805009523811107
2024-10-25 13:35:00+00:00,67911.85,67911.85,67790.373,67790.373,0.001978379,76.54967857142869,0.0004846395714285873
2024-10-25 13:40:00+00:00,67832.7385,67832.7385,67695.8155,67730.6755,0.002,83.19417857142876,0.0005798776666666826
2024-10-25 13:45:00+00:00,67758.0945,67935.6575,67741.88,67935.6575,0.0,93.69003571428559,0.0005798776666666826
2024-10-25 13:50:00+00:00,67973.5,68229.745,67973.5,68107.6,0.004264121,113.39646428571412,0.0007829310476190636
2024-10-25 13:55:00+00:00,68153.961,68369.7765,68153.961,68304.434,0.001,123.63685714285695,0.000830550095238111
2024-10-25 14:00:00+00:00,68332.255,68372.6495,68146.118,68183.6235,0.1,136.9891071428574,0.005592454857142873
2024-10-25 14:05:00+00:00,68218.347,68366.116,68121.1895,68336.361,0.000482233,148.13764285714362,0.005615418333333349
2024-10-25 14:10:00+00:00,68370.6645,68432.8645,68344.3935,68411.95,0.003442256,147.97660714285718,0.005779335285714302
2024-10-25 14:15:00+00:00,68437.1335,68487.905,68437.1335,68487.905,0.007697726,147.3912857142859,0.006145893666666682
2024-10-25 14:20:00+00:00,68500.0,68638.615,68463.98,68606.0125,0.001,155.02625000000157,0.00619351271428573
2024-10-25 14:25:00+00:00,68651.305,68708.8,68611.3,68672.35,0.0,159.15360714285842,0.00619351271428573
2024-10-25 14:30:00+00:00,68632.9,68735.8,68536.528,68536.528,0.0,167.7513571428582,0.00619351271428573
2024-10-25 14:35:00+00:00,68586.7715,68586.7715,68433.6515,68439.495,0.0,176.3665714285723,0.00619351271428573
2024-10-25 14:40:00+00:00,68462.657,68532.95,68274.14,68274.14,0.0,182.2990714285718,0.00619351271428573
2024-10-25 14:45:00+00:00,68305.2025,68351.805,68261.3,68302.5865,0.00077484,180.08678571428547,0.006230409857142872
2024-10-25 14:50:00+00:00,68334.052,68417.0,68310.427,68310.427,0.0,178.47896428571298,0.005850768095238111
2024-10-25 14:55:00+00:00,68280.1215,68309.7115,68280.1215,68309.7115,0.0,166.00207142857002,0.005850768095238111
2024-10-25 15:00:00+00:00,68339.6,68505.7585,68339.6,68483.89,0.00436027,158.99917857142697,0.0060476107142857305
2024-10-25 15:05:00+00:00,68436.9,68467.724,68365.07,68404.55,0.0,148.75942857142633,0.0060476107142857305
2024-10-25 15:10:00+00:00,68437.9,68473.802,68401.44,68473.802,0.0,137.74732142856894,0.0060476107142857305
2024-10-25 15:15:00+00:00,68439.145,68509.581,68407.9475,68471.875,0.0023,127.51210714285533,0.00615713452380954
2024-10-25 15:20:00+00:00,68425.98,68459.262,68334.05,68334.05,0.0,130.46364285714142,0.006062926000000016
2024-10-25 15:25:00+00:00,68364.34,68391.3,68272.15,68272.15,0.000128048,133.54899999999907,0.0059737854285714445
2024-10-25 15:30:00+00:00,68294.3,68323.081,68270.9795,68299.45,0.02,124.79660714285585,0.006926166380952397
2024-10-25 15:35:00+00:00,68270.594,68302.1,68223.8745,68223.8745,0.007188592,123.0421785714269,0.00706542690476192
2024-10-25 15:40:00+00:00,68203.65,68203.65,68008.425,68038.697,0.0,124.19771428571299,0.007017807857142873
2024-10-25 15:45:00+00:00,68017.3395,68041.585,67867.525,67867.525,0.005004589,125.69342857142848,0.0024942168571428732
2024-10-25 15:50:00+00:00,67854.1,67854.1,67454.498,67461.6445,0.002,136.70892857142775,0.002566491476190492
2024-10-25 15:55:00+00:00,67413.995,67691.955,67413.995,67691.955,0.0,150.09857142857177,0.0024025745238095398
2024-10-25 16:00:00+00:00,67656.2185,67656.2185,67532.6625,67550.765,0.00323724,153.30421428571466,0.0021901704285714444
2024-10-25 16:05:00+00:00,67516.65,67550.765,67329.249,67515.71,0.030045838,166.9621071428576,0.0035733055714285873
2024-10-25 16:10:00+00:00,67546.3925,67846.711,67546.3925,67780.592,0.011,176.6016785714289,0.004097115095238112
2024-10-25 16:15:00+00:00,67748.655,67822.06,67748.655,67751.0845,0.0,173.35775000000078,0.004097115095238112
2024-10-25 16:20:00+00:00,67719.905,67749.1545,67654.575,67711.6395,0.002134132,175.08257142857266,0.004198740428571444
2024-10-25 16:25:00+00:00,67681.3305,67749.6,67586.5965,67586.5965,0.000812298,179.46614285714375,0.004237421285714302
2024-10-25 16:30:00+00:00,67538.05,67617.4385,67511.51,67571.475,0.0,177.1878214285732,0.004200524142857159
2024-10-25 16:35:00+00:00,67537.226,67663.633,67515.9,67663.633,0.0,179.22946428571595,0.004200524142857159
2024-10-25 16:40:00+00:00,67644.175,67751.813,67572.75,67751.813,0.01,188.29814285714383,0.004676714619047635
2024-10-25 16:45:00+00:00,67722.1705,67761.82,67722.1705,67761.82,0.0,185.54271428571624,0.0044690827142857305
2024-10-25 16:50:00+00:00,67726.7365,67814.14,67726.7365,67814.14,0.0,176.39657142857322,0.0044690827142857305
2024-10-25 16:55:00+00:00,67784.4275,67784.4275,67647.26,67666.0866666665,0.0,175.88371428571554,0.0044690827142857305
2024-10-25 17:00:00+00:00,67656.673333333,67719.166,67605.695,67719.166,0.009801384,154.4868571428586,0.004826291476190492
2024-10-25 17:05:00+00:00,67751.201,67753.7,67647.25,67753.7,0.0,142.23614285714368,0.004826291476190492
2024-10-25 17:10:00+00:00,67729.6,67782.9095,67670.2325,67670.2325,0.000722692,138.90646428571512,0.004854607857142873
2024-10-25 17:15:00+00:00,67646.922,67646.922,67524.855,67545.3475,0.0,133.46800000000076,0.0039022269047619203
2024-10-25 17:20:00+00:00,67516.8,67516.8,67374.092,67463.995,0.001,122.05760714285861,0.0036075320476190633
2024-10-25 17:25:00+00:00,67428.72,67428.72,67393.41,67405.741,0.0,121.85617857142954,0.0036075320476190633
2024-10-25 17:30:00+00:00,67356.654,67425.1705,67323.054,67323.054,0.0,122.25667857142876,0.0033692182857143014
2024-10-25 17:35:00+00:00,67360.805,67450.369,67356.0,67430.965,0.0002,119.70749999999991,0.0032835040000000156
2024-10-25 17:40:00+00:00,67451.83,67451.83,67260.424,67260.424,0.00145347,125.81303571428518,0.0033527168571428727
2024-10-25 17:45:00+00:00,67271.955,67386.8245,67271.955,67384.518,0.0,124.28928571428489,0.003198562571428587
2024-10-25 17:50:00+00:00,67335.85,67453.458,67335.85,67424.485,0.0,119.8996428571419,0.0017678083809523969
2024-10-25 17:55:00+00:00,67379.9395,67379.9395,66761.5,66808.7365,0.003377474,164.42360714285522,0.001404830952380968
2024-10-25 18:00:00+00:00,66769.77,66769.77,66289.7525,66556.69,0.018595435,195.25078571428352,0.002290327857142873
2024-10-25 18:05:00+00:00,66592.2,66592.2,66005.4625,66005.4625,0.003097509,225.24060714285483,0.0023362029523809683
2024-10-25 18:10:00+00:00,66000.0,66884.2,65860.45,66884.2,0.024527856,290.2605357142841,0.0034655152380952533
2024-10-25 18:15:00+00:00,66844.398,67122.75,66720.691,67118.3775,0.016948104,311.37546428571244,0.004272567809523825
2024-10-25 18:20:00+00:00,67165.76,67211.4,66972.1275,67152.55,0.0,320.41799999999785,0.004272567809523825
2024-10-25 18:25:00+00:00,67184.05,67436.6555,67172.095,67327.006,0.001138289,330.32714285713985,0.0038505815714285872
2024-10-25 18:30:00+00:00,67284.26,67401.935,67263.134,67327.885,0.0,328.00896428571076,0.0038505815714285872
2024-10-25 18:35:00+00:00,67372.575,67535.93,67349.5665,67415.05,0.001,337.82753571428265,0.003898200619047635
2024-10-25 18:40:00+00:00,67453.75,67453.75,67288.1195,67288.9605,0.0,342.3642499999977,0.003898200619047635
2024-10-25 18:45:00+00:00,67265.8,67358.39,67204.57,67283.1285,0.001,344.25746428571125,0.003479087095238111
2024-10-25 18:50:00+00:00,67238.2915,67261.657,67174.17,67174.17,0.000734929,338.3683571428545,0.00351408371428573
2024-10-25 18:55:00+00:00,67152.6055,67152.6055,66897.9455,66938.2175,0.001,349.07007142856827,0.0035272888571428727
2024-10-25 19:00:00+00:00,66959.9,67130.1515,66852.4985,66852.4985,5.9378e-05,360.50185714285493,0.0035301163809523966
2024-10-25 19:05:00+00:00,66797.013,67018.57,66773.5,66878.825,0.002444775,330.6507857142839,0.003598915190476206
2024-10-25 19:10:00+00:00,66847.075,66881.3035,66753.695,66759.2825,0.002611869,302.69539285714046,0.00372328990476192
2024-10-25 19:15:00+00:00,66750.0,66750.0,66548.46,66548.46,0.006189324,275.84432142856843,0.004018019619047635
2024-10-25 19:20:00+00:00,66518.155,66811.4075,66518.155,66764.6,0.009953105,223.66592857142572,0.004482453190476206
2024-10-25 19:25:00+00:00,66786.586,66921.155,66689.536,66805.76,1.4965e-05,211.4916428571409,0.004413952952380969
2024-10-25 19:30:00+00:00,66756.4385,66944.19,66726.202,66878.873,0.0,209.97132142856987,0.004413952952380969
2024-10-25 19:35:00+00:00,66836.065,66972.6,66836.065,66958.83,1.4957e-05,199.4305714285708,0.004414665190476207
2024-10-25 19:40:00+00:00,66927.832,67000.0,66927.832,66932.7,0.009904289,194.6710714285717,0.004725465904761921
2024-10-25 19:45:00+00:00,66968.5,66968.5,66865.613,66948.362,0.0,187.1597857142863,0.003839969000000016
2024-10-25 19:50:00+00:00,66908.9615,66992.9,66857.37,66939.445,0.008431157,185.00975000000057,0.004093952238095254
2024-10-25 19:55:00+00:00,66906.4015,66906.4015,66721.9,66721.9,0.022708842,189.56153571428771,0.00400733252380954
2024-10-25 20:00:00+00:00,66748.7845,66802.8915,66635.73,66635.73,2.9948e-05,193.71889285714445,0.0032017060476190635
2024-10-25 20:05:00+00:00,66666.0435,66729.82,66655.05,66685.2,0.0,180.70928571428834,0.0032017060476190635
2024-10-25 20:10:00+00:00,66749.46,66749.46,66680.45,66680.45,0.0004,165.80621428571718,0.0031665494285714447
2024-10-25 20:15:00+00:00,66698.5,66698.5,66618.835,66618.835,0.0,153.99157142857334,0.0031665494285714447
2024-10-25 20:20:00+00:00,66590.512,66657.424,66513.41,66657.424,0.0,155.16339285714534,0.003118930380952397
2024-10-25 20:25:00+00:00,66695.3,66756.934,66695.3,66736.8885,0.0,147.2125000000025,0.003118930380952397
2024-10-25 20:30:00+00:00,66720.06,66869.78,66720.06,66869.78,0.04369287,136.960178571431,0.005151924190476207
2024-10-25 20:35:00+00:00,66835.27,66835.27,66740.4935,66740.4935,0.0,129.65071428571642,0.005116927571428587
2024-10-25 20:40:00+00:00,66693.855,66712.4515,66592.362,66601.235,0.0,124.6609642857168,0.005069308523809539
2024-10-25 20:45:00+00:00,66564.6,66669.3725,66564.6,66634.835,0.0,122.39221428571598,0.005066481000000016
2024-10-25 20:50:00+00:00,66665.5385,66813.6765,66665.5385,66749.69,0.0,130.01175000000097,0.0049500631428571595
2024-10-25 20:55:00+00:00,66775.5765,66815.3075,66724.36,66778.62,0.0,129.158928571429,0.004825688428571444
2024-10-25 21:00:00+00:00,66811.315,66895.156,66811.315,66895.156,2.9906e-05,127.80221428571531,0.004532382809523826
2024-10-25 21:05:00+00:00,66937.664,66937.664,66814.629,66843.2905,0.008721898,121.05150000000036,0.00447375390476192
2024-10-25 21:10:00+00:00,66816.5915,66964.645,66816.5915,66885.527,0.0,119.68664285714372,0.004473041285714302
2024-10-25 21:15:00+00:00,66921.7695,66969.5,66852.081,66852.081,0.0,121.35299999999968,0.004473041285714302
2024-10-25 21:20:00+00:00,66858.8105,66998.875,66858.8105,66998.875,0.0001,126.90899999999861,0.004477090952380968
2024-10-25 21:25:00+00:00,67000.0,67102.076,67000.0,67043.856,0.000999977,128.59014285714198,0.004053076095238111
2024-10-25 21:30:00+00:00,67021.185,67050.0985,66930.11,67020.4905,0.0,126.8740357142846,0.004053076095238111
2024-10-25 21:35:00+00:00,67054.9145,67129.38,67054.9145,67121.8595,0.0,127.54399999999961,0.0036515924285714448
2024-10-25 21:40:00+00:00,67110.9955,67144.35,67101.96,67132.722,0.0,119.87757142857092,0.002570219000000016
2024-10-25 21:45:00+00:00,67167.054,67167.054,67103.58,67113.9875,0.000144144,115.17667857142806,0.0025756569047619207
2024-10-25 21:50:00+00:00,67093.707,67137.783,67070.057,67137.783,0.0,109.43342857142748,0.0025756569047619207
2024-10-25 21:55:00+00:00,67125.318,67179.9,67111.25,67179.9,0.0,106.85324999999908,0.0025566092857143017
2024-10-25 22:00:00+00:00,67213.545,67239.915,67202.01,67239.915,0.0,98.36564285714225,0.0025566092857143017
2024-10-25 22:05:00+00:00,67199.49,67229.55,67199.49,67225.6565,0.0,94.75689285714179,0.0025566092857143017
2024-10-25 22:10:00+00:00,67242.13,67242.13,67195.8325,67241.885,0.0,89.7398571428556,0.0025566092857143017
2024-10-25 22:15:00+00:00,67219.545,67219.545,67164.94,67164.94,0.0,86.44771428571195,0.00047599642857144446
2024-10-25 22:20:00+00:00,67140.9915,67157.2475,67140.9915,67157.2475,0.0,77.58307142856835,0.00047599642857144446
2024-10-25 22:25:00+00:00,67184.534,67184.534,67110.03,67110.03,0.0,74.51771428571166,0.00047599642857144446
2024-10-25 22:30:00+00:00,67139.084,67139.084,67139.084,67139.084,0.0,66.10771428571232,0.00047599642857144446
2024-10-25 22:40:00+00:00,67108.455,67108.455,67108.455,67108.455,0.0,60.92399999999803,0.00047599642857144446
2024-10-25 22:45:00+00:00,67120.682,67120.682,67036.768,67044.62,0.0,58.347249999998894,0.00047599642857144446
2024-10-25 22:50:00+00:00,66995.825,66995.825,66705.704,66705.704,0.001,74.77771428571266,0.0005221913809523969
2024-10-25 22:55:00+00:00,66739.276,66739.276,66530.41,66530.41,0.0,86.66885714285516,0.00010686290476192062
2024-10-25 23:00:00+00:00,66560.82,66588.399,66361.8315,66397.334,0.001030047,98.31839285714106,0.00015591276190477776
2024-10-25 23:05:00+00:00,66351.1105,66351.1105,66027.43,66071.673,0.001,119.90253571428495,0.00020353180952382537
2024-10-25 23:10:00+00:00,66053.7075,66053.7075,65754.45,65754.45,0.001140757,137.65774999999954,0.0002530916666666825
2024-10-25 23:15:00+00:00,65757.492,66219.065,65757.492,66178.106,0.0002,166.55774999999994,0.00021499752380953964
2024-10-25 23:20:00+00:00,66145.1785,66145.1785,65524.865,65696.3,0.00364673,210.33032142857232,0.0003886513333333492
2024-10-25 23:25:00+00:00,65739.385,65976.406,65663.8905,65755.6675,0.0025,229.34589285714432,0.0005076989523809683
2024-10-25 23:30:00+00:00,65718.4875,66310.122,65642.492,66209.6,0.002,271.53767857143094,0.0006029370476190634
2024-10-25 23:35:00+00:00,66253.77,66322.9825,66180.715,66270.34,0.0,279.98903571428826,0.0005960730476190634
2024-10-25 23:40:00+00:00,66231.9295,66327.0,66178.8815,66178.8815,0.0,285.24721428571655,0.0005960730476190634
2024-10-25 23:45:00+00:00,66156.375,66353.45,66156.375,66320.58,0.0,297.2487142857161,0.0005960730476190634
2024-10-25 23:50:00+00:00,66294.96,66497.005,66250.7,66497.005,0.0,312.65414285714513,0.0005960730476190634
2024-10-25 23:55:00+00:00,66500.0,66697.2985,66500.0,66580.1,0.010887409,320.96696428571624,0.001114521095238111
2024-10-26 00:00:00+00:00,66602.8,66664.25,66489.205,66536.87,3.0028e-05,309.2618928571449,0.001115951000000016
2024-10-26 00:05:00+00:00,66566.1125,66622.67,66524.3,66586.132,0.0002,301.3693214285735,0.0011254748095238254
2024-10-26 00:10:00+00:00,66624.8,66624.8,66484.5035,66550.627,0.0,295.20710714285866,0.0011254748095238254
2024-10-26 00:15:00+00:00,66516.8395,66648.655,66452.9645,66648.655,0.0,282.7632857142863,0.0011254748095238254
2024-10-26 00:20:00+00:00,66611.676,66652.489,66611.676,66652.489,0.0,263.01971428571466,0.0011254748095238254
2024-10-26 00:25:00+00:00,66696.515,66696.515,66620.665,66655.2455,0.0,235.25078571428614,0.0011254748095238254
2024-10-26 00:30:00+00:00,66609.359,66711.745,66609.359,66711.745,0.0,195.9040000000002,0.0011254748095238254
2024-10-26 00:35:00+00:00,66687.59,66687.59,66591.65,66662.559,0.0,182.15967857142823,0.001077855761904778
2024-10-26 00:40:00+00:00,66686.955,66686.955,66686.955,66686.955,0.0,136.21439285714274,0.001077855761904778
2024-10-26 00:45:00+00:00,66722.005,66744.65,66675.145,66744.65,0.0,131.0170714285705,0.0010288059047619206
2024-10-26 00:50:00+00:00,66717.4785,66717.4785,66688.2165,66688.2165,0.0,124.46814285714208,0.0009811868571428732
2024-10-26 00:55:00+00:00,66651.3635,66692.565,66648.6185,66648.6185,0.0,113.53039285714269,0.0009268650952381111
2024-10-26 01:00:00+00:00,66682.777,66682.777,66603.115,66675.46,2.9992e-05,101.62732142857047,0.0009187694761904921
2024-10-26 01:05:00+00:00,66696.0475,66696.0475,66542.163,66542.163,0.0,98.31239285714193,0.0007451156666666825
2024-10-26 01:10:00+00:00,66514.833,66547.443,66465.4575,66465.4575,0.0,91.66528571428456,0.0006260680476190636
2024-10-26 01:15:00+00:00,66504.0695,66536.5125,66504.0695,66536.5125,0.0,89.71421428571297,0.0005308299523809683
2024-10-26 01:20:00+00:00,66590.526,66616.335,66584.9515,66584.9515,0.0,85.39464285714244,0.0005308299523809683
2024-10-26 01:25:00+00:00,66610.047,66642.0265,66610.047,66642.0265,0.0,75.49353571428635,0.0005308299523809683
2024-10-26 01:30:00+00:00,66648.475,66648.475,66562.745,66562.745,0.0,78.70189285714461,0.0005308299523809683
2024-10-26 01:35:00+00:00,66523.948,66523.948,66447.7705,66516.61,0.0,81.4965000000011,0.0005308299523809683
2024-10-26 01:45:00+00:00,66550.33,66576.5565,66550.33,66561.755,0.0,78.46510714285874,1.2381904761920624e-05
2024-10-26 01:50:00+00:00,66575.1215,66644.585,66575.1215,66619.065,0.0,75.80332142857307,1.0952000000015861e-05
2024-10-26 02:00:00+00:00,66584.5195,66584.5195,66523.76,66523.76,0.0,80.86825000000161,1.4281904762063365e-06
2024-10-26 02:05:00+00:00,66482.135,66482.135,66440.535,66440.535,0.0,81.8482500000017,1.4281904762063365e-06
2024-10-26 02:10:00+00:00,66416.521,66452.49,66369.382,66452.49,0.0,83.75357142857372,1.4281904762063365e-06
2024-10-26 02:15:00+00:00,66475.575,66580.484,66475.575,66580.484,0.0,89.75696428571557,1.4281904762063365e-06
2024-10-26 02:20:00+00:00,66540.3575,66609.975,66501.98,66609.975,0.0,91.78075000000224,1.4281904762063365e-06
2024-10-26 02:25:00+00:00,66654.114,66682.3,66638.14,66638.14,0.0,85.95507142857345,1.4281904762063365e-06
2024-10-26 02:30:00+00:00,66618.12,66618.12,66539.401,66553.42,0.0,87.15175000000247,1.4281904762063365e-06
2024-10-26 02:35:00+00:00,66594.9305,66615.8435,66563.8325,66615.8435,0.0,86.53521428571756,1.4281904762063365e-06
2024-10-26 02:40:00+00:00,66639.3005,66748.425,66639.3005,66748.425,0.0,90.30371428571691,1.4281904762063365e-06
2024-10-26 02:45:00+00:00,66750.0,66883.8195,66750.0,66874.5095,0.001,95.89796428571572,4.9047238095253955e-05
2024-10-26 02:50:00+00:00,66918.45,66918.45,66785.32,66785.32,0.0,99.28367857142855,4.9047238095253955e-05
2024-10-26 02:55:00+00:00,66750.5915,66750.5915,66750.5915,66750.5915,0.0,93.5518214285725,4.7619047619063484e-05
2024-10-26 03:00:00+00:00,66716.845,66750.59,66627.48,66627.48,2.9962e-05,98.06360714285776,4.904580952382538e-05
2024-10-26 03:05:00+00:00,66603.8125,66668.355,66603.8125,66650.5255,0.0006,96.75735714285734,7.761723809525396e-05
2024-10-26 03:10:00+00:00,66681.55,66681.55,66640.05,66666.705,0.0,92.91414285714252,7.761723809525396e-05
2024-10-26 03:15:00+00:00,66678.9,66725.5635,66678.9,66725.5635,0.0,91.17367857142901,7.761723809525396e-05
2024-10-26 03:20:00+00:00,66744.1565,66775.65,66744.1565,66775.65,0.0,88.81499999999922,7.761723809525396e-05
2024-10-26 03:25:00+00:00,66764.403,66845.407,66764.403,66845.407,0.0,85.4585714285713,7.761723809525396e-05
2024-10-26 03:30:00+00:00,66806.0215,66806.0215,66806.0215,66806.0215,0.0,80.5578928571423,7.761723809525396e-05
2024-10-26 03:35:00+00:00,66841.387,66861.7855,66807.0,66861.7855,0.000769469,79.37496428571363,0.0001142586190476349
2024-10-26 03:45:00+00:00,66847.13,66847.13,66847.13,66847.13,0.0,73.36899999999878,0.0001142586190476349
2024-10-26 03:50:00+00:00,66795.325,66836.15,66795.325,66823.335,0.007133702,72.61053571428472,0.0004539587142857301
2024-10-26 03:55:00+00:00,66830.835,66835.685,66819.88,66819.88,0.0,64.26935714285563,0.0004539587142857301
2024-10-26 04:00:00+00:00,66856.37,66856.37,66819.88,66825.5125,0.023,57.204749999998185,0.0015491968095238252
2024-10-26 04:05:00+00:00,66814.62,66814.62,66705.414,66756.805,0.0,56.27392857142695,0.0015491968095238252
2024-10-26 04:10:00+00:00,66810.865,66861.307,66810.865,66861.307,0.0,61.25774999999807,0.0015491968095238252
2024-10-26 04:15:00+00:00,66905.225,66905.225,66859.5125,66859.5125,0.0,55.729249999998764,0.0015491968095238252
2024-10-26 04:20:00+00:00,66877.585,66877.585,66854.885,66854.885,0.0,52.740499999999884,0.0015491968095238252
2024-10-26 04:25:00+00:00,66881.89,66881.89,66865.693,66865.693,0.0,51.70514285714307,0.0015491968095238252
2024-10-26 04:30:00+00:00,66827.9905,66841.502,66827.9905,66841.502,0.0,50.194000000000024,0.0015491968095238252
2024-10-26 04:35:00+00:00,66803.4095,66803.4095,66803.4095,66803.4095,0.0,49.337285714286345,0.0015015777619047776
2024-10-26 04:40:00+00:00,66852.08,66852.08,66852.08,66852.08,0.0,47.027750000001106,0.0015015777619047776
2024-10-26 04:45:00+00:00,66870.94,66870.94,66870.94,66870.94,0.0,45.561642857143724,0.0015015777619047776
2024-10-26 04:50:00+00:00,66902.32,66902.32,66861.642,66861.642,0.011870666,44.4840714285726,0.0020654208095238252
2024-10-26 04:55:00+00:00,66877.4,66877.4,66877.4,66877.4,0.0,44.56282142857214,0.002036849380952397
2024-10-26 05:00:00+00:00,66861.089,66971.24,66861.089,66971.24,0.0,48.73039285714289,0.002036849380952397
2024-10-26 05:05:00+00:00,66953.377,66953.377,66910.895,66910.895,0.0,51.91182142857205,0.002036849380952397
2024-10-26 05:10:00+00:00,66932.46,66985.025,66932.46,66985.025,0.0,54.60039285714343,0.002036849380952397
2024-10-26 05:15:00+00:00,66985.3,66985.3,66985.3,66985.3,0.0,46.04157142857314,0.002036849380952397
2024-10-26 05:20:00+00:00,66990.382,66990.382,66977.805,66989.1,0.0,39.4755000000015,0.002036849380952397
2024-10-26 05:25:00+00:00,67000.0,67066.53,67000.0,67066.53,0.003510894,41.7410357142861,0.0021673934285714445
2024-10-26 05:30:00+00:00,67034.166,67034.166,67034.166,67034.166,0.0,42.43132142857108,0.0021673934285714445
2024-10-26 05:35:00+00:00,67052.9,67054.15,67052.9,67054.15,0.0,41.92982142857051,0.0018276933333333492
2024-10-26 05:40:00+00:00,67074.0,67121.5,67074.0,67121.5,0.001093987,44.047499999999545,0.0018797879523809683
2024-10-26 05:45:00+00:00,67087.505,67087.505,67087.505,67087.505,0.0,43.75482142857072,0.000784549857142873
2024-10-26 05:50:00+00:00,67057.54,67065.65,67057.54,67065.65,0.0,42.41871428571384,0.000784549857142873
2024-10-26 05:55:00+00:00,67035.902,67042.662,67035.902,67042.662,0.0,43.19642857142753,0.000784549857142873
2024-10-26 06:00:00+00:00,67080.18,67080.18,67010.504,67010.504,0.0,45.2677142857127,0.000784549857142873
2024-10-26 06:10:00+00:00,66989.62,67035.3785,66989.62,67035.3785,0.0,47.41060714285725,0.000784549857142873
2024-10-26 06:15:00+00:00,67053.315,67087.3895,67053.315,67087.3895,0.0,43.25775000000015,0.000784549857142873
2024-10-26 06:20:00+00:00,67049.615,67049.615,67042.06,67043.761,0.0,42.185214285714856,0.000784549857142873
2024-10-26 06:25:00+00:00,67030.085,67030.085,67030.085,67030.085,0.0,37.86707142857215,0.000784549857142873
2024-10-26 06:30:00+00:00,67063.791,67096.545,67063.791,67096.545,0.0,42.594571428570944,0.000784549857142873
2024-10-26 06:35:00+00:00,67144.615,67144.615,67144.615,67144.615,0.0,45.12978571428539,0.000784549857142873
2024-10-26 06:40:00+00:00,67097.0005,67097.0005,67097.0005,67097.0005,0.0,43.00010714285808,0.00021928004761906348
2024-10-26 06:45:00+00:00,67072.837,67072.837,67072.837,67072.837,0.0,42.414357142857625,0.00021928004761906348
2024-10-26 06:50:00+00:00,67082.406,67082.406,67082.406,67082.406,0.0,41.67042857142951,0.00021928004761906348
2024-10-26 06:55:00+00:00,67090.1475,67090.1475,67090.1475,67090.1475,0.0,37.41267857142936,0.00021928004761906348
2024-10-26 07:00:00+00:00,67096.2625,67096.2625,67096.2625,67096.2625,0.0,35.421250000000455,0.00021928004761906348
2024-10-26 07:05:00+00:00,67100.2925,67100.2925,67045.5,67045.5,0.0,37.194642857142235,0.00021928004761906348
2024-10-26 07:10:00+00:00,67086.842,67086.842,67086.842,67086.842,0.0,38.02278571428594,0.00021928004761906348
2024-10-26 07:15:00+00:00,67052.615,67052.615,67010.685,67010.685,0.0,38.48571428571553,5.209461904763491e-05
2024-10-26 07:20:00+00:00,66978.65,67015.7895,66978.65,67015.7895,0.0,37.870071428572246,5.209461904763491e-05
2024-10-26 07:25:00+00:00,67051.24,67051.24,66961.25,66961.25,0.0,40.58285714285843,5.209461904763491e-05
2024-10-26 07:30:00+00:00,66981.055,66981.055,66981.055,66981.055,0.0,38.75967857142886,0.0
2024-10-26 07:35:00+00:00,67003.0645,67003.0645,66954.565,66954.565,0.0,41.24707142857161,0.0
2024-10-26 07:40:00+00:00,66981.445,66981.445,66971.45,66971.45,0.0,38.41992857142967,0.0
2024-10-26 07:45:00+00:00,66961.85,66961.85,66949.986,66949.986,0.0,36.51950000000007,0.0
2024-10-26 08:00:00+00:00,66964.971,66973.9745,66964.971,66973.675,0.0,34.83192857142733,0.0
2024-10-26 08:05:00+00:00,66979.95,67014.882,66979.95,67014.882,0.0,36.049321428570174,0.0
2024-10-26 08:10:00+00:00,67012.19,67035.52,67012.19,67035.52,0.0,37.03224999999865,0.0
2024-10-26 08:15:00+00:00,67041.281,67041.281,67005.655,67005.655,0.0,39.02399999999865,0.0
2024-10-26 08:20:00+00:00,66971.325,67002.0045,66971.325,67002.0045,0.0,41.03935714285659,0.0
2024-10-26 08:25:00+00:00,66987.615,67062.057,66987.615,67062.057,0.0,42.44289285714227,0.0
2024-10-26 08:30:00+00:00,67097.2015,67097.2015,67043.475,67043.475,0.0,43.32749999999838,0.0
2024-10-26 08:35:00+00:00,67018.25,67018.25,67018.25,67018.25,0.0,39.689499999998326,0.0
2024-10-26 08:40:00+00:00,67053.682,67085.164,67014.25,67014.25,0.001450453,42.10196428571258,6.906919047620634e-05
2024-10-26 08:45:00+00:00,67074.2155,67074.2155,67057.036,67057.036,0.0,39.95735714285547,6.906919047620634e-05
2024-10-26 08:50:00+00:00,67070.253,67070.253,67070.253,67070.253,0.0,39.48678571428484,6.906919047620634e-05
2024-10-26 09:00:00+00:00,67110.9,67110.9,67046.95,67059.025,0.009428122,40.59039285714243,0.0005180273809523969
2024-10-26 09:05:00+00:00,67034.84,67034.84,67034.84,67034.84,0.0,40.39789285714193,0.0005180273809523969
2024-10-26 09:10:00+00:00,67040.0095,67040.0095,67040.0095,67040.0095,0.0,39.23399999999986,0.0005180273809523969
2024-10-26 09:15:00+00:00,67070.3415,67111.1295,67070.3415,67111.1295,0.0,42.6005357142858,0.0005180273809523969
2024-10-26 09:20:00+00:00,67098.0745,67149.898,67064.4805,67149.898,0.0,45.75842857142873,0.0005180273809523969
2024-10-26 09:25:00+00:00,67190.8065,67190.8065,67159.0105,67159.0105,0.0,47.0140357142861,0.0005180273809523969
2024-10-26 09:30:00+00:00,67118.3135,67118.3135,67086.87,67086.87,0.0,49.62221428571502,0.0005180273809523969
2024-10-26 09:35:00+00:00,67079.28,67079.28,67079.28,67079.28,0.0,47.712214285714644,0.0005180273809523969
2024-10-26 09:45:00+00:00,67053.448,67063.4665,67053.448,67063.4665,0.0,44.240071428571746,0.0005180273809523969
2024-10-26 09:50:00+00:00,67056.83,67056.83,67031.715,67031.715,0.0,42.67042857142951,0.0005180273809523969
2024-10-26 09:55:00+00:00,66990.344,66990.344,66990.344,66990.344,0.0,43.82371428571475,0.0005180273809523969
2024-10-26 10:10:00+00:00,67014.315,67014.315,67003.039,67003.039,0.0,40.470642857143375,0.0005180273809523969
2024-10-26 10:15:00+00:00,67040.208,67040.208,67040.208,67040.208,0.0,38.84232142857114,0.0005180273809523969
2024-10-26 10:20:00+00:00,67089.635,67089.635,67089.635,67089.635,0.0,41.42874999999913,0.0005180273809523969
2024-10-26 10:25:00+00:00,67048.0965,67072.803,67048.0965,67072.803,0.0,39.827928571427556,0.0005180273809523969
2024-10-26 10:35:00+00:00,67039.085,67039.085,67034.21,67034.21,0.0,40.857071428570116,0.0005180273809523969
2024-10-26 10:40:00+00:00,66987.85,66987.85,66954.805,66954.805,0.0,46.15960714285653,0.0005180273809523969
2024-10-26 10:45:00+00:00,66911.495,66986.4,66911.495,66986.4,0.0,46.42996428571392,0.0005180273809523969
2024-10-26 10:50:00+00:00,67018.401,67018.401,67018.401,67018.401,0.0,42.6145000000002,0.0004489581904762064
2024-10-26 10:55:00+00:00,66996.1355,66996.1355,66996.1355,66996.1355,0.0,41.282857142856564,0.0004489581904762064
2024-10-26 11:00:00+00:00,66947.333,66947.333,66947.333,66947.333,0.0,39.61585714285632,0.0004489581904762064
2024-10-26 11:05:00+00:00,66916.886,66916.886,66916.886,66916.886,0.0,41.24849999999943,0.0
2024-10-26 11:10:00+00:00,66882.2565,66962.2965,66882.2565,66962.2965,0.0,45.120499999999346,0.0
2024-10-26 11:15:00+00:00,66997.49,67020.3,66997.49,67011.0935,0.0003,46.99564285714275,1.4285714285730145e-05
2024-10-26 11:25:00+00:00,67039.487,67039.487,66990.8425,66990.8425,0.018143023,47.51517857142816,0.0008782391904762065
2024-10-26 11:35:00+00:00,67023.642,67023.642,67023.642,67023.642,0.0,48.14578571428553,0.0008782391904762065
2024-10-26 11:40:00+00:00,67056.247,67069.104,67023.642,67069.104,0.005804316,48.73814285714304,0.0011546351904762064
2024-10-26 11:45:00+00:00,67032.935,67032.935,67032.935,67032.935,0.0,47.79114285714396,0.0011546351904762064
2024-10-26 11:50:00+00:00,67067.057,67108.794,67067.057,67082.4115,0.000724971,50.24260714285837,0.0011891576190476351
2024-10-26 12:00:00+00:00,67029.8785,67074.4165,67029.8785,67074.4165,0.0,51.23832142857282,0.0011891576190476351
2024-10-26 12:05:00+00:00,67048.98,67048.98,67030.72,67032.47,0.0,48.68771428571511,0.0011891576190476351
2024-10-26 12:10:00+00:00,66999.455,66999.455,66999.455,66999.455,0.0,45.69557142857229,0.0011891576190476351
2024-10-26 12:15:00+00:00,66967.97,66967.97,66959.01,66959.01,0.0,46.29871428571538,0.0011891576190476351
2024-10-26 12:30:00+00:00,66936.4865,66967.515,66936.4865,66967.515,0.0,46.9246428571444,0.0011891576190476351
2024-10-26 12:35:00+00:00,66939.8085,66939.8085,66939.8085,66939.8085,0.0,45.41778571428689,0.0011891576190476351
2024-10-26 12:40:00+00:00,66956.7605,66983.61,66956.7605,66970.51,0.0008,46.37167857142985,0.0012272528571428732
2024-10-26 12:50:00+00:00,66943.4655,66943.4655,66943.4655,66943.4655,0.0,42.58628571428666,0.0012272528571428732
2024-10-26 13:00:00+00:00,66971.955,66971.955,66971.955,66971.955,0.0,40.478142857143084,0.0012272528571428732
2024-10-26 13:05:00+00:00,66941.295,66941.295,66941.295,66941.295,0.0,39.193535714286554,0.0012272528571428732
2024-10-26 13:10:00+00:00,66976.21,66976.21,66941.295,66959.849,0.003632032,39.34464285714369,0.001400206761904778
2024-10-26 13:15:00+00:00,66923.955,66923.955,66844.424,66844.424,0.0,44.34200000000107,0.001400206761904778
2024-10-26 13:20:00+00:00,66802.42,67017.804,66802.42,66983.8,0.0,57.14307142857225,0.001400206761904778
2024-10-26 13:30:00+00:00,67019.593,67019.593,67019.593,67019.593,0.0,54.28121428571467,0.001400206761904778
2024-10-26 13:40:00+00:00,66990.1,66990.1,66951.715,66951.715,0.0,55.37728571428618,0.001400206761904778
2024-10-26 13:45:00+00:00,66914.45,66914.45,66837.4,66837.4,0.0,60.42146428571453,0.0013859210476190637
2024-10-26 13:50:00+00:00,66806.0,66851.526,66806.0,66851.526,0.0,61.315107142857286,0.0005219675714285873
2024-10-26 13:55:00+00:00,66813.0985,66846.1,66813.0985,66846.1,0.0,61.171000000000014,0.0005219675714285873
2024-10-26 14:00:00+00:00,66808.12,66872.386,66801.2015,66801.2015,2.992e-05,64.03928571428592,0.0002469963333333492
2024-10-26 14:05:00+00:00,66840.0005,66840.0005,66784.581,66784.581,0.0,66.01878571428513,0.0002469963333333492
2024-10-26 14:10:00+00:00,66805.25,66841.2,66777.145,66803.2685,0.0014,67.4654642857131,0.00027914057142858727
2024-10-26 14:15:00+00:00,66818.68,66818.68,66752.58,66752.58,0.0,70.25514285714182,0.00027914057142858727
2024-10-26 14:20:00+00:00,66750.0,66750.0,66696.995,66739.4425,0.001,72.19053571428542,0.0003267596190476349
2024-10-26 14:25:00+00:00,66753.8135,66800.99,66732.138,66737.55,0.032403307,74.9185357142851,0.0018697742380952538
2024-10-26 14:30:00+00:00,66723.3285,66723.3285,66723.3285,66723.3285,0.0,73.44042857142735,0.0018697742380952538
2024-10-26 14:35:00+00:00,66741.055,66741.055,66741.055,66741.055,0.0,66.46196428571213,0.0018697742380952538
2024-10-26 14:40:00+00:00,66717.68,66717.68,66690.0,66707.9695,0.0,54.72417857142552,0.0018697742380952538
2024-10-26 14:45:00+00:00,66743.32,66767.95,66678.0,66678.0,0.000828684,58.59253571428313,0.0018711401428571587
2024-10-26 14:50:00+00:00,66725.56,66749.2,66725.56,66749.2,0.0,58.82982142856885,0.0018711401428571587
2024-10-26 14:55:00+00:00,66797.289,66797.289,66685.5455,66719.35,0.0,58.64614285714093,0.0018711401428571587
2024-10-26 15:00:00+00:00,66758.15,66801.529,66704.22,66755.8985,2.9949e-05,62.344928571426344,0.0018725662857143012
2024-10-26 15:05:00+00:00,66793.609,66793.609,66764.087,66764.087,0.0,62.29371428571176,0.0016996123809523964
2024-10-26 15:15:00+00:00,66722.135,66793.6925,66722.135,66793.6925,0.0,62.32035714285511,0.0016996123809523964
2024-10-26 15:20:00+00:00,66837.325,66870.45,66802.594,66802.594,0.0,63.844499999998206,0.0016996123809523964
2024-10-26 15:25:00+00:00,66822.8245,66822.8245,66822.8245,66822.8245,0.0,60.71417857142764,0.0016996123809523964
2024-10-26 15:30:00+00:00,66861.75,66868.6045,66793.038,66842.13,0.0,61.39035714285689,0.0016996123809523964
2024-10-26 15:35:00+00:00,66871.63,66871.63,66871.63,66871.63,0.0,59.52714285714215,0.0016996123809523964
2024-10-26 15:40:00+00:00,66891.0855,66891.0855,66891.0855,66891.0855,0.0,55.99882142857054,0.0016996123809523964
2024-10-26 15:45:00+00:00,66854.41,66854.41,66816.065,66816.065,0.0,60.34160714285618,0.0016996123809523964
2024-10-26 15:50:00+00:00,66788.8515,66788.8515,66788.8515,66788.8515,0.0,61.01924999999964,0.0016981876190476346
2024-10-26 16:00:00+00:00,66824.496,66867.947,66779.594,66824.64,0.001921642,63.68339285714319,0.0017896943809523967
2024-10-26 16:05:00+00:00,66860.1,66860.1,66842.75,66842.75,0.0,59.791250000001,0.0017230277142857302
2024-10-26 16:10:00+00:00,66872.8,66872.8,66774.6845,66774.6845,0.048395288,61.713785714286914,0.004027565238095254
2024-10-26 16:15:00+00:00,66729.62,66736.2,66729.62,66736.2,0.0,56.95100000000093,0.003979946190476207
2024-10-26 16:20:00+00:00,66768.762,66810.1345,66768.762,66810.1345,0.0,55.281392857144446,0.0024369315714285874
2024-10-26 16:25:00+00:00,66843.3755,66879.35,66830.5185,66879.35,0.0,57.53175000000192,0.0024369315714285874
2024-10-26 16:35:00+00:00,66847.93,66861.9945,66809.505,66845.25,0.0,57.40942857142987,0.0024369315714285874
2024-10-26 16:45:00+00:00,66879.37,66938.9,66879.37,66919.67,0.0,58.616035714287136,0.0024369315714285874
2024-10-26 16:50:00+00:00,66878.6,66878.6,66878.6,66878.6,0.0,60.104571428571944,0.0023974704285714445
2024-10-26 16:55:00+00:00,66881.305,66900.6,66881.305,66900.6,0.0,56.27839285714332,0.0023974704285714445
2024-10-26 17:00:00+00:00,66921.04,66921.04,66896.651,66913.81,0.0,55.91332142857157,0.0023974704285714445
2024-10-26 17:05:00+00:00,66894.5125,66927.425,66888.0,66927.425,0.0,57.33971428571489,0.0023960442857143016
2024-10-26 17:10:00+00:00,66918.655,66949.01,66905.25,66916.7025,0.0,55.106821428571756,0.0023960442857143016
2024-10-26 17:15:00+00:00,66919.6385,66952.991,66863.78,66952.991,0.0,59.535214285714446,0.0023960442857143016
2024-10-26 17:20:00+00:00,66930.3005,66949.519,66911.35,66938.855,0.0,56.19864285714201,0.0023960442857143016
2024-10-26 17:25:00+00:00,66961.432,66962.0505,66943.285,66961.665,0.0,55.32260714285595,0.0023960442857143016
2024-10-26 17:30:00+00:00,66962.585,66968.3,66962.555,66968.3,0.0,48.7882857142852,0.0023960442857143016
2024-10-26 17:35:00+00:00,66994.9695,67048.785,66994.9695,67034.68,0.001,51.31832142857041,0.002443663333333349
2024-10-26 17:40:00+00:00,67014.15,67014.15,67014.15,67014.15,0.0,47.50371428571297,0.002443663333333349
2024-10-26 17:45:00+00:00,67053.075,67053.075,67005.95,67005.95,0.0,45.9258214285697,0.002443663333333349
2024-10-26 17:50:00+00:00,66985.591,66988.7055,66985.591,66988.7055,0.0,42.3911071428551,0.002443663333333349
2024-10-26 17:55:00+00:00,66975.292,66975.292,66975.292,66975.292,0.0,36.65992857142659,0.0023521565714285874
2024-10-26 18:00:00+00:00,67003.5055,67003.5055,66961.872,66961.872,0.0,36.70017857142687,0.0023521565714285874
2024-10-26 18:05:00+00:00,66991.951,67051.87,66961.872,67051.87,0.001742966,41.55717857142632,0.00013061742857144445
2024-10-26 18:10:00+00:00,67059.7905,67059.7905,67047.915,67047.915,0.0,40.663357142855865,0.00013061742857144445
2024-10-26 18:15:00+00:00,67074.007,67074.007,67003.12,67003.12,0.026757487,42.910642857141546,0.001404783476190492
2024-10-26 18:20:00+00:00,67033.4615,67033.4615,67005.0485,67005.0485,0.0,41.95217857142831,0.001404783476190492
2024-10-26 18:30:00+00:00,67005.3575,67005.3575,67005.3575,67005.3575,0.0,35.60203571428532,0.001404783476190492
2024-10-26 18:35:00+00:00,67001.065,67001.065,67001.065,67001.065,0.0,32.93428571428584,0.001404783476190492
2024-10-26 18:50:00+00:00,67015.3065,67015.3065,67015.3065,67015.3065,0.0,32.29471428571456,0.001404783476190492
2024-10-26 18:55:00+00:00,66975.6,66989.345,66968.03,66968.03,0.0,35.197678571428696,0.001404783476190492
2024-10-26 19:05:00+00:00,66969.517,66969.517,66969.517,66969.517,0.0,29.55496428571496,0.001404783476190492
2024-10-26 19:10:00+00:00,67015.15,67059.929,67015.15,67059.929,0.0,34.54653571428623,0.001404783476190492
2024-10-26 19:15:00+00:00,67026.862,67066.064,67026.862,67028.2375,0.0,33.980607142858,0.001404783476190492
2024-10-26 19:20:00+00:00,67018.8435,67018.8435,67018.8435,67018.8435,0.0,33.19739285714396,0.001404783476190492
2024-10-26 19:25:00+00:00,67018.66,67018.66,67018.66,67018.66,0.0,32.25239285714425,0.001404783476190492
2024-10-26 19:35:00+00:00,67033.055,67042.695,67033.055,67042.695,0.0,30.995357142859056,0.001404783476190492
2024-10-26 19:40:00+00:00,67013.3105,67014.965,67013.3105,67014.965,0.0,26.6658214285739,0.001404783476190492
2024-10-26 19:50:00+00:00,67049.13,67055.16,66990.91,67055.16,0.006461718,30.406857142858957,0.0016648652857143016
2024-10-26 19:55:00+00:00,67097.3155,67097.3155,67097.3155,67097.3155,0.0,28.354607142858317,0.0016648652857143016
2024-10-26 20:00:00+00:00,67066.986,67093.916,67066.986,67093.916,0.0,28.35374999999996,0.0016648652857143016
2024-10-26 20:10:00+00:00,67118.231,67138.29,67088.815,67138.29,0.006929072,31.86560714285692,0.0019948210952381107
2024-10-26 20:15:00+00:00,67176.0725,67176.0725,67164.2695,67167.9585,0.0,34.25775000000015,0.0019948210952381107
2024-10-26 20:20:00+00:00,67196.0185,67241.9,67196.0185,67237.43,0.0,38.52203571428566,0.0019948210952381107
2024-10-26 20:30:00+00:00,67249.55,67371.35,67184.759,67184.759,0.001,48.47307142857088,0.0019594417619047777
2024-10-26 20:35:00+00:00,67225.925,67225.925,67163.0205,67163.0205,0.0,52.86003571428488,0.0019594417619047777
2024-10-26 20:40:00+00:00,67181.155,67191.12,67181.155,67191.12,0.0,48.409142857142015,0.0006852757142857301
2024-10-26 20:45:00+00:00,67182.545,67226.41,67182.545,67226.41,0.0,48.74221428571348,0.0006852757142857301
2024-10-26 20:50:00+00:00,67190.63,67190.63,67123.0965,67150.725,0.0,55.45074999999945,0.0006852757142857301
2024-10-26 20:55:00+00:00,67168.25,67168.25,67160.9965,67160.9965,0.0,56.68942857142766,0.0006852757142857301
2024-10-26 21:00:00+00:00,67155.29,67162.49,67155.29,67162.49,0.0,55.486928571428244,0.0006852757142857301
2024-10-26 21:05:00+00:00,67185.882,67185.882,67147.9945,67147.9945,0.0,56.09428571428517,0.0006852757142857301
2024-10-26 21:10:00+00:00,67162.398,67162.398,67140.0035,67140.0035,0.0,53.10460714285624,0.0006852757142857301
2024-10-26 21:15:00+00:00,67147.1795,67147.1795,67112.09,67124.111,0.0,52.59989285714255,0.0006852757142857301
2024-10-26 21:20:00+00:00,67113.6975,67113.6975,67113.6975,67113.6975,0.0,51.17732142857234,0.0006852757142857301
2024-10-26 21:25:00+00:00,67114.35,67126.95,67110.0,67112.8255,0.0,48.854107142858474,0.0006852757142857301
2024-10-26 21:30:00+00:00,67097.459,67185.5435,67097.459,67167.055,0.0,52.447107142858194,0.0006852757142857301
2024-10-26 21:35:00+00:00,67170.14,67183.725,67106.9,67106.9,0.0,52.65307142857325,0.0006852757142857301
2024-10-26 21:40:00+00:00,67081.315,67081.315,67064.415,67075.853,0.0,42.359785714287554,0.0006852757142857301
2024-10-26 21:45:00+00:00,67043.1755,67043.1755,67025.475,67039.725,0.0,41.46503571428703,0.00037757485714287294
2024-10-26 21:50:00+00:00,67025.3115,67082.6035,67023.35,67082.6035,0.0,43.690321428572396,0.00037757485714287294
2024-10-26 21:55:00+00:00,67110.205,67110.205,67104.0025,67104.0025,0.0,42.52864285714376,0.00037757485714287294
2024-10-26 22:00:00+00:00,67089.355,67150.62,67089.355,67150.62,0.0,39.52517857142915,4.7619047619063484e-05
2024-10-26 22:05:00+00:00,67142.2105,67142.2105,67090.345,67090.345,0.0,42.57875000000058,4.7619047619063484e-05
2024-10-26 22:10:00+00:00,67083.139,67107.325,67083.139,67085.0005,0.0,43.792035714285575,4.7619047619063484e-05
2024-10-26 22:15:00+00:00,67063.9255,67063.9255,67059.51,67059.51,0.0,42.90653571428577,0.0
2024-10-26 22:20:00+00:00,67046.405,67081.5,67046.405,67050.71,0.0,43.813714285714795,0.0
2024-10-26 22:30:00+00:00,67085.1575,67085.1575,67085.1575,67085.1575,0.0,43.767857142857146,0.0
2024-10-26 22:35:00+00:00,67087.595,67098.435,67087.595,67098.435,0.0,43.972428571427635,0.0
2024-10-26 22:40:00+00:00,67110.5,67124.292,67101.91,67124.292,0.0,44.608642857142385,0.0
2024-10-26 22:45:00+00:00,67081.7275,67090.6,67078.736,67078.736,0.0,41.57089285714236,0.0
2024-10-26 22:50:00+00:00,67078.6795,67093.419,67047.0915,67050.82,0.0,39.39249999999863,0.0
2024-10-26 22:55:00+00:00,67067.4815,67067.4815,67050.4565,67054.341,0.0,37.57392857142674,0.0
2024-10-26 23:00:00+00:00,67025.725,67061.26,67025.725,67061.26,0.0,36.513714285711885,0.0
2024-10-26 23:05:00+00:00,67040.8345,67040.8345,67040.8345,67040.8345,0.0,33.740285714283736,0.0
2024-10-26 23:10:00+00:00,67034.1845,67034.1845,67007.72,67017.675,0.0,34.13407142856886,0.0
2024-10-26 23:15:00+00:00,67018.485,67075.615,67018.485,67025.5875,0.0,33.89657142856907,0.0
2024-10-26 23:20:00+00:00,67029.39,67029.39,67002.308,67012.925,0.0,31.525642857140546,0.0
2024-10-26 23:25:00+00:00,67002.7025,67044.585,67002.7025,67036.9365,0.0,32.78967857142665,0.0
2024-10-26 23:30:00+00:00,67025.054,67059.5775,67024.45,67059.5775,0.0,33.47803571428397,0.0
2024-10-26 23:35:00+00:00,67021.555,67059.5775,67021.555,67055.4455,0.0007,33.68714285714149,3.333333333334919e-05
2024-10-26 23:40:00+00:00,67056.2285,67056.2285,67056.2285,67056.2285,0.0,31.282535714284418,3.333333333334919e-05
2024-10-26 23:45:00+00:00,67002.3115,67002.3115,67002.3115,67002.3115,0.0,34.18535714285618,3.333333333334919e-05
2024-10-26 23:50:00+00:00,67027.012,67027.012,67015.5035,67017.6,0.0,34.10274999999923,3.333333333334919e-05
2024-10-27 00:00:00+00:00,67000.6,67000.6,66997.452,66997.452,0.0,32.28789285714239,3.333333333334919e-05
2024-10-27 00:05:00+00:00,66963.767,66963.767,66963.767,66963.767,0.0,31.384857142856553,3.333333333334919e-05
2024-10-27 00:15:00+00:00,66923.7485,66923.7485,66923.7485,66923.7485,0.0,33.02725000000022,3.333333333334919e-05
2024-10-27 00:20:00+00:00,66963.88,66963.88,66963.88,66963.88,0.0,33.35557142857267,3.333333333334919e-05
2024-10-27 00:25:00+00:00,66998.26,66998.26,66998.26,66998.26,0.0,34.35232142857213,3.333333333334919e-05
2024-10-27 00:30:00+00:00,66977.0525,66977.0525,66977.0525,66977.0525,0.0,33.50182142857167,3.333333333334919e-05
2024-10-27 00:45:00+00:00,66953.991,66953.991,66923.95,66923.95,0.0,33.15628571428637,3.333333333334919e-05
2024-10-27 00:50:00+00:00,66949.185,66949.185,66949.185,66949.185,0.0,33.02435714285821,3.333333333334919e-05
2024-10-27 01:00:00+00:00,66897.916,66897.916,66897.916,66897.916,0.0,33.69482142857201,3.333333333334919e-05
2024-10-27 01:05:00+00:00,66909.85,66909.85,66909.85,66909.85,0.0,32.038142857143875,3.333333333334919e-05
2024-10-27 01:10:00+00:00,66878.16,66878.16,66878.16,66878.16,0.0,31.585821428572153,3.333333333334919e-05
2024-10-27 01:15:00+00:00,66919.35,66919.35,66919.35,66919.35,0.0,34.4720357142869,3.333333333334919e-05
2024-10-27 01:20:00+00:00,66883.4375,66883.4375,66883.4375,66883.4375,0.0,33.18600000000151,3.333333333334919e-05
2024-10-27 01:25:00+00:00,66901.203,66901.203,66901.203,66901.203,0.0,32.690642857143494,3.333333333334919e-05
2024-10-27 01:30:00+00:00,66934.8535,66968.1,66934.8535,66968.1,0.0,36.029857142858546,3.333333333334919e-05
2024-10-27 01:40:00+00:00,66934.548,66934.548,66934.548,66934.548,0.0,36.020357142859474,3.333333333334919e-05
2024-10-27 01:45:00+00:00,66896.36,66988.2,66896.36,66988.2,0.0,39.72189285714454,3.333333333334919e-05
2024-10-27 01:50:00+00:00,66981.075,67011.911,66981.075,67011.911,0.0003,39.05792857142972,1.4285714285730145e-05
2024-10-27 02:00:00+00:00,66978.92,66978.92,66978.92,66978.92,0.0,38.95871428571575,1.4285714285730145e-05
2024-10-27 02:05:00+00:00,67021.34,67021.34,67021.34,67021.34,0.0,40.473892857144946,1.4285714285730145e-05
2024-10-27 02:15:00+00:00,66998.018,66998.018,66962.993,66964.9355,8.53e-06,40.848500000001096,1.469190476192062e-05
2024-10-27 02:45:00+00:00,66959.898,66959.898,66959.898,66959.898,0.0,39.4058214285729,1.469190476192062e-05
2024-10-27 02:50:00+00:00,66960.535,66960.535,66960.535,66960.535,0.0,35.78925000000163,1.469190476192062e-05
2024-10-27 02:55:00+00:00,66967.083,66967.083,66967.083,66967.083,0.0,35.4045357142864,1.469190476192062e-05
2024-10-27 03:00:00+00:00,66945.421,66945.421,66945.421,66945.421,0.0,34.68825000000028,1.469190476192062e-05
2024-10-27 03:05:00+00:00,66971.56,66971.56,66971.56,66971.56,0.0,33.61317857142837,1.469190476192062e-05
2024-10-27 03:10:00+00:00,66971.86,66971.86,66971.86,66971.86,0.0,31.069428571428165,1.469190476192062e-05
2024-10-27 03:15:00+00:00,66987.747,66987.747,66987.747,66987.747,0.0,30.93525000000019,1.469190476192062e-05
2024-10-27 03:20:00+00:00,66976.494,67066.5025,66976.494,67066.5025,0.000301477,32.58607142857051,2.9047952380968236e-05
2024-10-27 03:25:00+00:00,67102.202,67103.4635,67086.064,67103.4635,0.0,32.82957142856945,2.9047952380968236e-05
2024-10-27 03:30:00+00:00,67126.3,67126.3,67089.325,67089.325,0.0,28.910642857141543,2.9047952380968236e-05
2024-10-27 03:35:00+00:00,67111.086,67138.841,67068.25,67068.25,0.0,31.750285714284733,2.9047952380968236e-05
2024-10-27 03:40:00+00:00,67102.1325,67111.472,67094.5395,67094.5395,0.0,32.48107142857043,2.9047952380968236e-05
2024-10-27 03:45:00+00:00,67114.268,67145.1,67098.7335,67141.465,0.0,33.06253571428533,2.9047952380968236e-05
2024-10-27 03:50:00+00:00,67197.608,67236.4805,67191.495,67204.32,0.0,35.681714285714925,2.9047952380968236e-05
2024-10-27 03:55:00+00:00,67191.33,67191.33,67177.414,67177.414,0.0,37.24375000000042,2.9047952380968236e-05
2024-10-27 04:00:00+00:00,67213.034,67246.223,67161.29,67161.29,2.9954e-05,43.26489285714342,3.0474333333349187e-05
2024-10-27 04:05:00+00:00,67184.25,67184.25,67183.475,67183.475,0.0,44.43717857142993,3.0474333333349187e-05
2024-10-27 04:10:00+00:00,67183.165,67183.165,67152.545,67152.545,0.0,45.09917857143072,1.6188619047634905e-05
2024-10-27 04:20:00+00:00,67164.925,67164.925,67164.925,67164.925,0.0,44.11639285714565,1.6188619047634905e-05
2024-10-27 04:25:00+00:00,67185.25,67185.25,67151.8145,67151.8145,0.001448292,46.48321428571736,8.515490476192062e-05
2024-10-27 04:35:00+00:00,67114.5435,67114.5435,67086.4,67086.4,0.0,50.02089285714568,8.474871428573014e-05
2024-10-27 04:45:00+00:00,67066.505,67087.955,67066.505,67087.955,0.0,45.123857142860025,8.474871428573014e-05
2024-10-27 04:55:00+00:00,67097.76,67097.76,67077.803,67077.803,0.0,43.90928571428854,8.474871428573014e-05
2024-10-27 05:05:00+00:00,67084.7255,67084.7255,67084.7255,67084.7255,0.0,41.762678571431024,8.474871428573014e-05
2024-10-27 05:20:00+00:00,67102.326,67102.326,67102.326,67102.326,0.0,37.97764285714532,8.474871428573014e-05
2024-10-27 05:25:00+00:00,67085.78,67109.4,67085.78,67098.235,0.0,36.57750000000254,8.474871428573014e-05
2024-10-27 05:30:00+00:00,67109.89,67121.3685,67101.6785,67101.6785,0.0,34.61842857143035,8.474871428573014e-05
2024-10-27 05:35:00+00:00,67069.177,67116.13,67069.177,67116.13,0.0,31.185392857144638,8.474871428573014e-05
2024-10-27 05:40:00+00:00,67136.075,67136.075,67131.35,67131.35,0.0,30.68817857142962,7.039266666668252e-05
2024-10-27 05:50:00+00:00,67112.3765,67115.475,67112.3765,67115.475,0.0,25.97678571428696,7.039266666668252e-05
2024-10-27 06:00:00+00:00,67073.9665,67084.42,67073.9665,67084.42,0.0,27.301678571430134,7.039266666668252e-05
2024-10-27 06:05:00+00:00,67086.9,67086.9,67067.9295,67067.9295,0.0,26.447428571429295,7.039266666668252e-05
2024-10-27 06:10:00+00:00,67082.1,67082.1,67080.68,67080.68,0.0,26.57532142857235,7.039266666668252e-05
2024-10-27 06:15:00+00:00,67069.435,67069.435,67052.0,67052.0,0.0,26.23564285714279,7.039266666668252e-05
2024-10-27 06:25:00+00:00,67079.1,67079.1,67059.7175,67072.275,0.0,23.498892857143282,7.039266666668252e-05
2024-10-27 06:30:00+00:00,67054.22,67054.22,67054.22,67054.22,0.0,23.25639285714299,7.039266666668252e-05
2024-10-27 06:35:00+00:00,67062.67,67068.648,67062.67,67068.648,0.0,22.861464285714778,6.896628571430157e-05
2024-10-27 06:50:00+00:00,67063.8715,67076.546,67063.8715,67071.15,0.0,23.272321428572468,6.896628571430157e-05
2024-10-27 06:55:00+00:00,67078.775,67078.775,67078.775,67078.775,0.0,22.559785714286722,6.896628571430157e-05
2024-10-27 07:00:00+00:00,67111.225,67111.225,67111.225,67111.225,0.0,23.19050000000217,6.896628571430157e-05
2024-10-27 07:05:00+00:00,67098.69,67114.65,67098.69,67114.65,0.0,22.678107142858998,0.0
2024-10-27 07:10:00+00:00,67093.85,67144.93,67093.85,67144.93,0.0,22.972892857143183,0.0
2024-10-27 07:15:00+00:00,67109.46,67155.1365,67109.46,67155.1365,0.3,24.810857142857067,0.014285714285714301
2024-10-27 07:25:00+00:00,67114.965,67127.4955,67103.235,67115.83,0.0,27.16285714285602,0.014285714285714301
2024-10-27 07:30:00+00:00,67132.505,67132.505,67103.244,67105.68,0.0,26.28803571428372,0.014285714285714301
2024-10-27 07:35:00+00:00,67107.5335,67131.667,67096.474,67121.015,0.000289889,27.44678571428397,0.014299518523809538
2024-10-27 07:40:00+00:00,67111.649,67115.045,67081.726,67115.045,0.0001,29.240964285712316,0.014304280428571443
2024-10-27 07:45:00+00:00,67109.4915,67129.472,67079.0,67129.472,0.00028859,30.797535714283836,0.014318022809523826
2024-10-27 07:50:00+00:00,67125.405,67137.635,67112.685,67134.425,0.0,30.64396428571178,0.014318022809523826
2024-10-27 07:55:00+00:00,67124.135,67148.2885,67114.945,67116.43,0.0,31.735999999997148,0.014318022809523826
2024-10-27 08:00:00+00:00,67149.0425,67164.6,67136.85,67164.6,0.0,34.14614285714093,0.014318022809523826
2024-10-27 08:05:00+00:00,67123.15,67123.15,67123.15,67123.15,0.0,36.20153571428403,0.014318022809523826
2024-10-27 08:10:00+00:00,67158.867,67173.685,67157.6005,67173.385,0.0,39.266535714284274,0.014318022809523826
2024-10-27 08:15:00+00:00,67169.4515,67172.7,67144.936,67150.0505,0.0,38.98074999999725,0.014318022809523826
2024-10-27 08:20:00+00:00,67151.308,67151.308,67129.495,67148.96,0.0,39.39882142856992,0.014318022809523826
2024-10-27 08:25:00+00:00,67142.8485,67166.7,67122.031,67122.1485,0.004346078,38.94089285714186,0.014524978904761919
2024-10-27 08:30:00+00:00,67146.2465,67146.2465,67141.906,67141.906,0.0,37.399571428571235,0.014524978904761919
2024-10-27 08:35:00+00:00,67118.6055,67149.357,67090.9575,67090.9575,0.0,37.863714285714586,0.014524978904761919
2024-10-27 08:40:00+00:00,67091.845,67100.95,67081.775,67085.296,0.0,37.14328571428632,0.014524978904761919
2024-10-27 08:45:00+00:00,67082.37,67082.37,67082.37,67082.37,0.0,34.83850000000114,0.014524978904761919
2024-10-27 08:50:00+00:00,67124.4035,67124.4035,67124.4035,67124.4035,0.0,35.0345357142869,0.014524978904761919
2024-10-27 08:55:00+00:00,67146.505,67146.505,67146.505,67146.505,0.0,33.00807142857333,0.014524978904761919
2024-10-27 09:00:00+00:00,67093.82,67093.82,67093.82,67093.82,0.0,34.989142857144806,0.014524978904761919
2024-10-27 09:05:00+00:00,67083.285,67083.285,67083.285,67083.285,0.0,33.35996428571733,0.0002392646190476349
2024-10-27 09:10:00+00:00,67093.54,67093.54,67062.5155,67062.5155,0.0,32.13528571428781,0.0002392646190476349
2024-10-27 09:15:00+00:00,67060.4585,67098.6675,67060.4585,67070.9595,0.0,31.90378571428716,0.0002392646190476349
2024-10-27 09:20:00+00:00,67089.8015,67093.54,67059.2715,67059.2715,0.0,30.741892857143416,0.00022546038095239682
2024-10-27 09:25:00+00:00,67078.2305,67091.835,67064.425,67064.425,0.0,31.035785714287027,0.00022069847619049203
2024-10-27 09:30:00+00:00,67041.4285,67075.35,67031.5805,67051.115,0.002860219,32.604107142858474,0.0003431570000000159
2024-10-27 09:35:00+00:00,67035.0415,67062.0445,67030.59,67062.0445,0.0,31.660214285716524,0.0003431570000000159
2024-10-27 09:40:00+00:00,67037.9195,67055.305,67030.1415,67042.12,0.0,32.217714285717065,0.0003431570000000159
2024-10-27 09:45:00+00:00,67042.8375,67059.6615,67027.1045,67053.8035,0.0,30.37182142857429,0.0003431570000000159
2024-10-27 09:50:00+00:00,67032.59,67057.13,67030.95,67051.1505,0.0,30.872178571431764,0.0003431570000000159
2024-10-27 09:55:00+00:00,67047.355,67068.7,67033.571,67068.7,0.0,33.172392857145624,0.0003431570000000159
2024-10-27 10:00:00+00:00,67069.241,67074.906,67048.3,67054.456,0.0,32.070428571430966,0.0003431570000000159
2024-10-27 10:05:00+00:00,67067.503,67079.5675,67054.265,67075.615,0.0,32.29907142857389,0.0003431570000000159
2024-10-27 10:10:00+00:00,67057.8965,67110.055,67057.8965,67099.175,0.0,32.26146428571623,0.00013620090476192063
2024-10-27 10:15:00+00:00,67074.25,67099.87,67042.21,67047.7495,0.0,35.62753571428662,0.00013620090476192063
2024-10-27 10:20:00+00:00,67035.305,67053.514,67002.02,67004.049,0.0,37.08964285714319,0.00013620090476192063
2024-10-27 10:25:00+00:00,67041.745,67051.8795,67028.9095,67045.339,0.0,37.77689285714275,0.00013620090476192063
2024-10-27 10:30:00+00:00,67037.035,67044.894,67006.8005,67013.705,0.0,38.08189285714408,0.00013620090476192063
2024-10-27 10:35:00+00:00,67027.261,67029.725,66998.74,67028.3665,0.0,37.969142857143844,0.00013620090476192063
2024-10-27 10:40:00+00:00,67020.985,67028.18,67001.858,67018.6575,0.0,36.73621428571538,0.00013620090476192063
2024-10-27 10:45:00+00:00,67020.031,67020.031,66991.0,66996.1,0.0,36.563107142857916,0.00013620090476192063
2024-10-27 10:50:00+00:00,67020.205,67029.8145,66999.041,66999.041,0.0,36.69249999999946,0.00013620090476192063
2024-10-27 10:55:00+00:00,67018.69,67029.45,67003.85,67005.742,0.0,36.539071428570814,0.00013620090476192063
2024-10-27 11:00:00+00:00,67015.548,67015.548,67015.548,67015.548,0.0,35.36949999999862,0.00013620090476192063
2024-10-27 11:05:00+00:00,66982.3,66982.3,66982.3,66982.3,0.0,35.23514285714087,0.00013620090476192063
2024-10-27 11:10:00+00:00,66987.05,66987.05,66987.05,66987.05,0.0,33.67399999999803,0.00013620090476192063
2024-10-27 11:15:00+00:00,66984.155,67043.4995,66984.155,67043.4995,0.0,36.10557142856955,0.0
2024-10-27 11:25:00+00:00,67024.803,67066.2675,67024.803,67066.2675,0.0,35.34171428571322,0.0
2024-10-27 11:30:00+00:00,67088.834,67088.834,67081.3955,67081.3955,0.0,32.835035714285496,0.0
2024-10-27 11:45:00+00:00,67056.741,67056.741,67056.741,67056.741,0.0,30.91792857142926,0.0
2024-10-27 11:55:00+00:00,67042.0415,67056.8045,67042.0415,67042.3565,0.0,28.555964285714644,0.0
2024-10-27 12:00:00+00:00,67028.9,67072.6415,67028.9,67072.6415,0.0,28.927607142857077,0.0
2024-10-27 12:05:00+00:00,67041.25,67080.66,67041.25,67058.937,0.000725275,29.529392857142998,3.4536904761920626e-05
2024-10-27 12:10:00+00:00,67064.212,67122.0,67055.708,67122.0,0.0,32.371071428570886,3.4536904761920626e-05
2024-10-27 12:15:00+00:00,67117.8565,67143.05,67114.555,67137.6105,0.0,32.33278571428569,3.4536904761920626e-05
2024-10-27 12:20:00+00:00,67174.4615,67303.738,67174.4615,67273.8725,0.0,41.790857142858194,3.4536904761920626e-05
2024-10-27 12:25:00+00:00,67312.075,67312.075,67263.43,67268.801,0.0,43.09342857142993,3.4536904761920626e-05
2024-10-27 12:30:00+00:00,67308.3215,67417.205,67308.3215,67371.383,0.000140405,52.99328571428695,4.122285714287301e-05
2024-10-27 12:35:00+00:00,67363.85,67363.85,67358.205,67358.205,0.0,51.559714285716055,4.122285714287301e-05
2024-10-27 12:40:00+00:00,67324.869,67324.869,67301.34,67301.34,0.0,55.28221428571643,4.122285714287301e-05
2024-10-27 12:45:00+00:00,67330.129,67333.082,67288.585,67333.082,0.0,54.22167857142943,4.122285714287301e-05
2024-10-27 12:50:00+00:00,67355.2945,67355.2945,67307.6935,67309.5,0.0,54.66000000000141,4.122285714287301e-05
2024-10-27 12:55:00+00:00,67318.144,67320.09,67313.745,67313.745,0.0,53.80453571428682,4.122285714287301e-05
2024-10-27 13:00:00+00:00,67347.4945,67466.594,67335.09,67466.594,0.0,62.96128571428666,4.122285714287301e-05
2024-10-27 13:05:00+00:00,67429.94,67552.712,67429.94,67552.712,0.001,70.67621428571563,8.884190476192063e-05
2024-10-27 13:10:00+00:00,67528.9505,67551.01,67510.5,67510.5,0.01440451,70.56696428571533,0.0007747709523809683
2024-10-27 13:15:00+00:00,67543.2675,67543.2675,67543.2675,67543.2675,0.0,70.09250000000091,0.0007747709523809683
2024-10-27 13:20:00+00:00,67566.2435,67679.4,67566.2435,67664.05,0.030613649,75.08110714285742,0.0022325637619047775
2024-10-27 13:25:00+00:00,67639.031,67655.6535,67573.4075,67573.4075,0.0,79.52021428571399,0.0022325637619047775
2024-10-27 13:30:00+00:00,67603.13,67603.13,67518.58,67554.0525,0.00228408,73.69324999999974,0.002341329476190492
2024-10-27 13:35:00+00:00,67588.5165,67611.35,67578.9655,67578.9655,0.0,74.3112857142852,0.002341329476190492
2024-10-27 13:40:00+00:00,67598.43,67598.43,67579.4785,67594.865,0.0,65.10132142857037,0.002341329476190492
2024-10-27 13:45:00+00:00,67579.6015,67618.315,67577.915,67618.315,0.0,67.04574999999957,0.002341329476190492
2024-10-27 13:50:00+00:00,67614.072,67632.8,67584.414,67584.9985,0.0,66.44010714285625,0.0023067925714285874
2024-10-27 13:55:00+00:00,67554.5695,67562.245,67508.45,67562.245,0.0,68.72950000000024,0.0023067925714285874
2024-10-27 14:00:00+00:00,67555.667,67571.7385,67543.7,67543.7,0.0,67.33217857142881,0.0023067925714285874
2024-10-27 14:05:00+00:00,67568.946,67667.65,67568.946,67628.8475,0.0,75.42932142857171,0.0023067925714285874
2024-10-27 14:10:00+00:00,67608.5,67608.5,67562.1265,67562.1265,0.0,69.27732142857192,0.0023067925714285874
2024-10-27 14:15:00+00:00,67588.55,67588.55,67586.894,67586.894,0.0,62.39528571428673,0.002300106619047635
2024-10-27 14:20:00+00:00,67596.568,67614.955,67588.5635,67588.5635,0.0,61.384500000001154,0.002300106619047635
2024-10-27 14:25:00+00:00,67608.25,67608.25,67608.25,67608.25,0.0,60.45014285714361,0.002300106619047635
2024-10-27 14:30:00+00:00,67562.9365,67609.905,67562.9365,67609.905,0.0,54.081285714287205,0.002300106619047635
2024-10-27 14:35:00+00:00,67655.2,67655.2,67650.985,67650.985,0.0,50.84217857142981,0.002300106619047635
2024-10-27 14:40:00+00:00,67628.025,67628.025,67628.025,67628.025,0.0,46.442892857144344,0.002300106619047635
2024-10-27 14:45:00+00:00,67620.485,67620.485,67620.485,67620.485,0.0,42.888785714286705,0.002300106619047635
2024-10-27 14:50:00+00:00,67580.975,67580.975,67580.975,67580.975,0.0,44.32060714285866,0.0022524875714285872
2024-10-27 15:00:00+00:00,67628.53,67736.8,67628.132,67736.8,0.0,52.56525000000069,0.0015665585238095396
2024-10-27 15:05:00+00:00,67701.175,67737.8,67700.114,67700.114,0.0,51.80096428571518,0.0015665585238095396
2024-10-27 15:10:00+00:00,67681.821,67681.821,67681.821,67681.821,0.0,47.63985714285809,0.00010876571428573014
2024-10-27 15:15:00+00:00,67676.8435,67682.65,67676.8435,67682.65,0.0,46.0518571428568,0.00010876571428573014
2024-10-27 15:20:00+00:00,67657.5445,67657.5445,67657.5445,67657.5445,0.0,38.9915357142849,0.0
2024-10-27 15:25:00+00:00,67655.475,67655.475,67623.9,67623.9,0.0,36.62892857142807,0.0
2024-10-27 15:30:00+00:00,67614.6,67652.075,67614.6,67652.075,0.0,37.41832142856999,0.0
2024-10-27 15:35:00+00:00,67679.57,67719.241,67679.57,67684.0775,0.0,40.21153571428398,0.0
2024-10-27 15:40:00+00:00,67713.235,67717.472,67713.235,67717.472,0.0,41.19067857142675,0.0
2024-10-27 15:45:00+00:00,67741.805,67741.805,67741.805,67741.805,0.0,39.57385714285504,0.0
2024-10-27 15:50:00+00:00,67719.96,67719.96,67673.63,67673.63,0.0,41.20814285714005,0.0
2024-10-27 15:55:00+00:00,67707.7,67743.5,67673.63,67698.4,0.001286553,44.55885714285354,6.126442857144443e-05
2024-10-27 16:00:00+00:00,67733.45,67787.92,67699.15,67765.094,0.005025965,50.41457142856858,0.0003005960952381111
2024-10-27 16:05:00+00:00,67717.126,67738.525,67717.126,67738.525,0.0,51.01871428571134,0.0003005960952381111
2024-10-27 16:10:00+00:00,67777.9,67777.9,67737.3015,67746.944,0.0001,42.78824999999675,0.00030535800000001587
2024-10-27 16:15:00+00:00,67782.5835,67782.5835,67696.6155,67713.116,0.0,46.236964285710464,0.00030535800000001587
2024-10-27 16:20:00+00:00,67690.68,67690.68,67645.855,67645.855,0.0,49.73467857142428,0.00030535800000001587
2024-10-27 16:25:00+00:00,67657.042,67657.042,67616.65,67616.65,0.0,52.20507142856825,0.00030535800000001587
2024-10-27 16:30:00+00:00,67586.89,67590.845,67586.89,67590.845,0.0,52.53753571428284,0.00030535800000001587
2024-10-27 16:40:00+00:00,67625.285,67655.77,67625.285,67655.77,0.0,54.7718571428538,0.00030535800000001587
2024-10-27 16:45:00+00:00,67692.31,67692.31,67692.31,67692.31,0.0,54.70507142856825,0.00030535800000001587
2024-10-27 16:50:00+00:00,67727.22,67727.22,67646.023,67725.61,0.00019975,55.707285714282726,0.0003148699047619206
2024-10-27 16:55:00+00:00,67729.754,67743.335,67729.754,67734.501,0.0,54.588035714283514,0.0003148699047619206
2024-10-27 17:05:00+00:00,67705.5475,67705.5475,67661.335,67699.6755,0.015195074,58.076107142854845,0.001038444857142873
2024-10-27 17:10:00+00:00,67691.28,67712.2405,67688.27,67689.815,0.0,54.918642857141094,0.001038444857142873
2024-10-27 17:15:00+00:00,67721.23,67721.23,67693.994,67693.994,0.0,52.17185714285525,0.001038444857142873
2024-10-27 17:20:00+00:00,67668.914,67699.11,67654.775,67680.385,0.0,48.944357142855424,0.001038444857142873
2024-10-27 17:25:00+00:00,67703.2125,67703.2125,67697.5935,67697.5935,0.0,47.148607142855845,0.001038444857142873
2024-10-27 17:30:00+00:00,67731.9185,67900.2755,67731.9185,67871.469,0.0,58.72599999999927,0.001038444857142873
2024-10-27 17:35:00+00:00,67893.6605,67893.6605,67865.9895,67865.9895,0.0,54.56192857142845,0.001038444857142873
2024-10-27 17:40:00+00:00,67828.25,67828.25,67779.37,67779.37,0.0,55.944678571428604,0.001038444857142873
2024-10-27 17:45:00+00:00,67749.6505,67749.6505,67749.6505,67749.6505,0.0,55.1823571428561,0.001038444857142873
2024-10-27 17:50:00+00:00,67749.475,67783.5,67722.586,67722.586,0.007895307,57.40764285714249,0.0013531474285714445
2024-10-27 17:55:00+00:00,67700.625,67700.625,67679.228,67681.945,0.0,55.86714285714178,0.0011138157619047778
2024-10-27 18:00:00+00:00,67725.52,67725.52,67647.445,67656.85,0.001028691,58.83392857142774,0.0011628010476190634
2024-10-27 18:05:00+00:00,67644.32,67644.32,67609.75,67609.75,0.0,56.39842857142815,0.0011580391428571589
2024-10-27 18:10:00+00:00,67603.9,67641.611,67579.24,67608.7905,0.0,59.58742857142767,0.0011580391428571589
2024-10-27 18:15:00+00:00,67583.403,67609.339,67583.403,67584.2255,0.0,56.21385714285653,0.0011580391428571589
2024-10-27 18:20:00+00:00,67566.045,67599.635,67566.045,67599.635,0.0,56.90096428571373,0.0011580391428571589
2024-10-27 18:25:00+00:00,67608.15,67624.19,67595.9395,67617.98,0.0,56.67492857142913,0.0011580391428571589
2024-10-27 18:30:00+00:00,67633.062,67633.062,67593.835,67593.835,0.0,56.310071428571455,0.0011580391428571589
2024-10-27 18:35:00+00:00,67575.5,67602.735,67575.5,67602.735,0.016928731,56.62489285714297,0.0019641691904762064
2024-10-27 18:40:00+00:00,67656.26,67656.26,67639.505,67639.505,0.0,45.97082142857107,0.0019546572857143014
2024-10-27 18:45:00+00:00,67618.325,67618.325,67537.4135,67560.44,0.0,51.286571428571605,0.0019546572857143014
2024-10-27 18:50:00+00:00,67535.5785,67535.5785,67496.08,67496.08,0.0,49.69660714285731,0.001231082333333349
2024-10-27 18:55:00+00:00,67497.835,67508.068,67487.83,67502.4625,0.0,49.01935714285771,0.001231082333333349
2024-10-27 19:00:00+00:00,67531.075,67531.075,67506.45,67516.535,0.0,46.71210714285761,0.001231082333333349
2024-10-27 19:05:00+00:00,67476.25,67549.9885,67476.25,67549.9885,0.0,48.88214285714431,0.001231082333333349
2024-10-27 19:10:00+00:00,67514.144,67532.2085,67485.616,67513.0585,0.0,47.90339285714539,0.001231082333333349
2024-10-27 19:15:00+00:00,67545.4315,67552.1,67545.4315,67552.1,0.0,47.32778571428831,0.001231082333333349
2024-10-27 19:20:00+00:00,67592.825,67592.825,67592.825,67592.825,0.0,45.78164285714489,0.001231082333333349
2024-10-27 19:25:00+00:00,67597.1005,67730.2585,67597.1005,67730.2585,0.0,53.74575000000186,0.001231082333333349
2024-10-27 19:30:00+00:00,67745.02,67745.02,67745.02,67745.02,0.0,52.40085714285981,0.001231082333333349
2024-10-27 19:35:00+00:00,67695.8645,67700.385,67680.16,67700.385,0.0,55.01582142857348,0.000855115333333349
2024-10-27 19:40:00+00:00,67725.87,67727.31,67725.87,67727.31,0.0,54.13710714285948,0.000855115333333349
2024-10-27 19:45:00+00:00,67715.03,67715.03,67715.03,67715.03,0.0,53.068892857145066,0.0008061300476190633
2024-10-27 19:50:00+00:00,67741.179,67767.74,67663.9,67725.3,0.006962338,56.662821428574844,0.001137669952380968
2024-10-27 19:55:00+00:00,67771.595,67771.595,67771.595,67771.595,0.0,52.677357142859755,0.001137669952380968
2024-10-27 20:00:00+00:00,67758.225,67758.225,67744.949,67744.949,0.0,49.98350000000313,0.001137669952380968
2024-10-27 20:05:00+00:00,67749.494,67749.494,67701.8405,67721.42,0.0,51.94175000000333,0.001137669952380968
2024-10-27 20:10:00+00:00,67722.51,67752.1325,67715.95,67752.1325,0.0,52.482464285718116,0.001137669952380968
2024-10-27 20:15:00+00:00,67735.8855,67784.1,67735.8855,67784.1,0.0,50.65932142857491,0.001137669952380968
2024-10-27 20:20:00+00:00,67787.753,67800.1535,67786.8315,67794.0955,0.0,47.20796428571651,0.00033153990476192066
2024-10-27 20:25:00+00:00,67785.928,67804.794,67774.791,67793.951,0.0,46.56235714285867,0.00033153990476192066
2024-10-27 20:30:00+00:00,67827.937,67827.937,67766.48,67766.48,0.0,48.04321428571711,0.00033153990476192066
2024-10-27 20:35:00+00:00,67797.2375,67797.2375,67766.18,67766.18,0.0,40.444928571432165,0.00033153990476192066
2024-10-27 20:40:00+00:00,67738.89,67768.05,67738.89,67749.96,0.0005,41.473392857146145,0.0003553494285714445
2024-10-27 20:45:00+00:00,67730.5095,67730.5095,67672.2,67687.123,0.0,42.394821428575334,0.0003553494285714445
2024-10-27 20:50:00+00:00,67708.7,67718.0415,67708.7,67718.0415,0.0,42.68007142857511,0.0003553494285714445
2024-10-27 20:55:00+00:00,67725.4675,67725.4675,67683.28,67697.37,0.003038029,44.81632142857519,0.000500017476190492
2024-10-27 21:05:00+00:00,67710.4535,67732.8635,67690.11,67690.11,0.0,40.45300000000342,0.000500017476190492
2024-10-27 21:10:00+00:00,67654.31,67705.2865,67654.31,67705.2865,0.0,40.787392857146706,0.000500017476190492
2024-10-27 21:15:00+00:00,67701.375,67745.1485,67690.0365,67745.1485,0.0,42.82067857143141,0.000500017476190492
2024-10-27 21:20:00+00:00,67790.297,67790.297,67745.1485,67769.237,0.0007,42.64175000000354,0.0005333508095238254
2024-10-27 21:25:00+00:00,67812.2455,67887.92,67812.2455,67878.507,0.000871395,48.53464285714602,0.0005748458095238254
2024-10-27 21:30:00+00:00,67848.905,67873.795,67848.905,67873.795,0.0,47.205178571431524,0.0005748458095238254
2024-10-27 21:35:00+00:00,67845.19,67894.378,67815.192,67888.39,0.0,51.71464285714631,0.0005748458095238254
2024-10-27 21:40:00+00:00,67913.18,67913.44,67876.39,67913.44,4.5e-05,52.218000000003876,0.00024544876190477777
2024-10-27 21:45:00+00:00,67945.74,68070.932,67813.3495,67813.3495,0.001,66.22696428571778,0.00029306780952382535
2024-10-27 21:50:00+00:00,67786.489,67846.675,67778.635,67812.1275,0.00069825,68.8685714285748,0.0003263178095238254
2024-10-27 21:55:00+00:00,67773.0855,67861.795,67753.145,67861.795,0.0,74.54642857143128,0.0003263178095238254
2024-10-27 22:00:00+00:00,67908.773,68045.77,67908.773,68045.77,0.0,82.13321428571673,0.0003263178095238254
2024-10-27 22:05:00+00:00,67994.15,68075.75,67938.66,68075.75,0.0,89.71689285714508,0.0003263178095238254
2024-10-27 22:10:00+00:00,68078.85,68207.1025,68078.85,68170.58,0.00421472,96.0858214285732,0.0005270187619047777
2024-10-27 22:15:00+00:00,68135.807,68135.807,68029.0305,68068.192,0.0,103.14267857143048,0.0005270187619047777
2024-10-27 22:20:00+00:00,68110.75,68142.469,68095.219,68095.219,0.0002,104.80700000000174,0.0005365425714285873
2024-10-27 22:25:00+00:00,68137.85,68206.2035,68137.85,68206.2035,0.0,108.79789285714547,0.0005365425714285873
2024-10-27 22:30:00+00:00,68228.76,68228.76,68148.085,68148.085,0.0,111.33550000000105,0.0005127330476190634
2024-10-27 22:35:00+00:00,68108.7115,68141.7105,68067.896,68067.896,0.0,108.58592857143023,0.0005127330476190634
2024-10-27 22:40:00+00:00,68075.635,68153.385,68075.635,68153.385,0.0,112.57785714285897,0.0005127330476190634
2024-10-27 22:45:00+00:00,68114.2,68153.385,68084.3315,68105.95,4.4887e-05,111.85410714285847,0.000370202476190492
2024-10-27 22:50:00+00:00,68092.579,68092.579,68065.905,68079.385,0.0,112.06803571428671,0.000370202476190492
2024-10-27 22:55:00+00:00,68037.365,68037.365,68037.365,68037.365,0.0,96.67071428571424,0.000370202476190492
2024-10-27 23:00:00+00:00,68079.95,68160.558,68079.95,68111.9595,0.0,100.61021428571361,0.000370202476190492
2024-10-27 23:05:00+00:00,68144.075,68185.2715,68144.075,68185.2715,0.0,98.08607142857156,0.0003368691428571587
2024-10-27 23:10:00+00:00,68184.3515,68186.865,68184.3515,68186.865,0.0,85.12453571428549,0.0002953741428571587
2024-10-27 23:15:00+00:00,68183.445,68183.445,68140.547,68146.9,0.0,78.6408214285714,0.0002953741428571587
2024-10-27 23:20:00+00:00,68127.89,68136.75,68121.535,68129.1,0.0,71.07028571428548,0.0002953741428571587
2024-10-27 23:25:00+00:00,68102.2405,68102.2405,67991.68,67991.68,0.0,70.77532142857152,0.0002932312857143016
2024-10-27 23:30:00+00:00,68026.9715,68029.902,68000.4075,68000.4075,0.0,68.19996428571487,0.00024561223809525394
2024-10-27 23:35:00+00:00,68032.1515,68032.1515,68019.59,68021.795,0.0,62.53992857142917,0.00021236223809525395
2024-10-27 23:40:00+00:00,67994.89,67994.89,67936.55,67977.6935,0.0,62.86635714285824,0.00021236223809525395
2024-10-27 23:45:00+00:00,67946.075,67977.9225,67920.7,67977.9225,0.001467944,61.22589285714327,0.00028226433333334916
2024-10-27 23:50:00+00:00,67935.925,67935.925,67935.925,67935.925,0.0,58.11935714285729,0.00028226433333334916
2024-10-27 23:55:00+00:00,67962.3005,67962.3005,67922.997,67922.997,0.0,55.99435714285729,8.156338095239682e-05
2024-10-28 00:00:00+00:00,67955.0075,67983.65,67955.0075,67983.65,0.0,57.466357142856786,8.156338095239682e-05
2024-10-28 00:05:00+00:00,67962.565,67962.565,67928.9,67958.3165,0.0,58.37564285714325,7.203957142858729e-05
2024-10-28 00:10:00+00:00,67933.5325,68031.303,67933.5325,67962.435,0.0,56.55975000000035,7.203957142858729e-05
2024-10-28 00:15:00+00:00,68013.81,68049.3,67948.603,67950.5605,0.0,58.51582142857141,7.203957142858729e-05
2024-10-28 00:20:00+00:00,67974.45,68012.2465,67958.664,67958.664,0.0,62.742428571427546,7.203957142858729e-05
2024-10-28 00:25:00+00:00,67952.8095,67976.1065,67952.8095,67976.1065,0.0,61.09807142856984,7.203957142858729e-05
2024-10-28 00:30:00+00:00,67947.433,67976.1065,67876.9,67914.6475,1.055e-05,66.37246428571338,7.040447619049205e-05
2024-10-28 00:35:00+00:00,67940.67,67940.67,67911.46,67911.46,0.0,58.64317857142617,7.040447619049205e-05
2024-10-28 00:40:00+00:00,67877.35,67877.35,67807.3425,67807.3425,0.0,63.34999999999751,7.040447619049205e-05
2024-10-28 00:45:00+00:00,67764.1,67886.545,67764.1,67804.65,0.0,69.82864285713939,7.040447619049205e-05
2024-10-28 00:50:00+00:00,67782.675,67782.675,67782.675,67782.675,0.0,65.30935714285339,7.040447619049205e-05
2024-10-28 00:55:00+00:00,67810.1515,67810.1515,67773.4625,67773.4625,0.0,63.842678571425495,7.040447619049205e-05
2024-10-28 01:00:00+00:00,67741.68,67778.105,67741.68,67778.105,0.0,63.44464285714015,7.040447619049205e-05
2024-10-28 01:05:00+00:00,67797.515,67810.515,67766.05,67810.515,0.0,63.81332142856887,7.040447619049205e-05
2024-10-28 01:10:00+00:00,67764.2865,67805.065,67744.04,67805.065,0.0,64.22917857142706,7.040447619049205e-05
2024-10-28 01:15:00+00:00,67777.395,67777.395,67703.598,67761.052,0.021945,67.56610714285593,0.001115404476190492
2024-10-28 01:20:00+00:00,67730.2475,67730.2475,67693.98,67693.98,0.0,65.37335714285602,0.001115404476190492
2024-10-28 01:30:00+00:00,67734.2315,67734.2315,67734.2315,67734.2315,0.0,61.0558214285702,0.001115404476190492
2024-10-28 01:35:00+00:00,67703.7775,67703.7775,67703.7775,67703.7775,0.0,58.82496428571384,0.0010455023809523968
2024-10-28 01:45:00+00:00,67666.5705,67706.6765,67666.5705,67706.6765,0.0,60.02560714285729,0.0010455023809523968
2024-10-28 01:50:00+00:00,67670.062,67670.062,67670.062,67670.062,0.0,55.55474999999985,0.0010455023809523968
2024-10-28 01:55:00+00:00,67693.032,67693.032,67659.565,67659.565,0.0,55.85882142857216,0.0010455023809523968
2024-10-28 02:00:00+00:00,67623.55,67623.55,67623.55,67623.55,0.0,50.99435714285729,0.0010455023809523968
2024-10-28 02:05:00+00:00,67661.035,67695.6835,67661.035,67695.6835,0.0,47.400678571429,0.0010455023809523968
2024-10-28 02:10:00+00:00,67652.25,67652.25,67652.25,67652.25,0.0,48.93342857142956,0.0010455023809523968
2024-10-28 02:20:00+00:00,67616.945,67616.945,67616.945,67616.945,0.0,48.83457142857099,0.0010455023809523968
2024-10-28 02:25:00+00:00,67658.3475,67748.9955,67658.3475,67748.9955,0.0,55.66496428571346,0.0010455023809523968
2024-10-28 02:30:00+00:00,67717.0165,67717.0165,67678.7175,67678.7175,0.0,57.508749999999836,0.0010450000000000158
2024-10-28 02:35:00+00:00,67703.9085,67739.7505,67703.9085,67739.7505,0.0,57.12003571428483,0.0010450000000000158
2024-10-28 02:40:00+00:00,67724.5805,67724.5805,67672.55,67672.55,0.0,54.6724285714268,0.0010450000000000158
2024-10-28 02:45:00+00:00,67705.3775,67705.3775,67705.3775,67705.3775,0.0,52.226392857141036,0.0010450000000000158
2024-10-28 03:00:00+00:00,67739.562,67814.63,67739.562,67814.63,0.0,57.15503571428417,0.0010450000000000158
2024-10-28 03:05:00+00:00,67834.7955,67834.7955,67829.323,67829.323,0.0,56.42014285714062,0.0010450000000000158
2024-10-28 03:10:00+00:00,67849.984,67867.753,67843.595,67850.87,0.0007,56.300428571425854,0.001078333333333349
2024-10-28 03:15:00+00:00,67855.7545,67855.7545,67809.3485,67809.3485,0.0,56.999821428569184,0.001078333333333349
2024-10-28 03:20:00+00:00,67835.27,67921.021,67835.27,67885.3395,0.00028652,62.58592857142607,0.0010919771428571587
2024-10-28 03:25:00+00:00,67852.7,67852.7,67852.7,67852.7,0.0,62.34482142856931,4.697714285715872e-05
2024-10-28 03:30:00+00:00,67894.5,67894.5,67786.83,67786.83,0.0001,64.88314285714088,5.1739047619063485e-05
2024-10-28 03:35:00+00:00,67771.67,67771.67,67737.455,67737.455,0.0,65.30753571428379,5.1739047619063485e-05
2024-10-28 03:45:00+00:00,67765.2,67765.2,67626.8815,67656.65,0.292729002,72.66564285714101,0.013991215333333348
2024-10-28 03:50:00+00:00,67621.3,67660.105,67621.3,67660.105,0.0,66.00524999999782,0.013991215333333348
2024-10-28 04:00:00+00:00,67629.145,67662.1705,67629.145,67662.1705,0.0,63.34435714285376,0.013991215333333348
2024-10-28 04:05:00+00:00,67702.5025,67702.5025,67702.5025,67702.5025,0.0,61.865714285711874,0.013991215333333348
2024-10-28 04:15:00+00:00,67666.116,67701.78,67666.116,67701.78,0.0,59.664714285713025,0.013991215333333348
2024-10-28 04:20:00+00:00,67663.8875,67663.8875,67627.715,67627.715,0.0,62.61024999999894,0.013991215333333348
2024-10-28 04:25:00+00:00,67600.274,67603.465,67570.8155,67603.465,0.0,58.87074999999874,0.013991215333333348
2024-10-28 04:30:00+00:00,67628.4,67648.5235,67593.9395,67593.9395,0.0,61.32921428571405,0.013991215333333348
2024-10-28 04:45:00+00:00,67634.47,67675.0465,67634.47,67675.0465,0.0,64.37757142857195,0.013991215333333348
2024-10-28 04:50:00+00:00,67664.3715,67664.3715,67664.3715,67664.3715,0.0,61.82535714285768,0.013991215333333348
2024-10-28 05:00:00+00:00,67638.33,67638.33,67638.33,67638.33,0.0,55.70885714285708,0.013991215333333348
2024-10-28 05:05:00+00:00,67687.879,67687.879,67687.879,67687.879,0.0,56.9166785714281,0.013991215333333348
2024-10-28 05:10:00+00:00,67652.1255,67652.1255,67623.045,67623.045,0.0,53.85696428571412,0.013991215333333348
2024-10-28 05:15:00+00:00,67671.067,67671.067,67628.444,67628.444,0.0,53.76032142857106,0.013991215333333348
2024-10-28 05:20:00+00:00,67667.174,67667.174,67628.005,67628.005,0.0,46.678214285713956,0.013991215333333348
2024-10-28 05:25:00+00:00,67640.1055,67640.1055,67618.745,67618.745,0.0,45.43217857142944,0.013957882000000017
2024-10-28 05:30:00+00:00,67591.0065,67591.0065,67554.0485,67554.0485,0.0,47.694392857143875,0.013957882000000017
2024-10-28 05:35:00+00:00,67584.69,67700.9615,67584.69,67700.9615,0.0,55.307321428571804,0.013944238190476207
2024-10-28 05:45:00+00:00,67733.44,67733.44,67733.44,67733.44,0.0,55.02817857142821,0.013944238190476207
2024-10-28 05:50:00+00:00,67773.2555,67883.6,67773.2555,67866.0305,0.001433393,60.463535714285435,0.014007733095238112
2024-10-28 05:55:00+00:00,67859.35,67859.35,67819.995,67839.475,0.0,59.68753571428533,0.014007733095238112
2024-10-28 06:00:00+00:00,67805.765,67823.1645,67805.765,67823.1645,0.0,58.19653571428561,6.825680952382538e-05
2024-10-28 06:05:00+00:00,67799.765,67799.765,67799.765,67799.765,0.0,54.074571428571026,6.825680952382538e-05
2024-10-28 06:10:00+00:00,67827.75,67827.75,67778.8965,67778.8965,0.000717286,56.801607142856355,0.00010241328571430157
2024-10-28 06:15:00+00:00,67795.275,67795.275,67795.275,67795.275,0.0,56.111392857142036,0.00010241328571430157
2024-10-28 06:20:00+00:00,67779.84,67779.84,67779.84,67779.84,0.0,53.67467857142765,0.00010241328571430157
2024-10-28 06:25:00+00:00,67750.89,67750.89,67750.89,67750.89,0.0,51.1115357142844,0.00010241328571430157
2024-10-28 06:35:00+00:00,67777.3,67777.3,67777.3,67777.3,0.0,49.56782142857056,0.00010241328571430157
2024-10-28 06:40:00+00:00,67810.605,67810.605,67810.605,67810.605,0.0,49.14896428571332,0.00010241328571430157
2024-10-28 06:45:00+00:00,67842.466,67842.466,67842.466,67842.466,0.0,49.89899999999865,0.00010241328571430157
2024-10-28 06:50:00+00:00,67839.438,67839.438,67839.438,67839.438,0.0,45.494107142856855,0.00010241328571430157
2024-10-28 06:55:00+00:00,67865.07,67865.07,67865.07,67865.07,0.0,36.83117857142913,0.00010241328571430157
2024-10-28 07:00:00+00:00,67900.549,68026.355,67900.549,67981.023,0.007151928,46.031642857142806,0.0004429812857143016
2024-10-28 07:05:00+00:00,67954.89,68103.715,67954.89,68103.715,0.0,45.936285714285205,0.0004429812857143016
2024-10-28 07:10:00+00:00,68138.3,68354.607,68138.3,68354.607,0.001,60.56889285714299,0.0004906003333333492
2024-10-28 07:15:00+00:00,68316.125,68480.45,68316.125,68477.8955,0.000157043,69.89853571428519,0.0004980785714285873
2024-10-28 07:20:00+00:00,68500.0,68565.088,68472.485,68565.088,0.001,74.84164285714256,0.0005456976190476349
2024-10-28 07:25:00+00:00,68530.236,68565.088,68506.0,68534.8,0.35,75.5726785714287,0.0172123642857143
2024-10-28 07:30:00+00:00,68555.576,68555.576,68396.3575,68396.3575,0.0,85.77553571428663,0.0172123642857143
2024-10-28 07:35:00+00:00,68431.793,68528.597,68431.793,68480.5565,0.0,94.11871428571509,0.0172123642857143
2024-10-28 07:40:00+00:00,68443.215,68461.2,68379.871,68393.09,0.0,99.24267857143006,0.01714410747619049
2024-10-28 07:45:00+00:00,68358.5305,68402.5,68305.918,68402.5,0.0,104.25496428571516,0.01714410747619049
2024-10-28 07:50:00+00:00,68437.9,68453.363,68402.5,68404.2645,0.000710892,105.50910714285835,0.01717795947619049
2024-10-28 07:55:00+00:00,68365.849,68365.849,68326.273,68326.273,0.0,108.80414285714402,0.01717795947619049
2024-10-28 08:00:00+00:00,68376.245,68408.0395,68368.6725,68402.269,0.0,114.42832142857203,0.017143803000000016
2024-10-28 08:05:00+00:00,68374.492,68413.9,68318.3,68348.3385,0.002257343,119.42603571428481,0.017251295523809537
2024-10-28 08:10:00+00:00,68387.373,68418.6,68387.373,68418.6,0.0,112.92435714285759,0.017251295523809537
2024-10-28 08:15:00+00:00,68456.5685,68487.453,68424.495,68424.495,4.9902e-05,107.21207142857124,0.017253671809523825
2024-10-28 08:20:00+00:00,68394.4005,68394.4005,68359.1,68359.1,0.0,93.96228571428426,0.017253671809523825
2024-10-28 08:25:00+00:00,68386.3235,68388.747,68363.8735,68373.7535,0.0001,84.34242857142713,0.01725843371428573
2024-10-28 08:30:00+00:00,68340.434,68340.434,68307.0935,68307.0935,0.0,82.48935714285575,0.01725843371428573
2024-10-28 08:35:00+00:00,68353.5,68353.5,68279.14,68279.14,0.001423539,83.5802142857127,0.0173262212857143
2024-10-28 08:45:00+00:00,68260.263,68303.7415,68260.263,68303.7415,0.0,75.31307142856947,0.0173262212857143
2024-10-28 08:50:00+00:00,68278.03,68278.03,68278.03,68278.03,0.0,67.70392857142724,0.0169856532857143
2024-10-28 08:55:00+00:00,68232.7375,68232.7375,68232.7375,68232.7375,0.0,63.7472857142836,0.0169856532857143
2024-10-28 09:00:00+00:00,68217.9285,68272.075,68215.916,68241.93,0.0,60.8599285714268,0.01693803423809525
2024-10-28 09:05:00+00:00,68288.09,68349.843,68288.09,68320.945,0.003559039,64.93492857142701,0.01710003404761906
2024-10-28 09:10:00+00:00,68364.689,68364.689,68319.4,68319.4,0.0,62.59903571428419,0.017052415000000015
2024-10-28 09:15:00+00:00,68281.06,68286.48,68264.8975,68274.576,0.0,60.6516071428549,0.0003857483333333492
2024-10-28 09:20:00+00:00,68248.452,68277.45,68208.152,68211.4975,0.10324104,58.772892857140896,0.005301988333333349
2024-10-28 09:25:00+00:00,68212.105,68212.105,68212.105,68212.105,0.0,53.797607142854496,0.005301988333333349
2024-10-28 09:30:00+00:00,68191.715,68191.715,68167.0795,68177.59,0.0,52.095642857140255,0.005301988333333349
2024-10-28 09:35:00+00:00,68186.919,68209.6245,68167.04,68209.6245,0.0,50.46632142857042,0.005301988333333349
2024-10-28 09:40:00+00:00,68204.14,68255.73,68201.0,68245.45,4.309e-05,52.25796428571318,0.005270188238095254
2024-10-28 09:45:00+00:00,68296.05,68327.5975,68260.299,68327.5975,0.0,53.36421428571339,0.005270188238095254
2024-10-28 09:50:00+00:00,68361.456,68495.835,68361.456,68495.835,0.0,60.06974999999927,0.005270188238095254
2024-10-28 09:55:00+00:00,68514.843,68514.843,68450.395,68478.55,0.0,61.567571428570126,0.00516269571428573
2024-10-28 10:00:00+00:00,68508.286,68530.902,68508.286,68530.902,0.0,63.47046428571256,0.00516269571428573
2024-10-28 10:05:00+00:00,68534.06,68564.2575,68534.06,68549.43,0.0,62.61782142857036,0.005160319428571444
2024-10-28 10:10:00+00:00,68582.7,68582.7,68501.05,68501.05,0.0,64.43860714285567,0.005160319428571444
2024-10-28 10:15:00+00:00,68506.6,68575.785,68506.6,68566.4785,0.0,62.068749999998545,0.005155557523809539
2024-10-28 10:20:00+00:00,68546.472,68569.1315,68535.655,68559.02,0.0,61.224999999998545,0.005155557523809539
2024-10-28 10:25:00+00:00,68585.591,68680.13,68566.4475,68659.485,0.001233635,65.98267857142802,0.005146514476190493
2024-10-28 10:30:00+00:00,68718.679,68718.679,68718.679,68718.679,0.0,65.26096428571431,0.005146514476190493
2024-10-28 10:35:00+00:00,68736.6975,68736.6975,68736.6975,68736.6975,0.0,66.50460714285666,0.005146514476190493
2024-10-28 10:40:00+00:00,68700.2365,68723.75,68700.2365,68706.1795,0.0,65.89285714285714,0.005146514476190493
2024-10-28 10:45:00+00:00,68660.301,68660.301,68639.855,68639.855,0.0,67.58857142857076,0.005146514476190493
2024-10-28 10:50:00+00:00,68605.1,68605.1,68605.1,68605.1,0.0,66.16178571428463,0.004977036428571445
2024-10-28 10:55:00+00:00,68562.455,68562.455,68562.455,68562.455,0.0,63.34017857142732,0.004977036428571445
2024-10-28 11:00:00+00:00,68527.795,68527.795,68462.45,68462.45,0.0,58.46642857142745,0.004977036428571445
2024-10-28 11:05:00+00:00,68503.05,68551.852,68503.05,68551.852,0.0,60.24885714285691,6.079642857144443e-05
2024-10-28 11:10:00+00:00,68590.0245,68590.0245,68590.0245,68590.0245,0.0,59.2360357142856,6.079642857144443e-05
2024-10-28 11:15:00+00:00,68562.46,68562.46,68562.46,68562.46,0.0,58.822392857141885,6.079642857144443e-05
2024-10-28 11:20:00+00:00,68536.65,68620.845,68499.1075,68620.845,0.0002,61.685785714285366,7.032023809525397e-05
2024-10-28 11:25:00+00:00,68655.085,68693.754,68655.085,68693.754,0.0,61.55535714285673,6.82683333333492e-05
2024-10-28 11:30:00+00:00,68663.405,68685.4,68663.405,68685.4,0.0,61.3319642857137,6.82683333333492e-05
2024-10-28 11:35:00+00:00,68654.392,68654.392,68583.499,68619.4945,0.0,59.959892857142094,6.82683333333492e-05
2024-10-28 11:45:00+00:00,68645.8065,68645.8065,68613.1795,68613.1795,0.0,58.06224999999956,6.82683333333492e-05
2024-10-28 11:50:00+00:00,68641.301,68641.301,68641.301,68641.301,0.0,58.783892857143655,6.82683333333492e-05
2024-10-28 11:55:00+00:00,68671.7,68696.198,68659.1395,68696.198,0.0,60.10075000000091,6.82683333333492e-05
2024-10-28 12:00:00+00:00,68660.9,68722.35,68660.9,68671.99,0.0015,59.75257142857299,0.00013969690476192063
2024-10-28 12:05:00+00:00,68710.22,68787.1545,68588.9775,68622.4965,0.001,71.42557142857446,0.00018731595238096827
2024-10-28 12:10:00+00:00,68571.3,68613.475,68544.634,68613.475,0.0,73.94110714285905,0.00018731595238096827
2024-10-28 12:15:00+00:00,68648.871,68748.768,68648.871,68692.085,0.0,76.46167857142947,0.00012857142857144443
2024-10-28 12:20:00+00:00,68718.495,68790.05,68718.495,68790.05,0.0,77.07332142857194,0.00012857142857144443
2024-10-28 12:25:00+00:00,68820.7795,68849.5425,68820.7795,68848.2795,0.0,78.59617857142855,0.00012857142857144443
2024-10-28 12:30:00+00:00,68825.05,68921.093,68825.05,68921.093,0.0,83.4874999999998,0.00012857142857144443
2024-10-28 12:35:00+00:00,68948.7495,68948.7495,68766.585,68772.67,0.0,87.8037142857138,0.00012857142857144443
2024-10-28 12:40:00+00:00,68818.95,68916.645,68818.95,68897.816,0.0,92.87985714285709,0.00012857142857144443
2024-10-28 12:45:00+00:00,68924.795,68924.795,68807.515,68807.515,0.0,99.08921428571401,0.00012857142857144443
2024-10-28 12:50:00+00:00,68853.9645,68853.9645,68789.8935,68789.8935,0.0,96.38707142857103,0.00012857142857144443
2024-10-28 12:55:00+00:00,68822.8745,68949.372,68822.8745,68848.41,0.0,105.44789285714172,0.00012857142857144443
2024-10-28 13:00:00+00:00,68869.8515,68940.0545,68780.8665,68837.2,0.0,114.8097857142836,0.00012857142857144443
2024-10-28 13:05:00+00:00,68872.597,68901.2355,68872.597,68901.2355,0.0,115.46253571428367,0.00012857142857144443
2024-10-28 13:10:00+00:00,68922.71,68969.405,68922.71,68969.405,0.0,115.94249999999738,0.00011904761904763493
2024-10-28 13:15:00+00:00,68991.4435,68991.4435,68955.098,68955.098,0.0,104.38310714285346,0.00011904761904763493
2024-10-28 13:20:00+00:00,68920.531,68948.71,68858.08,68918.38,0.141125079,105.75135714285405,0.006839289476190492
2024-10-28 13:25:00+00:00,68949.235,68949.235,68900.435,68900.435,0.0,99.5732857142835,0.006839289476190492
2024-10-28 13:30:00+00:00,68875.234,68990.615,68828.2515,68946.7765,0.0,104.17317857142709,0.006839289476190492
2024-10-28 13:35:00+00:00,68977.18,68984.5,68725.798,68903.095,0.000664422,118.40242857142792,0.0068709286190476344
2024-10-28 13:40:00+00:00,68949.0205,69111.926,68893.45,69020.97,0.018636512,127.14764285714357,0.007758381571428587
2024-10-28 13:45:00+00:00,68993.35,69236.1,68993.35,69221.515,0.002728399,131.47517857142935,0.007816876761904777
2024-10-28 13:50:00+00:00,69183.132,69183.132,68893.87,68940.5895,0.0,144.59446428571496,0.00776925771428573
2024-10-28 13:55:00+00:00,68915.7185,68944.7795,68770.845,68770.845,0.0,148.64121428571525,0.00776925771428573
2024-10-28 14:00:00+00:00,68809.9785,68809.9785,68661.1285,68707.025,0.0,154.69685714285774,0.00776925771428573
2024-10-28 14:05:00+00:00,68747.551,69013.35,68747.551,68945.5,0.0071,165.18589285714447,0.008107352952380967
2024-10-28 14:10:00+00:00,68911.215,69004.287,68874.625,68984.8045,0.000792484,163.07689285714463,0.0081450902857143
2024-10-28 14:15:00+00:00,69035.8775,69035.8775,68817.683,68860.667,0.00036657,174.08825000000175,0.008162546000000015
2024-10-28 14:20:00+00:00,68901.025,68967.7945,68851.98,68852.05,0.014111795,177.49146428571632,0.008834536238095254
2024-10-28 14:25:00+00:00,68820.1055,68853.545,68779.3005,68779.3005,0.035685475,180.19853571428808,0.010533844571428587
2024-10-28 14:30:00+00:00,68805.2185,68879.5005,68665.86,68713.49,0.001545359,188.5287142857165,0.01060743309523811
2024-10-28 14:35:00+00:00,68681.686,68870.55,68644.6005,68801.165,0.0,201.18225000000217,0.01060743309523811
2024-10-28 14:40:00+00:00,68845.891,68872.944,68793.55,68862.0825,0.0,195.25585714285884,0.01060743309523811
2024-10-28 14:45:00+00:00,68902.155,68971.965,68894.4615,68971.965,0.0,184.6258928571437,0.01060743309523811
2024-10-28 14:50:00+00:00,68933.7845,68957.05,68895.89,68895.89,0.0,174.45439285714278,0.01060743309523811
2024-10-28 14:55:00+00:00,68928.39,68928.39,68774.1605,68774.1605,0.0,168.13150000000002,0.01060743309523811
2024-10-28 15:00:00+00:00,68735.337,68742.543,68583.8075,68643.165,0.00206335,158.3249285714285,0.010705687857142872
2024-10-28 15:05:00+00:00,68615.1395,68725.145,68601.518,68601.518,0.0,154.73153571428597,0.003985446000000016
2024-10-28 15:10:00+00:00,68650.75,68676.791,68649.735,68676.791,0.0,149.47603571428667,0.003985446000000016
2024-10-28 15:15:00+00:00,68654.285,68688.65,68587.55,68587.55,0.0,134.81710714285666,0.003985446000000016
2024-10-28 15:20:00+00:00,68542.2135,68596.69,68476.617,68578.678,0.002581657,134.1321785714286,0.004076742904761921
2024-10-28 15:25:00+00:00,68550.24,68550.24,68466.675,68474.902,0.0,126.5470714285714,0.0031892899523809685
2024-10-28 15:30:00+00:00,68515.35,68543.4215,68402.552,68471.6845,0.0,128.33671428571375,0.003059366190476207
2024-10-28 15:35:00+00:00,68505.95,68547.15,68433.921,68547.15,0.0,131.1213214285703,0.003059366190476207
2024-10-28 15:40:00+00:00,68588.66,68624.625,68576.93,68576.93,0.0,121.39521428571399,0.003059366190476207
2024-10-28 15:45:00+00:00,68547.601,68698.633,68547.601,68696.195,0.003645325,116.04396428571428,0.003232953095238111
2024-10-28 15:50:00+00:00,68660.1445,68691.18,68557.88,68557.88,0.1005,120.25260714285729,0.007680572142857159
2024-10-28 15:55:00+00:00,68515.28,68515.28,68414.76,68414.76,0.0,122.62671428571568,0.007642834809523826
2024-10-28 16:00:00+00:00,68458.649,68576.877,68382.692,68509.2,0.677192699,131.0631428571443,0.03987265047619049
2024-10-28 16:05:00+00:00,68476.2435,68623.675,68476.2435,68623.675,0.0,130.5775714285732,0.03920066023809526
2024-10-28 16:10:00+00:00,68647.1635,68764.14,68647.1635,68715.5095,0.0,127.01414285714418,0.03750135190476193
2024-10-28 16:15:00+00:00,68751.73,68832.657,68751.73,68832.657,0.0,126.55132142857266,0.037427763380952404
2024-10-28 16:20:00+00:00,68806.381,68806.381,68790.275,68790.275,0.0,124.20196428571633,0.037427763380952404
2024-10-28 16:25:00+00:00,68805.5405,68809.048,68751.5485,68751.5485,0.0,121.08764285714486,0.037427763380952404
2024-10-28 16:30:00+00:00,68705.4325,68705.4325,68659.895,68659.895,0.0,119.05767857143032,0.037427763380952404
2024-10-28 16:35:00+00:00,68706.3935,68706.3935,68458.98,68458.98,0.0,128.7298571428598,0.037427763380952404
2024-10-28 16:40:00+00:00,68503.001,68858.9575,68503.001,68858.9575,0.0,147.23757142857463,0.037427763380952404
2024-10-28 16:45:00+00:00,68900.8475,68936.915,68718.595,68790.885,0.0,154.74407142857464,0.03732950861904764
2024-10-28 16:50:00+00:00,68756.315,68766.25,68721.21,68766.25,0.0,154.18692857143054,0.03732950861904764
2024-10-28 16:55:00+00:00,68790.932,68799.657,68696.589,68696.589,0.00037488,150.76092857143001,0.037347360047619065
2024-10-28 17:00:00+00:00,68720.89,68720.89,68580.375,68580.375,0.0,150.91807142857266,0.037347360047619065
2024-10-28 17:05:00+00:00,68549.8835,68727.75,68482.15,68727.75,0.0,158.23807142857237,0.03722442400000002
2024-10-28 17:10:00+00:00,68701.605,68886.625,68658.595,68859.295,0.0,160.65557142857247,0.03722442400000002
2024-10-28 17:15:00+00:00,68886.9,68926.5,68845.0895,68886.75,0.073410556,155.9397857142862,0.04072016476190478
2024-10-28 17:20:00+00:00,68840.75,68888.88,68804.055,68836.8,0.034593391,151.96550000000155,0.042367469095238114
2024-10-28 17:25:00+00:00,68815.95,68913.66,68815.95,68913.66,0.0,150.5771071428587,0.042367469095238114
2024-10-28 17:30:00+00:00,68937.805,69106.1,68937.805,69099.882,0.003595352,161.29553571428656,0.042365089428571444
2024-10-28 17:35:00+00:00,69127.482,69133.695,69052.6595,69133.695,0.0,162.97667857143097,0.037579375142857155
2024-10-28 17:40:00+00:00,69108.7535,69169.2865,69108.7535,69169.2865,0.0,160.75378571428777,0.037579375142857155
2024-10-28 17:45:00+00:00,69129.4155,69129.4155,68987.365,68987.365,0.0,156.07578571428687,0.005332103761904783
2024-10-28 17:50:00+00:00,68961.027,68986.4375,68961.027,68986.4375,0.0,129.38725000000082,0.005332103761904783
2024-10-28 17:55:00+00:00,68977.355,68977.355,68923.22,68965.162,0.000462434,118.30850000000126,0.005354124428571449
2024-10-28 18:00:00+00:00,68933.4385,68989.697,68907.255,68989.697,0.000141049,119.22042857143035,0.005360841047619068
2024-10-28 18:05:00+00:00,68950.635,69140.374,68910.0,69140.374,0.704107135,128.31371428571583,0.03888975223809526
2024-10-28 18:10:00+00:00,69175.181,69218.9,69143.973,69143.973,0.0,123.88592857143001,0.03888975223809526
2024-10-28 18:15:00+00:00,69107.083,69107.083,69107.083,69107.083,0.0,108.97807142857242,0.03888975223809526
2024-10-28 18:20:00+00:00,69072.3705,69072.3705,68857.3,68857.3,0.0,110.53185714285792,0.03888975223809526
2024-10-28 18:25:00+00:00,68906.93,68971.2,68906.93,68922.342,0.007053953,112.8525357142862,0.03922565476190478
2024-10-28 18:30:00+00:00,68877.565,68918.4435,68844.379,68895.8,0.0,112.36239285714275,0.03922565476190478
2024-10-28 18:35:00+00:00,68835.6125,68959.2955,68835.6125,68959.2955,0.002237453,114.21760714285587,0.03933220014285716
2024-10-28 18:40:00+00:00,68931.04,68931.04,68869.8,68876.25,0.0001,106.86442857142642,0.03931911061904764
2024-10-28 18:45:00+00:00,68921.9,68955.58,68819.998,68955.58,1.4365e-05,110.76060714285371,0.039319794666666685
2024-10-28 18:50:00+00:00,68932.2,69102.83,68932.2,69102.83,0.0,118.62467857142578,0.039319794666666685
2024-10-28 18:55:00+00:00,69059.059,69218.64,69059.059,69218.64,0.0,117.0289285714264,0.039319794666666685
2024-10-28 19:00:00+00:00,69171.215,69319.799622166,69131.6005,69303.339122166,0.043125553,128.59043729756897,0.03787765166666669
2024-10-28 19:05:00+00:00,69319.899244332,69425.8455,69319.899244332,69419.26,0.002,132.82535714285456,0.03632558542857145
2024-10-28 19:10:00+00:00,69387.8535,69580.28,69291.3585,69569.343,0.171336046,147.57389285714038,0.04448444476190478
2024-10-28 19:15:00+00:00,69602.755,69752.6,69514.28,69690.643,0.0716331,148.14146428571257,0.04772433752380954
2024-10-28 19:20:00+00:00,69661.7575,69899.7235,69661.7575,69849.055,0.0,159.53003571428312,0.04772433752380954
2024-10-28 19:25:00+00:00,69878.495,69878.495,69711.9,69808.0,0.0,168.79467857142612,0.04772433752380954
2024-10-28 19:30:00+00:00,69853.15,69853.15,69520.6,69520.6,0.1,174.70660714285415,0.05248624228571431
2024-10-28 19:35:00+00:00,69539.2,69700.955,69539.2,69608.995,0.002213175,179.45339285714,0.0525916315714286
2024-10-28 19:40:00+00:00,69657.75,69783.4,69657.75,69735.495,0.014858524,186.34210714285396,0.05327715966666668
2024-10-28 19:45:00+00:00,69779.004,69779.004,69629.0195,69657.2515,0.0,188.22078571428366,0.05327044304761906
2024-10-28 19:50:00+00:00,69693.95,69693.95,69553.835,69627.091,0.039701586,191.83646428571228,0.021632083571428592
2024-10-28 19:55:00+00:00,69595.68,69709.3965,69505.45,69599.546,0.0,196.71964285714162,0.021632083571428592
2024-10-28 20:00:00+00:00,69642.8655,69710.745,69560.4265,69560.4265,0.000144275,195.26882142856942,0.02163895380952383
2024-10-28 20:05:00+00:00,69533.0,69533.0,69447.3385,69447.3385,0.003,191.9478928571407,0.02178181095238097
2024-10-28 20:10:00+00:00,69479.147,69529.595,69447.3385,69529.595,0.014108447,184.3805627024267,0.02211773923809526
2024-10-28 20:15:00+00:00,69553.9725,69620.155,69553.9725,69577.4315,0.048269972,182.09867857142672,0.024416309333333355
2024-10-28 20:20:00+00:00,69530.486,69530.486,69530.486,69530.486,0.0,164.81467857142707,0.024309763952380974
2024-10-28 20:25:00+00:00,69495.5005,69495.5005,69439.4275,69439.4275,0.0,154.29599999999795,0.024305002047619068
2024-10-28 20:30:00+00:00,69450.336,69517.683,69450.336,69517.683,0.0,142.88810714285606,0.024304318000000023
2024-10-28 20:35:00+00:00,69465.8,69503.43,69465.8,69503.43,0.0,134.6943928571418,0.024304318000000023
2024-10-28 20:40:00+00:00,69467.0825,69530.868,69467.0825,69530.868,0.0,115.4969285714282,0.024304318000000023
2024-10-28 20:45:00+00:00,69497.85,69504.95,69462.5,69504.95,0.007400533,107.49785714285723,0.022603126571428593
2024-10-28 20:50:00+00:00,69455.576,69465.735,69419.0,69465.735,0.000370258,101.17964285714281,0.02252551980952383
2024-10-28 20:55:00+00:00,69498.86,69606.675,69486.33,69606.675,0.001043703,100.53360714285684,0.014416360619047639
2024-10-28 21:00:00+00:00,69634.8645,69685.007,69634.8645,69685.007,0.0,96.12053571428571,0.01100526061904764
2024-10-28 21:05:00+00:00,69644.064,69728.885,69644.064,69728.885,0.053955282,87.61157142857077,0.013574559761904782
2024-10-28 21:10:00+00:00,69756.4535,69756.4535,69667.0975,69667.0975,0.0,83.2571071428569,0.013574559761904782
2024-10-28 21:15:00+00:00,69687.635,69718.991,69636.0945,69636.0945,0.01,81.10057142857009,0.009288845476190497
2024-10-28 21:20:00+00:00,69630.485,69630.485,69551.302,69551.302,0.0,81.28171428571348,0.00918345619047621
2024-10-28 21:25:00+00:00,69515.025,69570.875,69515.025,69570.875,0.0,78.80242857142834,0.008475907428571449
2024-10-28 21:30:00+00:00,69608.7,69639.25,69608.7,69639.25,0.0,80.33310714285679,0.008475907428571449
2024-10-28 21:35:00+00:00,69664.665,69664.665,69664.665,69664.665,0.0,75.64428571428496,0.006585355714285736
2024-10-28 21:40:00+00:00,69705.3115,69731.06,69681.716,69681.716,0.0,74.79710714285673,0.006585355714285736
2024-10-28 21:45:00+00:00,69717.2,69752.95,69707.15,69743.722,0.0,76.17932142857067,0.006578485476190496
2024-10-28 21:50:00+00:00,69733.87,69733.87,69733.87,69733.87,0.0,72.32692857142787,0.0064356283333333545
2024-10-28 21:55:00+00:00,69753.325,69753.325,69748.2495,69748.2495,0.0,68.83314285714212,0.005763797523809545
2024-10-28 22:00:00+00:00,69773.185,69848.36,69773.185,69848.36,0.0,69.84460714285628,0.00346522742857145
2024-10-28 22:05:00+00:00,69889.499,70239.754,69876.5725,70077.524,0.298107808,87.73417857142756,0.017660837333333353
2024-10-28 22:10:00+00:00,70129.1255,70159.78,69943.485,69972.8455,0.003,97.58867857142779,0.017803694476190495
2024-10-28 22:15:00+00:00,70022.674,70022.674,69849.2255,69851.699,0.0,103.91921428571368,0.017803694476190495
2024-10-28 22:20:00+00:00,69878.628,69979.7965,69864.4015,69979.7965,0.00220728,106.68646428571394,0.017908803047619066
2024-10-28 22:25:00+00:00,69937.331,69948.57,69875.6,69875.6,0.0,108.20789285714272,0.017908803047619066
2024-10-28 22:30:00+00:00,69923.9375,69923.9375,69872.7635,69898.18,0.0,105.80657142857048,0.017556396714285733
2024-10-28 22:35:00+00:00,69889.8875,69889.8875,69800.285,69834.916,0.0,108.8097857142836,0.0175387653809524
2024-10-28 22:40:00+00:00,69871.1905,69902.4,69795.1325,69795.1325,0.0,111.5878214285684,0.017489065238095257
2024-10-28 22:45:00+00:00,69845.701,69894.85,69772.18,69772.18,0.0007,118.53460714285549,0.017522398571428593
2024-10-28 22:50:00+00:00,69810.8715,69810.8715,69810.8715,69810.8715,0.0,116.55578571428383,0.01495309942857145
2024-10-28 22:55:00+00:00,69853.2645,69923.0205,69853.2645,69923.0205,0.0,119.47828571428441,0.01495309942857145
2024-10-28 23:00:00+00:00,69970.446,70025.2,69914.1235,70025.2,0.0,126.7086071428556,0.014476908952380973
2024-10-28 23:05:00+00:00,70068.312,70101.253,69998.134,70085.833,0.013986834,132.68460714285487,0.015142948666666687
2024-10-28 23:10:00+00:00,70060.2455,70060.2455,69906.705,69906.705,0.0,138.32871428571212,0.015142948666666687
2024-10-28 23:15:00+00:00,69927.2605,69957.18,69876.639,69930.8065,0.0,116.12492857142622,0.015142948666666687
2024-10-28 23:20:00+00:00,69882.67,69882.67,69824.648,69824.648,0.0,108.25803571428385,0.015142948666666687
2024-10-28 23:25:00+00:00,69795.9785,69795.9785,69737.85,69770.4485,0.0,102.06871428571218,0.015142948666666687
2024-10-28 23:30:00+00:00,69810.195,69810.195,69779.69,69779.69,0.0,95.7579285714268,0.015142948666666687
2024-10-28 23:35:00+00:00,69818.4855,69894.2045,69814.0,69894.2045,0.0085,96.49492857142779,0.015547710571428593
2024-10-28 23:40:00+00:00,69868.5445,69868.5445,69868.5445,69868.5445,0.0,94.67249999999954,0.015547710571428593
2024-10-28 23:45:00+00:00,69839.0785,69904.53,69839.0785,69888.87,0.0,92.35510714285712,0.015547710571428593
2024-10-28 23:50:00+00:00,69858.8,69870.623,69828.44,69870.623,0.0,89.00957142857182,0.0013521006666666877
2024-10-28 23:55:00+00:00,69888.128,69915.107,69888.128,69915.107,0.0,83.42485714285638,0.001209243523809545
2024-10-29 00:00:00+00:00,69968.345,69968.345,69866.6895,69866.6895,0.0,87.92228571428548,0.001209243523809545
2024-10-29 00:05:00+00:00,69807.07,69807.07,69746.9945,69746.9945,0.0,88.46128571428459,0.0011041349523809737
2024-10-29 00:10:00+00:00,69769.9285,69823.35,69769.9285,69823.35,0.0,85.98121428571383,0.0011041349523809737
2024-10-29 00:15:00+00:00,69857.656,69891.76,69824.485,69824.485,0.0,83.50199999999937,0.0011041349523809737
2024-10-29 00:20:00+00:00,69800.89,69800.89,69800.89,69800.89,0.0,72.39249999999967,0.0011041349523809737
2024-10-29 00:25:00+00:00,69775.095,69828.823,69775.095,69806.603,0.0,70.47728571428577,0.0011041349523809737
2024-10-29 00:30:00+00:00,69773.355,69773.355,69748.919,69748.919,0.0,67.01482142857172,0.00107080161904764
2024-10-29 00:35:00+00:00,69772.05,69912.5165,69772.05,69912.5165,0.0,72.50050000000088,0.00107080161904764
2024-10-29 00:40:00+00:00,69883.936,69883.936,69758.95,69758.95,0.0007,80.63050000000034,0.0011041349523809735
2024-10-29 00:45:00+00:00,69788.126,69827.84,69788.126,69827.84,0.0,77.3716071428571,0.0011041349523809735
2024-10-29 00:50:00+00:00,69861.499,69930.105,69861.499,69923.159,0.0,82.84339285714252,0.0004380952380952592
2024-10-29 00:55:00+00:00,69953.7205,69953.7205,69931.355,69931.355,0.0,80.35124999999971,0.0004380952380952592
2024-10-29 01:00:00+00:00,69886.9,69886.9,69817.3325,69853.02,0.0,84.17928571428534,0.0004380952380952592
2024-10-29 01:05:00+00:00,69891.5655,69933.9725,69860.295,69860.295,0.0,86.78417857142838,0.0004380952380952592
2024-10-29 01:10:00+00:00,69823.786,69866.125,69823.786,69866.125,0.0,82.54728571428548,0.0004380952380952592
2024-10-29 01:15:00+00:00,69828.805,69855.84,69828.805,69855.84,0.0,76.66335714285795,0.0004380952380952592
2024-10-29 01:20:00+00:00,69881.96,69923.7,69881.96,69923.7,0.0,76.05653571428618,3.333333333335448e-05
2024-10-29 01:25:00+00:00,69980.8125,69980.8125,69830.581,69863.0065,0.0,81.90092857142943,3.333333333335448e-05
2024-10-29 01:35:00+00:00,69894.4,69931.195,69860.995,69860.995,0.0,85.22985714285876,3.333333333335448e-05
2024-10-29 01:40:00+00:00,69903.498,69941.415,69903.498,69941.415,0.0,87.13642857142986,3.333333333335448e-05
2024-10-29 01:45:00+00:00,69899.215,70143.9385,69899.215,70035.9,0.0,100.49639285714407,3.333333333335448e-05
2024-10-29 01:50:00+00:00,70068.2,70068.2,69972.4945,70035.763,0.000833221,95.64696428571499,7.301052380954495e-05
2024-10-29 01:55:00+00:00,70077.6815,70282.605,70077.6815,70244.29,0.0,102.30949999999991,7.301052380954495e-05
2024-10-29 02:00:00+00:00,70226.305,70409.1812934505,70196.7745,70279.537,0.007308909,112.56069953217853,0.0004210538095238307
2024-10-29 02:05:00+00:00,70320.61,70593.2865,70320.61,70563.921,0.140045359,127.66673524646467,0.007089880428571451
2024-10-29 02:10:00+00:00,70573.3,71000.0,70573.3,70967.85,0.02488579,156.6322709607505,0.00827491804761907
2024-10-29 02:15:00+00:00,70991.15,71111.565,70777.965,70956.191,0.02935944,172.31637810360866,0.009672986619047641
2024-10-29 02:20:00+00:00,71016.515,71494.67,71005.088,71463.8985,0.014114213,204.9968423893224,0.010345092000000021
2024-10-29 02:25:00+00:00,71432.655,71432.655,71263.48,71324.783,0.041607551,216.28823524646472,0.012326403952380974
2024-10-29 02:30:00+00:00,71295.0415,71445.8595,71250.1645,71282.5,0.0,227.60073524646472,0.012293070619047643
2024-10-29 02:35:00+00:00,71245.513,71318.2025,71196.95,71240.46,0.013098066,231.41448524646486,0.012916788047619069
2024-10-29 02:40:00+00:00,71275.92,71358.3,71240.46,71328.6,0.001667092,229.10080667503644,0.012996173380952405
2024-10-29 02:45:00+00:00,71360.975,71360.975,71145.565,71145.565,0.001984436,239.47294953217872,0.013090670333333356
2024-10-29 02:50:00+00:00,71110.0,71238.6385,71110.0,71220.9125,0.0,242.91712810360747,0.013090670333333356
2024-10-29 02:55:00+00:00,71249.62,71249.62,71095.225,71135.275,0.0,236.4650923893205,0.013090670333333356
2024-10-29 03:00:00+00:00,71168.985,71284.1,71168.985,71263.0,0.0,240.25934238932157,0.013090670333333356
2024-10-29 03:05:00+00:00,71233.46,71317.125,71233.46,71277.79,0.0287,228.60384238932187,0.014457337000000023
2024-10-29 03:10:00+00:00,71292.255,71372.3025,71292.255,71317.5395,0.0,220.18282142857268,0.014457337000000023
2024-10-29 03:15:00+00:00,71288.835,71316.725,71287.305,71287.305,0.0,199.9317500000013,0.014457337000000023
2024-10-29 03:20:00+00:00,71257.6955,71288.97,71137.0445,71137.0445,0.000423125,179.6350714285727,0.014477485809523833
2024-10-29 03:25:00+00:00,71100.78,71186.6985,71100.78,71153.454,0.0,161.94353571428655,0.014477485809523833
2024-10-29 03:30:00+00:00,71184.935,71217.2835,71119.95,71152.93,0.0,130.43314285714482,0.014477485809523833
2024-10-29 03:35:00+00:00,71123.11,71123.11,71036.5725,71036.5725,0.0,124.42878571428757,0.014437808619047643
2024-10-29 03:40:00+00:00,70995.479,71058.3,70995.479,71018.345,0.0,114.93778571428682,0.014437808619047643
2024-10-29 03:45:00+00:00,70975.3395,70975.3395,70849.89,70876.45,0.066256905,118.30939285714392,0.017244856047619068
2024-10-29 03:50:00+00:00,70843.3,70881.41,70843.3,70881.41,0.0,112.61439285714421,0.010576029428571452
2024-10-29 03:55:00+00:00,70911.775,70911.775,70884.589,70884.589,0.0,99.39689285714329,0.009390991809523831
2024-10-29 04:00:00+00:00,70911.485,70911.485,70867.7125,70905.635,0.00314066,93.33503571428653,0.008142478476190498
2024-10-29 04:05:00+00:00,70949.22,70957.4965,70949.22,70957.4965,0.0,86.0112142857158,0.0074703730952381175
2024-10-29 04:10:00+00:00,70954.385,71039.05,70954.385,71016.3,0.0,81.4283571428584,0.005489061142857164
2024-10-29 04:15:00+00:00,70983.1,71025.53,70983.1,71025.53,0.000724199,78.48300000000121,0.0055235468095238315
2024-10-29 04:20:00+00:00,71060.33,71060.33,71005.7,71043.32,0.011359323,75.63425000000072,0.005440749523809545
2024-10-29 04:25:00+00:00,71026.055,71053.5205,71026.055,71053.5205,0.0,75.43646428571499,0.0053613641904762125
2024-10-29 04:30:00+00:00,71077.341,71081.636,70943.495,70943.495,0.713689865,74.45185714285824,0.039252098904761924
2024-10-29 04:35:00+00:00,70961.58,71015.589,70940.1045,71015.589,0.0,73.70657142857297,0.039252098904761924
2024-10-29 04:40:00+00:00,70986.29,70986.29,70929.505,70929.505,0.0,72.90303571428687,0.039252098904761924
2024-10-29 04:45:00+00:00,70985.5515,71013.335,70970.17,70970.17,0.0,70.57964285714426,0.039252098904761924
2024-10-29 04:50:00+00:00,70929.5,70970.17,70929.5,70933.525,0.000891331,68.99742857143012,0.0379278765714286
2024-10-29 04:55:00+00:00,70979.6155,71019.5975,70954.933,71019.5975,0.002173462,63.11296428571638,0.03803137476190478
2024-10-29 05:00:00+00:00,71022.8355,71022.8355,70989.455,70989.455,0.0,62.775142857144864,0.03803137476190478
2024-10-29 05:10:00+00:00,70959.2915,70959.2915,70932.966,70948.68,0.0,64.64114285714562,0.03801122595238097
2024-10-29 05:15:00+00:00,70944.15,70944.15,70868.007,70868.007,0.0,67.27689285714483,0.03801122595238097
2024-10-29 05:20:00+00:00,70872.0185,70872.0185,70846.05,70861.863,0.0014,65.42739285714508,0.03807789261904764
2024-10-29 05:25:00+00:00,70901.985,70901.985,70884.425,70884.425,0.0,62.24575000000186,0.03807789261904764
2024-10-29 05:30:00+00:00,70892.17,70892.17,70892.17,70892.17,0.0,59.76825000000203,0.03807789261904764
2024-10-29 05:40:00+00:00,70908.532,70908.532,70893.8175,70893.8175,0.0,57.034821428573714,0.03492280190476193
2024-10-29 05:45:00+00:00,70920.051,71007.5675,70920.051,71001.0675,0.0,63.198000000001876,0.03492280190476193
2024-10-29 05:50:00+00:00,70963.07,70995.715,70963.07,70995.715,0.0,56.04489285714434,0.03492280190476193
2024-10-29 05:55:00+00:00,70972.15,70972.15,70972.15,70972.15,0.0,52.33635714285837,0.03477324666666669
2024-10-29 06:00:00+00:00,71001.905,71064.211,71001.905,71064.211,0.0,52.76328571428686,0.03477324666666669
2024-10-29 06:05:00+00:00,71115.4,71155.651,71115.4,71155.651,0.0,53.306857142858334,0.03477324666666669
2024-10-29 06:10:00+00:00,71187.495,71187.495,71158.6345,71158.6345,0.0,52.676428571429696,0.03473876100000002
2024-10-29 06:15:00+00:00,71115.008,71115.008,71115.008,71115.008,0.0,49.64457142857178,0.03419784085714288
2024-10-29 06:20:00+00:00,71061.3165,71089.595,71045.5,71045.5,0.0,52.22510714285766,0.03419784085714288
2024-10-29 06:25:00+00:00,71023.15,71052.8,70997.4395,71038.4365,0.000342364,52.144500000001116,0.00022891223809525925
2024-10-29 06:30:00+00:00,70999.571,71121.37,70999.571,71071.8645,0.007552081,55.08207142857282,0.0005885351428571641
2024-10-29 06:35:00+00:00,71126.94,71156.9,71097.6,71156.9,0.00033226,59.30114285714392,0.0006043570476190688
2024-10-29 06:40:00+00:00,71129.8675,71138.05,71101.715,71138.05,0.0,60.37707142857211,0.0006043570476190688
2024-10-29 06:45:00+00:00,71195.52,71305.61,71183.41,71183.41,0.0,71.79242857142943,0.0005619127142857354
2024-10-29 06:50:00+00:00,71225.073,71225.073,71186.34,71186.34,0.0,73.59964285714315,0.000458414523809545
2024-10-29 06:55:00+00:00,71222.6145,71222.6145,71222.6145,71222.6145,0.0,68.06567857142883,0.000458414523809545
2024-10-29 07:00:00+00:00,71187.436,71187.436,71113.374,71113.374,0.0,73.1544642857147,0.000458414523809545
2024-10-29 07:05:00+00:00,71074.5655,71113.814,71074.5655,71113.814,0.0,74.27471428571464,0.000458414523809545
2024-10-29 07:10:00+00:00,71061.9,71061.9,70886.7045,70931.015,0.0,83.92103571428535,0.00039174785714287834
2024-10-29 07:20:00+00:00,70973.837,70973.837,70973.837,70973.837,0.0,80.4483214285709,0.00039174785714287834
2024-10-29 07:25:00+00:00,70997.205,71027.8525,70997.205,71008.21,0.0,82.03199999999924,0.00039174785714287834
2024-10-29 07:30:00+00:00,71038.97,71038.97,70958.6875,70958.6875,0.0,84.65028571428515,0.00039174785714287834
2024-10-29 07:35:00+00:00,70935.8645,70935.8645,70935.8645,70935.8645,0.0,81.31564285714246,0.00039174785714287834
2024-10-29 07:40:00+00:00,70890.845,70890.845,70800.67,70866.6495,3.187004097,87.01807142857017,0.15215384771428572
2024-10-29 07:45:00+00:00,70852.05,70900.38,70796.0895,70900.38,0.0,85.7674642857133,0.15215384771428572
2024-10-29 07:55:00+00:00,70939.85,70939.85,70939.85,70939.85,0.0,82.51278571428495,0.15215384771428572
2024-10-29 08:00:00+00:00,70979.622,71027.9775,70979.622,70988.1325,0.0,84.86582142856994,0.15215384771428572
2024-10-29 08:05:00+00:00,70958.055,70973.965,70958.055,70973.965,0.0,75.04564285714254,0.15215384771428572
2024-10-29 08:15:00+00:00,71011.821,71011.821,71011.821,71011.821,0.0,74.77371428571392,0.15215384771428572
2024-10-29 08:20:00+00:00,70972.066,71007.605,70972.066,71006.4455,0.0,75.0223214285704,0.15215384771428572
2024-10-29 08:25:00+00:00,71051.906,71051.906,71051.906,71051.906,0.0,70.46660714285619,0.15213754466666668
2024-10-29 08:30:00+00:00,71064.06,71086.66,71064.06,71086.66,0.0,70.14557142857042,0.15177792176190477
2024-10-29 08:35:00+00:00,71077.8695,71077.8695,71077.8695,71077.8695,0.0,54.55135714285695,0.15176209985714287
2024-10-29 08:40:00+00:00,71116.89,71157.98,71116.89,71157.98,0.0,57.214821428570886,0.15176209985714287
2024-10-29 08:45:00+00:00,71108.74,71108.74,71108.74,71108.74,0.0,56.873714285713504,0.15176209985714287
2024-10-29 08:50:00+00:00,71123.75,71123.75,71123.75,71123.75,0.0,52.21139285714162,0.15176209985714287
2024-10-29 08:55:00+00:00,71075.4,71116.903,71075.4,71116.903,0.0,54.034749999998894,0.15176209985714287
2024-10-29 09:00:00+00:00,71066.346,71116.903,71063.7885,71098.805,0.148205072,48.171892857142666,0.15881948423809525
2024-10-29 09:05:00+00:00,71107.6445,71142.073,71107.6445,71142.073,0.0,43.81314285714325,0.15881948423809528
2024-10-29 09:10:00+00:00,71179.6,71211.7,71177.5515,71177.5515,0.0,45.9672142857141,0.15881948423809528
2024-10-29 09:15:00+00:00,71225.025,71241.815,71205.8685,71241.815,0.0,44.26264285714361,0.15881948423809528
2024-10-29 09:20:00+00:00,71209.6155,71209.6155,71209.6155,71209.6155,0.0,44.414214285714216,0.15881948423809528
2024-10-29 09:25:00+00:00,71242.045,71291.42,71242.045,71291.42,0.0,47.55339285714269,0.15881948423809528
2024-10-29 09:30:00+00:00,71256.895,71256.895,71223.749,71223.749,0.01,49.54739285714355,0.15929567471428574
2024-10-29 09:35:00+00:00,71201.7565,71201.7565,71166.013,71187.7295,0.007061329,50.42421428571418,0.00786982861904764
2024-10-29 09:40:00+00:00,71165.874,71204.1,71165.874,71204.1,0.0,50.67221428571481,0.00786982861904764
2024-10-29 09:45:00+00:00,71206.765,71206.765,71170.8,71170.8,0.0,52.61325000000007,0.00786982861904764
2024-10-29 09:50:00+00:00,71134.737,71150.435,71089.776,71142.7485,0.0,52.67850000000077,0.00786982861904764
2024-10-29 09:55:00+00:00,71193.95,71225.8,71191.024,71218.18,0.072085474,55.09360714285867,0.011302470238095259
2024-10-29 10:00:00+00:00,71250.7365,71302.765,71250.7365,71268.55,0.0,60.06325000000236,0.011302470238095259
2024-10-29 10:05:00+00:00,71256.755,71256.755,71193.597,71219.2895,0.00020495,61.963464285716846,0.011312229761904782
2024-10-29 10:10:00+00:00,71166.4975,71168.0085,71121.055,71121.055,0.0,65.18632142857366,0.011312229761904782
2024-10-29 10:20:00+00:00,71161.32,71197.935,71161.1405,71161.1405,0.0,67.58717857143036,0.011312229761904782
2024-10-29 10:25:00+00:00,71169.75,71169.75,71113.187,71113.187,0.0,66.6540357142876,0.011312229761904782
2024-10-29 10:30:00+00:00,71076.4545,71076.4545,71076.4545,71076.4545,0.0,64.6875357142874,0.011312229761904782
2024-10-29 10:35:00+00:00,71040.62,71148.36,71040.62,71148.36,0.0,70.08328571428761,0.011312229761904782
2024-10-29 10:40:00+00:00,71183.06,71225.675,71183.06,71225.675,0.0,69.76260714285932,0.011312229761904782
2024-10-29 10:45:00+00:00,71259.75,71259.75,71185.045,71185.045,0.136548221,70.26503571428786,0.01781452600000002
2024-10-29 10:50:00+00:00,71174.94,71174.94,71133.11,71150.8305,0.0,69.85067857143129,0.01075714161904764
2024-10-29 10:55:00+00:00,71128.116,71128.116,71128.116,71128.116,0.0,68.74271428571645,0.01075714161904764
2024-10-29 11:00:00+00:00,71158.985,71203.8,71138.845,71138.845,0.0001,71.57978571428872,0.010761903523809544
2024-10-29 11:05:00+00:00,71158.925,71236.7845,71158.925,71191.6,0.0,72.78803571428787,0.010761903523809544
2024-10-29 11:10:00+00:00,71201.335,71201.335,71201.335,71201.335,0.0,67.55114285714497,0.010761903523809544
2024-10-29 11:15:00+00:00,71235.97,71235.97,71186.94,71220.7025,0.026246495,65.01150000000156,0.012011736619047642
2024-10-29 11:20:00+00:00,71260.949,71265.489,71260.949,71265.489,0.0,62.85675000000109,0.011535546142857164
2024-10-29 11:25:00+00:00,71219.045,71236.865,71216.565,71236.865,0.0,59.334571428572026,0.011199292380952403
2024-10-29 11:30:00+00:00,71266.58,71426.89,71266.58,71426.89,0.0,67.416357142857,0.011199292380952403
2024-10-29 11:35:00+00:00,71466.6515,71480.72,71372.745,71480.72,0.0,71.08864285714351,0.011199292380952403
2024-10-29 11:40:00+00:00,71450.3,71498.4415,71450.3,71498.4415,0.0,71.90357142857205,0.011199292380952403
2024-10-29 11:45:00+00:00,71475.26,71511.86,71436.915,71505.25,0.006470279,69.56107142857218,0.008074759285714307
2024-10-29 11:50:00+00:00,71457.6,71457.6,71418.955,71418.955,0.0,70.20250000000046,0.008074759285714307
2024-10-29 11:55:00+00:00,71434.6325,71434.6325,71404.7715,71404.7715,0.0,66.99935714285779,0.008064999761904782
2024-10-29 12:00:00+00:00,71367.143,71444.413,71367.143,71414.03,0.020220845,68.8090000000011,0.009027897142857164
2024-10-29 12:05:00+00:00,71413.417,71459.735,71413.235,71417.21,0.0,70.50796428571526,0.009027897142857164
2024-10-29 12:10:00+00:00,71393.615,71393.615,71150.49,71192.9285,0.00145164,84.15339285714332,0.009097022857142879
2024-10-29 12:15:00+00:00,71219.0855,71256.38,71165.63,71256.38,0.0,83.63985714285809,0.009097022857142879
2024-10-29 12:20:00+00:00,71207.68,71234.96,71140.06,71197.265,0.001865624,91.25307142857284,0.009185862095238116
2024-10-29 12:25:00+00:00,71150.4,71192.958,71150.4,71192.958,0.0,91.09842857143043,0.009185862095238116
2024-10-29 12:30:00+00:00,71148.6,71225.292,71148.6,71225.292,0.0,93.37739285714426,0.0026835658571428785
2024-10-29 12:35:00+00:00,71196.0345,71230.394,71175.704,71175.704,0.0,93.78925000000163,0.0026835658571428785
2024-10-29 12:40:00+00:00,71204.861,71242.5435,71204.861,71237.313,0.002165272,84.9902857142879,0.002786674047619069
2024-10-29 12:45:00+00:00,71197.084,71222.428,71163.885,71163.885,0.006830988,82.52264285714462,0.0031071972857143067
2024-10-29 12:50:00+00:00,71126.5,71126.5,71092.15,71092.15,0.0,84.2078928571448,0.0031071972857143067
2024-10-29 12:55:00+00:00,71115.521,71153.445,71066.307,71066.307,0.0,85.07882142857332,0.0031071972857143067
2024-10-29 13:00:00+00:00,71094.8215,71094.8215,71094.8215,71094.8215,0.0,80.95164285714522,0.0018573641904762119
2024-10-29 13:05:00+00:00,71060.715,71100.1235,71060.715,71061.755,0.000376172,81.63360714285955,0.001875277142857164
2024-10-29 13:10:00+00:00,71108.285,71138.25,71091.3,71138.25,0.019790633,81.57825000000177,0.0028176882380952593
2024-10-29 13:15:00+00:00,71166.2,71166.2,71137.299,71137.299,0.136727718,80.32117857143021,0.009328531952380972
2024-10-29 13:20:00+00:00,71172.475,71212.91,71172.475,71212.91,0.0,66.67053571428758,0.009328531952380972
2024-10-29 13:25:00+00:00,71180.525,71180.525,71180.525,71180.525,0.0,62.501607142859676,0.009328531952380972
2024-10-29 13:30:00+00:00,71134.135,71134.135,70878.68,70919.765,0.003735875,75.75339285714497,0.009198322238095259
2024-10-29 13:35:00+00:00,70947.201,71407.0275,70947.201,71334.949,0.003512567,107.21035714285868,0.009365587333333354
2024-10-29 13:40:00+00:00,71366.14,71474.6275,71292.11,71474.6275,0.0,114.76932142857342,0.009365587333333354
2024-10-29 13:45:00+00:00,71497.561,71548.0335,71329.664,71388.5345,0.003,126.46071428571615,0.008545547095238117
2024-10-29 13:50:00+00:00,71430.7395,71715.87,71430.7395,71647.089,0.000217087,145.06757142857325,0.008555884571428593
2024-10-29 13:55:00+00:00,71668.0825,71799.364,71648.52,71799.364,0.0,150.6995000000014,0.008486758857142878
2024-10-29 14:00:00+00:00,71769.21,71993.332,71719.95,71880.8325,0.025,165.10285714285834,0.009677235047619068
2024-10-29 14:05:00+00:00,71842.095,71842.095,71510.206,71537.24,0.000785698,185.35203571428636,0.009625810000000021
2024-10-29 14:10:00+00:00,71594.1655,71698.605,71594.1655,71607.4,0.017144186,194.8413571428568,0.010442199809523831
2024-10-29 14:15:00+00:00,71637.6,71666.7925,71490.25,71498.12,0.0,204.63664285714185,0.010442199809523831
2024-10-29 14:20:00+00:00,71469.465,71621.82,71311.6,71621.82,0.0,221.33128571428512,0.010442199809523831
2024-10-29 14:25:00+00:00,71654.7895,71746.744,71566.0105,71566.0105,7.114e-06,232.176464285714,0.010339430380952402
2024-10-29 14:30:00+00:00,71518.0775,71808.664,71513.2445,71760.5,1.4361e-05,247.87707142857107,0.010014829095238115
2024-10-29 14:35:00+00:00,71713.964,71891.655,71709.145,71844.55,0.001980361,258.6002857142843,0.01010913200000002
2024-10-29 14:40:00+00:00,71802.359,71896.515,71592.89,71828.015,0.14230125,258.7274285714271,0.01688538200000002
2024-10-29 14:45:00+00:00,71782.574,71900.5435,71782.574,71856.44,0.0,232.34935714285635,0.01688538200000002
2024-10-29 14:50:00+00:00,71889.035,71938.1,71889.035,71932.335,5.959e-06,225.14524999999932,0.01686775280952383
2024-10-29 14:55:00+00:00,71890.113,71901.652,71859.188,71864.512,0.040069163,214.7722142857144,0.017833397095238117
2024-10-29 15:00:00+00:00,71829.225,71829.225,71696.73,71751.492,0.013556043,203.3755357142862,0.01196807923809526
2024-10-29 15:05:00+00:00,71771.1975,71820.568,71744.587,71744.587,0.0,197.9259642857152,0.01196807923809526
2024-10-29 15:10:00+00:00,71718.35,71834.355,71627.29,71834.355,0.004607548,193.18903571428694,0.012187486285714307
2024-10-29 15:15:00+00:00,71873.4135,71956.815,71773.985,71844.8985,0.0,179.77500000000146,0.012009587476190499
2024-10-29 15:20:00+00:00,71901.32,72020.401133501,71832.248,71940.557,0.023336522,181.68843810721592,0.012953585333333356
2024-10-29 15:25:00+00:00,71979.6685,72106.971,71905.948,71955.08,0.008117273,183.43704525007342,0.013340122142857165
2024-10-29 15:30:00+00:00,71920.88,71967.05,71790.63,71790.63,0.0,173.87990239293035,0.013197265000000022
2024-10-29 15:35:00+00:00,71759.775,71861.867,71759.34,71861.867,0.072292148,168.29372382150177,0.016629410761904783
2024-10-29 15:40:00+00:00,71908.4015,72237.4075,71908.4015,72180.54,0.008754882,174.0166523929303,0.017046309904761924
2024-10-29 15:45:00+00:00,72197.01,72377.536551637,72166.042,72351.373551637,3.2457e-05,176.08697750985863,0.015857379285714308
2024-10-29 15:50:00+00:00,72322.85,72380.623551637,72204.8,72355.685,7.9428e-05,166.9583026267875,0.0158237473809524
2024-10-29 15:55:00+00:00,72374.338551637,72390.873551637,72322.5,72376.123051637,3.524e-06,163.41573488657326,0.015007525380952399
2024-10-29 16:00:00+00:00,72391.774051637,72499.375,72391.774051637,72412.1755,0.015382866,166.38658834107315,0.01574004280952383
2024-10-29 16:05:00+00:00,72471.15,72489.75,72415.775,72489.75,0.000700299,166.7028383410725,0.0157733903809524
2024-10-29 16:10:00+00:00,72500.0,72654.016,72463.6595,72463.6595,0.050774291,168.31530262678694,0.01819087500000002
2024-10-29 16:15:00+00:00,72495.036,72687.3345,72495.036,72616.32,0.066960162,178.8648740553586,0.021378770285714305
2024-10-29 16:20:00+00:00,72572.22,72733.8,72533.125,72687.8775,0.148363065,178.40844548393008,0.02834937523809526
2024-10-29 16:25:00+00:00,72646.18,72747.4705,72645.407,72694.033,0.004131536,172.63940976964346,0.021769865047619068
2024-10-29 16:30:00+00:00,72658.541,72658.541,72542.589,72546.035,0.0,170.017328805286,0.021769865047619068
2024-10-29 16:35:00+00:00,72574.064,72615.096,72535.072,72574.38,0.0,161.37454309100056,0.021769581285714306
2024-10-29 16:40:00+00:00,72622.91,72691.05,72622.91,72691.05,0.0,157.10668594814342,0.019861525904761923
2024-10-29 16:45:00+00:00,72728.0,72854.3,72691.05,72775.6165,0.114854979,161.44404309100042,0.02468528476190478
2024-10-29 16:50:00+00:00,72751.324,72908.9466372795,72751.324,72784.1,0.001642789,145.87848146810782,0.02476351280952383
2024-10-29 16:55:00+00:00,72760.2,72805.742,72693.5535,72712.671,0.006687857,138.78519206546585,0.024862575142857158
2024-10-29 17:00:00+00:00,72738.699,72945.5306372795,72738.699,72848.33,0.021197593,142.85919818278697,0.025871984333333348
2024-10-29 17:05:00+00:00,72890.711,72910.42,72758.745,72758.745,0.019084617,148.80930163728667,0.02566951266666669
2024-10-29 17:10:00+00:00,72724.5,72744.1375,72684.505,72744.1375,0.0,145.30844818278587,0.02528297585714288
2024-10-29 17:15:00+00:00,72781.666,72875.2,72749.195,72850.065,0.027352174,149.1290196113571,0.026585460333333352
2024-10-29 17:20:00+00:00,72896.43,72896.43,72750.405,72845.97,0.023998175,145.96248389707034,0.02428574733333335
2024-10-29 17:25:00+00:00,72880.087,72939.5631372795,72880.087,72925.7016372795,0.0,136.67092227417743,0.02386884819047621
2024-10-29 17:30:00+00:00,72942.5516372795,72975.0185,72935.1016372795,72975.0185,0.01,125.85962675421304,0.024343493095238117
2024-10-29 17:35:00+00:00,72955.32,72955.32,72790.36,72933.8255,0.023732207,131.759269611357,0.02546981590476192
2024-10-29 17:40:00+00:00,72969.22,72969.22,72750.0,72766.82,0.000295539,136.60041246850076,0.0254837213809524
2024-10-29 17:45:00+00:00,72753.25,72753.25,72566.35,72569.33,6.6557e-05,145.2036981827862,0.024754373333333354
2024-10-29 17:50:00+00:00,72613.32,72771.021,72569.33,72705.752,1.074821278,151.2766267542143,0.0759029913809524
2024-10-29 17:55:00+00:00,72751.6505,72826.1,72661.451,72717.85,0.001148342,151.37655532564324,0.07353985095238097
2024-10-29 18:00:00+00:00,72751.765,72816.1,72748.82,72789.26,0.003245945,147.13565266282134,0.07050584061904763
2024-10-29 18:05:00+00:00,72754.9235,72754.9805,72686.2795,72724.5215,0.0,146.4779383771061,0.06344093276190478
2024-10-29 18:10:00+00:00,72758.788,72832.93,72758.788,72832.93,0.0,137.58857142856974,0.06324419295238097
2024-10-29 18:15:00+00:00,72796.0765,72909.075,72686.9445,72909.075,0.0,142.62110714285518,0.06324419295238097
2024-10-29 18:20:00+00:00,72945.7115,72995.69,72938.0405,72981.96,0.000679595,143.5050357142848,0.06327655461904763
2024-10-29 18:25:00+00:00,73000.0,73038.72,72876.7,72876.7,0.009664652,145.71628571428508,0.06373677614285715
2024-10-29 18:30:00+00:00,72915.1,72930.3135,72876.7,72915.0275,0.044878338,139.11546428571455,0.06040455514285716
2024-10-29 18:35:00+00:00,72972.3,73000.265,72957.4555,73000.265,0.0,138.5186330514646,0.06032632709523812
2024-10-29 18:40:00+00:00,73050.686,73107.029,72937.59,72937.59,1.7175e-05,147.09878571428584,0.060008675571428596
2024-10-29 18:45:00+00:00,72896.027,73088.9,72896.027,73066.058,0.000536643,147.68553571428492,0.05902482080952383
2024-10-29 18:50:00+00:00,73103.8435,73270.022,73025.276,73247.6,0.011648774,149.50882142857049,0.05867073304761907
2024-10-29 18:55:00+00:00,73215.3,73215.3,73192.785,73207.322,0.0,139.104892857142,0.05867073304761907
2024-10-29 19:00:00+00:00,73266.83,73446.143,73000.0,73254.748,0.001377197,156.5657499999995,0.05743382938095239
2024-10-29 19:05:00+00:00,73231.2575,73484.432,73189.315,73480.6,0.002107108,165.8848928571419,0.05639139761904764
2024-10-29 19:10:00+00:00,73462.685,73613.9585,72500.0,73557.875,1.649777287,238.43549999999854,0.13495222080952382
2024-10-29 19:15:00+00:00,73509.57,73511.2,73266.3325,73284.641,0.099617331,251.9042142857132,0.13921971276190476
2024-10-29 19:20:00+00:00,73246.24,73246.24,72749.88,72995.933,0.050753532,282.3579642857138,0.14050644252380953
2024-10-29 19:25:00+00:00,72951.3,73153.46,72795.524,72897.3465,0.001332647,292.05835714285683,0.14055582861904764
2024-10-29 19:30:00+00:00,72849.3,72849.3,72592.8405,72705.525,0.0,307.6219999999989,0.14055265923809526
2024-10-29 19:35:00+00:00,72747.15,72962.895,72705.525,72780.145,0.011101775,314.4327142857136,0.08989934957142859
2024-10-29 19:40:00+00:00,72812.8885,72849.1395,72660.1575,72693.7,0.0,324.10189285714193,0.08984466661904764
2024-10-29 19:45:00+00:00,72728.6485,72776.255,72589.945,72666.0365,0.0,331.32135714285585,0.08969009780952383
2024-10-29 19:50:00+00:00,72697.45,72920.0715,72613.06,72916.37,0.057360823,341.1479642857136,0.0924215655714286
2024-10-29 19:55:00+00:00,72955.6265,72955.6265,72518.1805,72518.1805,0.0018,358.61746428571394,0.09250727985714288
2024-10-29 20:00:00+00:00,72555.0005,72687.343,72361.25,72361.25,0.003063617,364.42796428571353,0.0926531663809524
2024-10-29 20:05:00+00:00,72401.149,72418.73,72307.96,72307.96,0.0,368.4247499999983,0.09262080471428573
2024-10-29 20:10:00+00:00,72355.4195,72468.6,72209.725,72437.71,0.018898689,355.04846428571284,0.09306052076190478
2024-10-29 20:15:00+00:00,72416.2025,72420.407,72282.736,72282.736,0.007021353,345.0382499999988,0.09125780719047621
2024-10-29 20:20:00+00:00,72252.2285,72252.2285,71964.5238833745,71964.5238833745,0.003069444,288.1992226161071,0.0914039711904762
2024-10-29 20:25:00+00:00,71985.8398833745,72077.49,71887.555,71982.4335,0.53962,280.9415440446797,0.11709934380952383
2024-10-29 20:30:00+00:00,71942.1,72150.4,71855.35,72136.99,0.000685505,263.81932975896467,0.1171064324761905
2024-10-29 20:35:00+00:00,72098.655,72185.149,72024.8005,72185.149,0.0008,249.70593690182224,0.11658982419047621
2024-10-29 20:40:00+00:00,72146.605,72146.605,72114.8425,72143.88,0.0,232.9774011875374,0.11658982419047621
2024-10-29 20:45:00+00:00,72188.6095,72344.5355,72136.6005,72344.5355,0.0003,229.44632975896508,0.11653852909523812
2024-10-29 20:50:00+00:00,72377.39,72388.3415,72312.6,72355.37,0.0,221.3577226161069,0.11643819061904766
2024-10-29 20:55:00+00:00,72393.2255,72393.2255,72293.05,72335.68,0.0,215.2052583303926,0.03787736742857145
2024-10-29 21:00:00+00:00,72298.045,72344.075,72252.6025,72344.075,0.0,199.80961547324947,0.03313368500000002
2024-10-29 21:05:00+00:00,72310.063333333,72441.5745,72310.063333333,72441.5745,0.0,177.9571273780353,0.03071685014285716
2024-10-29 21:10:00+00:00,72400.449,72482.7,72400.449,72470.63,0.0259675,160.53984166375034,0.0318899383809524
2024-10-29 21:15:00+00:00,72485.35,72575.901,72421.859,72421.859,0.0289675,163.6306988066083,0.03326934314285716
2024-10-29 21:20:00+00:00,72394.851,72506.49,72394.851,72439.865,0.0,153.11384166375188,0.032740687190476216
2024-10-29 21:25:00+00:00,72461.754,72461.754,72411.95,72438.385,0.0,145.60169880660916,0.032740687190476216
2024-10-29 21:30:00+00:00,72391.835,72391.835,72334.929,72334.929,0.0,130.26197619050072,0.032740687190476216
2024-10-29 21:35:00+00:00,72307.908,72339.65,72255.73,72301.865,0.001286793,122.68947619049972,0.03007049528571431
2024-10-29 21:40:00+00:00,72303.045,72344.64,72303.045,72310.785,0.0,104.66983333335727,0.029984781000000023
2024-10-29 21:45:00+00:00,72310.9075,72310.9075,72241.115,72241.115,0.0,98.20154761907075,0.0298388944761905
2024-10-29 21:50:00+00:00,72281.07,72311.333,72253.42,72301.115,0.0,98.19522619049842,0.0298388944761905
2024-10-29 21:55:00+00:00,72297.805,72325.01,72278.99,72302.15,0.005,86.6298690476407,0.02917705214285717
2024-10-29 22:00:00+00:00,72253.596,72253.596,72213.523,72214.27,0.0,87.55026190478384,0.028842702000000022
2024-10-29 22:05:00+00:00,72212.1575,72314.5865,72212.1575,72314.5865,0.0,87.71122619049856,0.02869653800000002
2024-10-29 22:10:00+00:00,72362.5495,72391.25,72362.5495,72391.25,0.0,86.65344047621225,0.003000347523809545
2024-10-29 22:15:00+00:00,72365.463,72365.463,72334.788,72364.805,0.0,81.29278571428378,0.00296770442857145
2024-10-29 22:20:00+00:00,72400.3,72485.0,72310.383,72310.383,0.0,87.89035714285481,0.0029296091904762117
2024-10-29 22:25:00+00:00,72333.6225,72371.9235,72333.6225,72371.9235,0.0,81.28310714285492,0.0029296091904762117
2024-10-29 22:30:00+00:00,72404.8555,72565.0965,72404.8555,72565.0965,0.0,87.106964285711,0.0029153234761904977
2024-10-29 22:35:00+00:00,72579.975,72583.75,72572.1485,72583.75,0.0,84.88192857142505,0.0029153234761904977
2024-10-29 22:40:00+00:00,72624.55,72740.6675,72624.55,72740.6675,0.0,88.70060714285397,0.0029153234761904977
2024-10-29 22:45:00+00:00,72699.5,72827.55,72699.5,72827.55,0.05536353,91.85274999999716,0.005551682047619069
2024-10-29 22:50:00+00:00,72872.1405,72950.736,72872.1405,72915.0065,0.0,97.59639285714054,0.005551682047619069
2024-10-29 22:55:00+00:00,72945.425,72945.425,72636.775,72636.775,0.0,114.65764285714145,0.00431513442857145
2024-10-29 23:00:00+00:00,72690.2705,72768.4065,72648.8,72648.8,0.0,119.04432142857071,0.002935729666666688
2024-10-29 23:05:00+00:00,72617.6575,72617.6575,72547.961,72589.2385,0.0,122.95996428571483,0.002935729666666688
2024-10-29 23:10:00+00:00,72539.9995,72539.9995,72511.221,72539.715,0.0,122.20214285714403,0.002935729666666688
2024-10-29 23:15:00+00:00,72570.905,72618.99,72556.7985,72556.7985,0.0,120.54828571428723,0.002935729666666688
2024-10-29 23:20:00+00:00,72534.6575,72693.8165,72523.4845,72693.8165,0.0,127.23889285714436,0.002874453809523831
2024-10-29 23:25:00+00:00,72690.3755,72690.3755,72652.166,72652.166,0.0,126.18092857143036,0.002874453809523831
2024-10-29 23:30:00+00:00,72622.567,72684.255,72622.567,72658.588,0.0,118.11457142857398,0.002874453809523831
2024-10-29 23:35:00+00:00,72625.65,72723.5795,72610.4535,72723.5795,0.0,121.79925000000263,0.002874453809523831
2024-10-29 23:40:00+00:00,72684.0035,72771.255,72684.0035,72719.4845,0.0,114.23342857143143,0.0026363585714285925
2024-10-29 23:45:00+00:00,72678.101,72678.101,72607.718,72607.718,0.0,120.88435714286086,0.0026363585714285925
2024-10-29 23:50:00+00:00,72660.5,72769.5995,72660.5,72758.767,0.0,121.23892857143281,0.0026363585714285925
2024-10-29 23:55:00+00:00,72747.58,72747.58,72737.35,72737.35,0.0,113.62228571428984,0.0026363585714285925
2024-10-30 00:00:00+00:00,72734.39,72772.45,72654.551,72654.551,0.000107233,113.24464285714619,0.002641464904761926
2024-10-30 00:05:00+00:00,72619.77,72619.77,72523.615,72536.5425,0.0,100.55078571428852,0.002641464904761926
2024-10-30 00:10:00+00:00,72512.77,72530.6585,72505.146,72530.6585,0.0,93.39114285714562,0.002641464904761926
2024-10-30 00:15:00+00:00,72506.45,72506.45,72464.5135,72464.5135,0.0,90.91300000000254,0.002641464904761926
2024-10-30 00:20:00+00:00,72438.028,72475.365,72428.2885,72428.2885,0.0,88.70292857143171,0.002641464904761926
2024-10-30 00:25:00+00:00,72474.5205,72474.5205,72414.815,72425.9525,0.0,87.3051071428594,0.002641464904761926
2024-10-30 00:30:00+00:00,72415.083,72415.083,72241.38,72241.38,0.0,88.32228571428797,5.10633333335448e-06
2024-10-30 00:35:00+00:00,72287.1465,72331.45,72219.509,72331.45,0.0004,93.34303571428713,2.415395238097353e-05
2024-10-30 00:40:00+00:00,72296.01,72296.01,72210.4,72265.095,0.0129675,97.58317857142954,0.0006416539523809735
2024-10-30 00:45:00+00:00,72318.565,72318.565,72236.89,72282.567,0.0,95.33667857142947,0.0006416539523809735
2024-10-30 00:50:00+00:00,72224.355,72224.355,72124.84,72124.84,0.0,100.37064285714379,0.0006416539523809735
2024-10-30 00:55:00+00:00,72163.507,72278.591,72163.507,72236.935,0.0,103.36953571428603,0.0006416539523809735
2024-10-30 01:00:00+00:00,72221.2865,72221.2865,72037.161,72053.82,0.005708826,106.0761428571433,0.0009135028095238306
2024-10-30 01:05:00+00:00,72079.117,72163.0895,72044.994,72044.994,0.0,112.98175000000005,0.0009135028095238306
2024-10-30 01:10:00+00:00,72014.975,72128.8,72014.975,72128.8,0.0,112.69075000000053,0.0009135028095238306
2024-10-30 01:15:00+00:00,72079.6575,72161.2965,72028.12,72129.3025,0.0,112.85078571428623,0.0009135028095238306
2024-10-30 01:20:00+00:00,72089.465,72118.5465,72080.48,72080.48,0.0,114.09550000000101,0.0009135028095238306
2024-10-30 01:25:00+00:00,72055.6605,72156.662,72055.6605,72124.5,0.0,116.58525000000061,0.0009135028095238306
2024-10-30 01:30:00+00:00,72148.598,72341.3,72148.598,72341.3,0.0,128.70835714285724,0.0009135028095238306
2024-10-30 01:35:00+00:00,72330.515,72404.71,72290.62,72404.71,0.0,132.59296428571542,0.0009135028095238306
2024-10-30 01:40:00+00:00,72373.95,72373.95,72283.9485,72283.9485,0.0,128.03503571428777,0.0009135028095238306
2024-10-30 01:45:00+00:00,72294.5125,72362.15,72249.018,72362.15,0.0,128.12010714285967,0.0009083964761904972
2024-10-30 01:50:00+00:00,72314.735,72362.3655,72314.735,72339.885,0.0,122.8758571428594,0.0009083964761904972
2024-10-30 01:55:00+00:00,72388.9695,72391.0665,72355.635,72391.0665,0.0,120.69775000000247,0.0009083964761904972
2024-10-30 02:00:00+00:00,72355.165,72577.93,72355.165,72550.95,0.0,125.34332142857394,0.0009083964761904972
2024-10-30 02:05:00+00:00,72507.2555,72614.4355,72507.2555,72547.3085,0.0,122.0168214285742,0.0009083964761904972
2024-10-30 02:10:00+00:00,72509.0415,72552.848,72477.9215,72552.848,0.0,113.09914285714538,0.0009083964761904972
2024-10-30 02:15:00+00:00,72503.475,72528.42,72458.4815,72528.42,0.0,111.40421428571737,0.0009083964761904972
2024-10-30 02:20:00+00:00,72494.867,72494.867,72427.3855,72427.3855,0.0,110.49060714286004,0.0008893488571428783
2024-10-30 02:25:00+00:00,72384.935,72427.2855,72384.935,72427.2855,0.0,104.01017857143181,0.0002718488571428783
2024-10-30 02:30:00+00:00,72407.043,72499.055,72392.183,72480.0725,0.0,108.15657142857319,0.0002718488571428783
2024-10-30 02:35:00+00:00,72516.22,72542.111,72482.9025,72482.9025,0.0,105.37350000000255,0.0002718488571428783
2024-10-30 02:40:00+00:00,72437.825,72437.825,72387.571,72392.1035,0.0,96.69717857143094,0.0002718488571428783
2024-10-30 02:45:00+00:00,72420.7335,72432.14,72391.464,72391.464,0.0,91.45332142857244,0.0
2024-10-30 02:50:00+00:00,72360.583,72360.583,72341.5,72341.5,0.0,86.39635714285812,0.0
2024-10-30 02:55:00+00:00,72335.35,72346.1765,72322.65,72325.52,0.0,79.99596428571593,0.0
2024-10-30 03:00:00+00:00,72359.475,72398.555,72312.595,72312.595,8.9974e-05,82.73378571428682,4.2844761904973376e-06
2024-10-30 03:05:00+00:00,72334.265,72459.355,72334.265,72412.95,0.0,89.56082142857174,4.2844761904973376e-06
2024-10-30 03:10:00+00:00,72394.012,72394.012,72377.5,72377.5,0.0,76.18117857142872,4.2844761904973376e-06
2024-10-30 03:15:00+00:00,72403.9,72447.865,72401.65,72401.65,0.0,73.55153571428569,4.2844761904973376e-06
2024-10-30 03:20:00+00:00,72367.7045,72367.7045,72233.1225,72247.9265,0.0,80.23732142857105,4.2844761904973376e-06
2024-10-30 03:25:00+00:00,72255.6,72282.035,72243.9,72250.57,0.0,76.22078571428574,4.2844761904973376e-06
2024-10-30 03:30:00+00:00,72207.335,72245.565,72199.4855,72245.565,0.0,72.65292857142984,4.2844761904973376e-06
2024-10-30 03:35:00+00:00,72226.189,72229.91,72206.895,72206.895,0.0,72.38289285714356,4.2844761904973376e-06
2024-10-30 03:40:00+00:00,72208.0125,72272.0565,72200.5625,72272.0565,0.0,69.85589285714481,4.2844761904973376e-06
2024-10-30 03:45:00+00:00,72316.2775,72316.2775,72227.175,72227.175,0.0,71.78903571428653,4.2844761904973376e-06
2024-10-30 03:50:00+00:00,72228.36,72260.45,72184.2135,72184.2135,0.006732861,70.42510714285787,0.0003248969047619259
2024-10-30 03:55:00+00:00,72225.1525,72231.72,72200.6,72216.6605,0.0,70.9130000000015,0.0003248969047619259
2024-10-30 04:00:00+00:00,72192.11,72214.75,72163.55,72214.75,0.0,71.13775000000065,0.0003248969047619259
2024-10-30 04:05:00+00:00,72180.4,72266.98,72171.411,72222.95,0.000135662,76.28364285714322,0.0003313570000000211
2024-10-30 04:10:00+00:00,72258.915,72258.915,72226.25,72232.01,0.0,72.71257142857212,0.0003313570000000211
2024-10-30 04:15:00+00:00,72215.343,72236.208,72158.92,72196.0405,0.021358269,67.75028571428682,0.0013484174285714498
2024-10-30 04:20:00+00:00,72203.9,72263.3975,72187.94,72263.3975,0.0,70.60796428571588,0.0013484174285714498
2024-10-30 04:25:00+00:00,72314.015,72340.45,72299.044,72304.025,0.0,71.08564285714341,0.0013484174285714498
2024-10-30 04:30:00+00:00,72295.905,72308.167,72258.031,72263.675,0.0,62.62910714285785,0.0013484174285714498
2024-10-30 04:35:00+00:00,72280.2105,72297.76,72269.1095,72291.085,0.0,62.339821428570886,0.0013484174285714498
2024-10-30 04:40:00+00:00,72280.442,72312.14,72259.12,72283.402,0.0,62.47807142857034,0.0013484174285714498
2024-10-30 04:45:00+00:00,72301.785,72311.295,72271.2465,72286.958,0.0,62.576535714285065,0.0013441329523809736
2024-10-30 04:50:00+00:00,72284.41,72301.966,72264.8665,72274.177,0.0,60.11978571428439,0.0013441329523809736
2024-10-30 04:55:00+00:00,72284.045,72284.67,72242.755,72266.398,0.0,56.749249999998675,0.0013441329523809736
2024-10-30 05:00:00+00:00,72281.61,72299.75,72271.866,72284.658,0.0,53.686071428570095,0.0013441329523809736
2024-10-30 05:05:00+00:00,72322.2,72385.15,72322.2,72356.4575,0.0,57.470749999998326,0.0013441329523809736
2024-10-30 05:10:00+00:00,72334.85,72399.36,72332.935,72399.36,0.001122374,58.42178571428459,0.0013975793333333545
2024-10-30 05:15:00+00:00,72374.933,72400.79,72355.5585,72397.9255,0.020159432,54.826249999998254,0.002357552285714307
2024-10-30 05:20:00+00:00,72411.965,72440.3765,72386.355,72399.15,0.0,56.115999999998685,0.002357552285714307
2024-10-30 05:25:00+00:00,72430.821,72469.756,72430.821,72469.756,0.0,55.63871428571292,0.002357552285714307
2024-10-30 05:30:00+00:00,72467.805,72469.902,72442.04,72464.87,0.0,52.23903571428465,0.002357552285714307
2024-10-30 05:35:00+00:00,72426.5525,72477.661,72426.5525,72477.661,0.0,50.38589285714157,0.002036939857142878
2024-10-30 05:40:00+00:00,72516.2,72516.2,72462.345,72462.345,0.0068,50.651535714284236,0.002360749380952402
2024-10-30 05:45:00+00:00,72447.0545,72447.0545,72376.295,72376.295,0.0,54.363321428570735,0.002360749380952402
2024-10-30 05:50:00+00:00,72417.0265,72437.3,72416.15,72421.715,0.0,54.933678571427926,0.0023542892857143067
2024-10-30 05:55:00+00:00,72440.3615,72489.3865,72440.3615,72489.3865,0.0,56.9067499999988,0.0023542892857143067
2024-10-30 06:05:00+00:00,72530.6175,72530.6175,72530.6175,72530.6175,0.0,57.20185714285617,0.0013372288571428784
2024-10-30 06:10:00+00:00,72549.0735,72573.2685,72511.2,72511.2,0.0,58.64139285714295,0.0013372288571428784
2024-10-30 06:15:00+00:00,72547.0,72547.0,72385.1545,72406.452,0.007712207,67.81949999999986,0.0017044768095238307
2024-10-30 06:25:00+00:00,72421.7,72421.7,72421.7,72421.7,0.0,61.73064285714229,0.0017044768095238307
2024-10-30 06:30:00+00:00,72413.889,72413.889,72413.889,72413.889,0.0,57.543928571427905,0.0017044768095238307
2024-10-30 06:35:00+00:00,72443.1665,72452.1045,72398.904,72412.0,0.0,58.11314285714304,0.0017044768095238307
2024-10-30 06:40:00+00:00,72400.52,72400.52,72348.3985,72356.9,0.0,58.79742857142888,0.0017044768095238307
2024-10-30 06:45:00+00:00,72357.9,72389.8,72338.7,72338.7,1.5e-05,57.4041428571436,0.0017051910952381164
2024-10-30 06:55:00+00:00,72298.902,72331.395,72292.5615,72293.417,0.00028,58.70960714285736,0.0017185244285714495
2024-10-30 07:00:00+00:00,72289.6,72327.7105,72289.6,72327.7105,0.0,57.781178571429336,0.0017185244285714495
2024-10-30 07:05:00+00:00,72287.871,72364.9705,72287.871,72364.9705,8.8866e-05,59.441500000000815,0.0017227561428571638
2024-10-30 07:10:00+00:00,72402.884,72436.7,72364.9705,72380.23,0.062294428,58.418607142857844,0.004635711095238117
2024-10-30 07:15:00+00:00,72434.895,72434.895,72379.6125,72379.6125,0.0,58.00985714285759,0.0036757381428571636
2024-10-30 07:20:00+00:00,72383.9615,72383.9615,72296.07,72299.3,0.0,59.45414285714339,0.0036757381428571636
2024-10-30 07:25:00+00:00,72274.9,72319.8375,72274.9,72286.677,0.09985,59.71889285714341,0.008430500047619069
2024-10-30 07:30:00+00:00,72324.228,72324.228,72303.885,72303.885,0.0,57.96764285714328,0.008430500047619069
2024-10-30 07:35:00+00:00,72274.84,72274.84,72271.0,72271.0,0.0,48.75617857142892,0.008430500047619069
2024-10-30 07:40:00+00:00,72249.7,72271.0,72204.15,72204.15,0.01,52.44203571428703,0.008582881000000021
2024-10-30 07:45:00+00:00,72164.042,72164.042,72081.934,72140.16,0.0,60.613821428572656,0.008582881000000021
2024-10-30 07:50:00+00:00,72166.048,72167.4965,72147.085,72147.085,0.0,58.76639285714295,0.008582881000000021
2024-10-30 07:55:00+00:00,72167.475,72253.4765,72167.475,72216.34,0.001148329,61.82282142857106,0.008637563333333355
2024-10-30 08:00:00+00:00,72256.971,72309.25,72256.971,72309.25,0.0,64.80924999999947,0.008637563333333355
2024-10-30 08:05:00+00:00,72331.0875,72372.1875,72322.375,72372.1875,0.0,66.00917857142797,0.008637563333333355
2024-10-30 08:10:00+00:00,72414.15,72489.7365,72414.15,72468.8055,0.0006,71.68335714285682,0.00829888680952383
2024-10-30 08:15:00+00:00,72518.04,72518.04,72494.55,72494.55,0.0,69.6929999999993,0.00829888680952383
2024-10-30 08:25:00+00:00,72466.5,72494.55,72427.35,72474.387,0.00514785,69.36946428571329,0.008544022523809544
2024-10-30 08:30:00+00:00,72509.2685,72509.2685,72476.4045,72476.4045,0.0,67.91224999999915,0.008544022523809544
2024-10-30 08:35:00+00:00,72434.335,72484.53,72434.335,72437.86,0.0,65.21964285714161,0.008544022523809544
2024-10-30 08:40:00+00:00,72417.675,72417.675,72417.675,72417.675,0.0,63.45160714285573,0.00854330823809526
2024-10-30 08:45:00+00:00,72388.33,72388.33,72325.1355,72325.1355,0.0,67.37935714285517,0.008529974904761926
2024-10-30 08:50:00+00:00,72302.671,72345.9435,72299.718,72299.718,0.008134498,68.33224999999844,0.008917331952380973
2024-10-30 08:55:00+00:00,72271.3625,72271.3625,72231.4465,72231.4465,0.0,68.43378571428288,0.008913100238095259
2024-10-30 09:00:00+00:00,72272.7785,72272.7785,72272.7785,72272.7785,0.0,62.65635714285391,0.005946698904761925
2024-10-30 09:05:00+00:00,72226.17,72351.156,72226.17,72351.156,0.000142347,69.63132142856921,0.0059534773333333535
2024-10-30 09:10:00+00:00,72378.817,72378.817,72378.817,72378.817,0.0,64.0077142857117,0.0059534773333333535
2024-10-30 09:20:00+00:00,72412.8685,72472.5315,72412.8685,72472.5315,0.0,64.06517857142588,0.0011987154285714497
2024-10-30 09:40:00+00:00,72513.532,72513.532,72381.9,72381.9,0.0,68.97192857142674,0.0011987154285714497
2024-10-30 09:45:00+00:00,72396.0,72429.935,72393.423,72393.423,0.0,64.00664285714136,0.0011987154285714497
2024-10-30 09:50:00+00:00,72421.581,72489.13,72415.4405,72489.13,0.000342432,67.32610714285693,0.0007388312380952592
2024-10-30 09:55:00+00:00,72523.7845,72570.201,72514.469,72570.201,0.0,68.31689285714258,0.0007388312380952592
2024-10-30 10:00:00+00:00,72580.235,72580.235,72526.1085,72526.1085,0.0,69.69153571428511,0.0007388312380952592
2024-10-30 10:05:00+00:00,72552.79,72552.79,72460.454,72482.2,0.001019271,72.70160714285677,0.0007326856190476403
2024-10-30 10:10:00+00:00,72497.99,72565.05,72497.99,72549.1465,0.0,77.17767857142879,0.0007326856190476403
2024-10-30 10:15:00+00:00,72513.739,72520.9485,72465.675,72465.675,0.0,76.52996428571454,0.0007326856190476403
2024-10-30 10:20:00+00:00,72508.65,72544.1495,72457.0355,72463.875,0.0,79.45057142857175,0.0007041141904762117
2024-10-30 10:25:00+00:00,72471.578,72471.578,72434.23,72455.77,0.0,77.24175000000105,0.0007041141904762117
2024-10-30 10:30:00+00:00,72474.179,72474.179,72375.15,72375.15,0.0,81.36296428571639,0.0004589784761904974
2024-10-30 10:35:00+00:00,72399.3905,72399.3905,72362.28,72362.28,0.0,75.0861428571443,0.0004589784761904974
2024-10-30 10:40:00+00:00,72368.9,72409.918,72356.65,72409.918,0.0,76.91521428571703,0.0004589784761904974
2024-10-30 10:45:00+00:00,72370.1555,72370.1555,72370.1555,72370.1555,0.0,73.06150000000343,0.0004589784761904974
2024-10-30 10:55:00+00:00,72357.68,72357.68,72336.0,72356.854,0.0,66.09889285714495,0.0004589784761904974
2024-10-30 11:00:00+00:00,72331.735,72372.4,72244.6,72295.9465,0.000992636,71.79639285714386,0.00011888980952383065
2024-10-30 11:05:00+00:00,72294.5,72294.5,72252.845,72255.713,0.0,68.03885714285778,0.00011888980952383065
2024-10-30 11:10:00+00:00,72249.003,72291.9335,72220.46,72220.46,0.0,67.35332142857182,0.00011888980952383065
2024-10-30 11:15:00+00:00,72257.4735,72293.925,72223.4,72223.4,0.0,68.7346428571431,0.00011211138095240208
2024-10-30 11:20:00+00:00,72204.205,72215.224,72204.205,72215.224,0.0,63.51028571428573,0.00011211138095240208
2024-10-30 11:25:00+00:00,72209.4945,72209.4945,72102.623,72102.623,0.081172607,65.63535714285639,0.00397747361904764
2024-10-30 11:30:00+00:00,72162.86,72225.4465,72149.555,72225.4465,0.0,68.44621428571347,0.00397747361904764
2024-10-30 11:35:00+00:00,72263.0,72263.0,72175.6155,72175.6155,0.0,68.4655357142848,0.00397747361904764
2024-10-30 11:40:00+00:00,72220.415,72235.25,72218.83,72218.83,0.0,70.05742857142779,0.003961167333333354
2024-10-30 11:45:00+00:00,72175.485,72175.485,72038.9815,72073.12,0.0,75.83024999999907,0.003961167333333354
2024-10-30 11:50:00+00:00,72046.5595,72046.5595,72016.506,72023.45,0.0,77.22335714285666,0.003961167333333354
2024-10-30 11:55:00+00:00,72046.9,72046.9,71905.73,71946.25,0.004398281,83.50207142857003,0.004122072571428592
2024-10-30 12:00:00+00:00,71997.4165,71997.4165,71799.7005,71799.7005,0.0,94.78446428571208,0.004122072571428592
2024-10-30 12:05:00+00:00,71772.201,72053.926,71772.201,72018.118,0.004242258,112.46799999999868,0.004324084857142878
2024-10-30 12:10:00+00:00,72004.6,72125.96,72004.52,72069.4085,0.061465509,112.01371428571396,0.007251013857142877
2024-10-30 12:15:00+00:00,72023.505,72035.865,71905.475,72013.35,0.000366082,120.64457142857074,0.007268446333333354
2024-10-30 12:20:00+00:00,72058.7,72058.7,72058.7,72058.7,0.0,118.77860714285634,0.007268446333333354
2024-10-30 12:25:00+00:00,72026.2235,72064.435,71983.6045,72026.3725,0.0,119.30471428571347,0.007268446333333354
2024-10-30 12:30:00+00:00,71997.8835,71997.8835,71833.517,71833.517,0.0,131.70903571428477,0.007268446333333354
2024-10-30 12:35:00+00:00,71867.55,72021.145,71867.55,71979.0555,0.0,137.06810714285635,0.007268446333333354
2024-10-30 12:40:00+00:00,71936.73,72003.4,71920.659,71920.659,0.0,134.20507142857034,0.007268446333333354
2024-10-30 12:45:00+00:00,71884.25,71884.25,71785.445,71785.445,0.0,137.62146428571265,0.007221177952380973
2024-10-30 12:50:00+00:00,71819.374,71819.374,71774.29,71818.948,0.0,136.5821428571414,0.007221177952380973
2024-10-30 12:55:00+00:00,71783.265,72000.675,71783.265,71847.6,0.0,139.2651071428554,0.007221177952380973
2024-10-30 13:00:00+00:00,71823.93,71875.71,71776.6505,71799.745,0.009689493,142.29692857142695,0.007682582380952402
2024-10-30 13:05:00+00:00,71765.58,71851.7585,71765.58,71811.1,0.000264495,138.3689642857124,0.007695177380952402
2024-10-30 13:10:00+00:00,71768.93,71836.35,71693.4645,71836.35,6.9686e-05,134.45249999999837,0.003833133523809545
2024-10-30 13:15:00+00:00,71798.73,71870.225,71790.15,71796.1355,0.0,120.04892857142737,0.003833133523809545
2024-10-30 13:20:00+00:00,71772.079,71792.77,71692.945,71792.77,0.0,118.74539285714127,0.003833133523809545
2024-10-30 13:25:00+00:00,71832.2135,71832.2135,71735.163,71762.0665,0.014912533,113.96803571428401,0.0045432541428571645
2024-10-30 13:30:00+00:00,71783.959,71833.6825,71707.1315,71707.1315,0.0,119.7681071428555,0.0045432541428571645
2024-10-30 13:35:00+00:00,71688.3,71723.025,71600.194,71600.194,0.074777869,122.76814285714083,0.008104105047619069
2024-10-30 13:40:00+00:00,71570.794,71572.7,71443.1,71447.8775,0.032639013,120.21374999999846,0.00944890180952383
2024-10-30 13:45:00+00:00,71408.8,71667.8365,71408.8,71667.1,0.0,125.31435714285597,0.00944890180952383
2024-10-30 13:50:00+00:00,71717.3005,71986.6,71717.3005,71921.2035,0.0,142.2257142857135,0.009246889523809546
2024-10-30 13:55:00+00:00,71962.125,71998.21,71943.1835,71943.1835,0.0,138.06803571428568,0.006319960523809545
2024-10-30 14:00:00+00:00,71969.481,72051.543,71914.6,71977.725,0.019055189,144.6293928571426,0.007209918000000022
2024-10-30 14:05:00+00:00,71943.1165,72123.417,71914.774,72123.417,0.0,144.00317857142778,0.007209918000000022
2024-10-30 14:10:00+00:00,72165.835,72284.27,72165.835,72284.27,0.0,148.4169999999992,0.007209918000000022
2024-10-30 14:15:00+00:00,72333.2185,72357.52,72124.424,72207.05,0.002021786,158.9111071428571,0.007306193523809545
2024-10-30 14:20:00+00:00,72241.7755,72277.48,72082.7995,72082.7995,0.0,162.61074999999983,0.007306193523809545
2024-10-30 14:25:00+00:00,72117.0645,72228.942,72117.0645,72131.279,0.0,167.32985714285627,0.007306193523809545
2024-10-30 14:30:00+00:00,72090.624,72250.35,72090.624,72250.35,0.0,171.36810714285716,0.007306193523809545
2024-10-30 14:35:00+00:00,72294.725,72409.7815,72202.5365,72409.7815,0.0,179.23914285714272,0.007306193523809545
2024-10-30 14:40:00+00:00,72431.77,72431.77,72335.7425,72338.3525,0.0,177.05889285714406,0.007306193523809545
2024-10-30 14:45:00+00:00,72301.12,72342.459,72255.9,72342.459,0.0,174.46803571428816,0.0068447890952381156
2024-10-30 14:50:00+00:00,72299.385,72299.385,72160.51,72202.595,0.008084522,176.24339285714606,0.007217171333333355
2024-10-30 14:55:00+00:00,72246.325,72441.436,72246.325,72402.345,0.0,174.80085714286022,0.007213852952380974
2024-10-30 15:00:00+00:00,72366.9025,72391.975,72347.732,72347.732,0.001438214,155.88035714286005,0.0072823393333333545
2024-10-30 15:05:00+00:00,72326.016,72357.956,72286.055,72306.2355,0.002032379,155.51567857143215,0.007379119285714307
2024-10-30 15:10:00+00:00,72258.6,72258.6,71892.158,71892.158,0.0,175.3110000000036,0.006668998666666688
2024-10-30 15:15:00+00:00,71849.315,72044.0535,71849.315,72040.8005,0.0,174.31782142857472,0.006668998666666688
2024-10-30 15:20:00+00:00,71993.135,71993.135,71701.4735,71701.4735,0.0,187.0659642857177,0.003108147761904783
2024-10-30 15:25:00+00:00,71737.347,71934.25,71737.347,71934.25,0.0,187.04314285714645,0.0015539090476190689
2024-10-30 15:30:00+00:00,71905.43,72046.6045,71905.43,72034.82,0.0,183.22128571428973,0.0015539090476190689
2024-10-30 15:35:00+00:00,72021.628,72021.628,71896.7,71940.7,0.0,182.6482500000046,0.0015539090476190689
2024-10-30 15:40:00+00:00,71888.01,71894.6895,71825.5535,71894.6895,0.002797595,179.4640000000041,0.0016871278571428784
2024-10-30 15:45:00+00:00,71935.95,72104.682,71887.6445,72068.215,0.000342142,180.16346428571913,0.0007960303809524021
2024-10-30 15:50:00+00:00,72115.845,72144.175,72072.01,72082.2,0.0,178.73007142857594,0.0007960303809524021
2024-10-30 15:55:00+00:00,72052.7,72087.9875,72037.915,72087.9875,0.0003,176.12389285714744,0.0008103160952381164
2024-10-30 16:00:00+00:00,72039.9095,72039.9095,71931.3675,71986.78,0.001316709,174.3146785714333,0.0007767410000000211
2024-10-30 16:05:00+00:00,72006.525,72045.503,71887.509,71887.509,0.000301834,168.53989285714695,0.0007911140476190687
2024-10-30 16:10:00+00:00,71861.05,71925.45,71822.732,71822.732,0.002127845,171.9759642857181,0.0008924400000000211
2024-10-30 16:15:00+00:00,71867.875,71902.2735,71784.169,71799.601,0.0,175.2762142857173,0.0008924400000000211
2024-10-30 16:20:00+00:00,71828.3365,71931.22,71828.3365,71931.22,0.0,155.1006071428606,0.0008924400000000211
2024-10-30 16:25:00+00:00,71892.24,71997.715,71892.24,71997.715,0.000286016,148.72464285714628,0.0009060598095238306
2024-10-30 16:30:00+00:00,72029.425,72029.425,71927.6415,71965.8535,0.0,131.75725000000344,0.0009060598095238306
2024-10-30 16:35:00+00:00,72007.65,72102.055,71946.47,72102.055,1.0,126.24357142857376,0.04814013019047621
2024-10-30 16:40:00+00:00,72061.98,72061.98,72061.98,72061.98,0.0,119.0221785714301,0.04814013019047621
2024-10-30 16:45:00+00:00,72018.16,72172.38,72018.16,72172.38,0.000969751,120.17217857142948,0.048117822428571454
2024-10-30 16:50:00+00:00,72144.31,72196.68,72130.7125,72170.1675,0.000146853,116.6593928571435,0.04802803547619049
2024-10-30 16:55:00+00:00,72114.355,72182.79,72114.355,72119.0555,0.000125822,106.04492857142863,0.04803402700000002
2024-10-30 17:00:00+00:00,72092.0,72121.4,71995.88,71995.88,0.000119557,109.58492857142743,0.048039720190476205
2024-10-30 17:05:00+00:00,72028.74,72028.74,71862.33,71862.33,0.00013509,117.89474999999844,0.04804615304761907
2024-10-30 17:10:00+00:00,71897.96,71897.96,71820.85,71825.15,0.00239857,112.21546428571206,0.04816037066666669
2024-10-30 17:15:00+00:00,71849.646,71891.77,71849.646,71891.77,0.0,105.68874999999909,0.04816037066666669
2024-10-30 17:20:00+00:00,71884.05,71884.05,71884.05,71884.05,0.0,98.9031785714282,0.04816037066666669
2024-10-30 17:25:00+00:00,71890.975,71924.4,71830.45,71830.45,7.9697e-05,97.17785714285648,0.048030946952380985
2024-10-30 17:30:00+00:00,71855.9,71909.3535,71739.7,71739.7,0.000129903,99.89460714285607,0.048020840333333356
2024-10-30 17:35:00+00:00,71691.855,71740.5585,71657.77,71657.77,0.00417984,98.27414285714205,0.048219880333333354
2024-10-30 17:40:00+00:00,71690.005,71791.565,71690.005,71764.0025,0.000223228,100.56067857142729,0.048216224523809546
2024-10-30 17:45:00+00:00,71801.7935,71842.441,71771.02,71838.5615,0.000382099,95.05021428571386,0.0481717192857143
2024-10-30 17:50:00+00:00,71880.5955,71880.5955,71783.807,71859.89,0.005640189,99.10117857142801,0.048425926666666695
2024-10-30 17:55:00+00:00,71894.68,71894.68,71859.89,71889.2,0.0045,90.57046428571319,0.04853888642857146
2024-10-30 18:00:00+00:00,71913.8,71913.8,71845.85,71879.55,0.0,90.7120714285702,0.04853888642857146
2024-10-30 18:05:00+00:00,71918.14,71984.9025,71918.14,71949.422,0.0,93.3490357142842,0.04853888642857146
2024-10-30 18:10:00+00:00,71993.014,72038.216,71982.29,71998.0715,0.0,90.72574999999883,0.048525266619047644
2024-10-30 18:15:00+00:00,71954.35,71954.35,71949.4,71949.4,0.0,82.31585714285653,0.048525266619047644
2024-10-30 18:20:00+00:00,71994.787,72026.4,71994.787,71995.61,0.008646067,82.30799999999934,0.0013179364761905026
2024-10-30 18:25:00+00:00,71972.751,72018.45,71934.62,71990.584,0.035384819,83.53728571428448,0.0030029278571428834
2024-10-30 18:30:00+00:00,72018.314,72018.314,71962.483,71997.175,0.0,86.97378571428479,0.0029567492380952647
2024-10-30 18:35:00+00:00,71980.2525,72097.164,71980.2525,72061.8425,0.008102963,88.61389285714229,0.0033356116190476452
2024-10-30 18:40:00+00:00,72106.9885,72145.041,72085.3375,72114.84,0.002697452,82.43853571428501,0.003458070190476217
2024-10-30 18:45:00+00:00,72117.155,72117.155,71882.96,71882.96,0.0,93.25328571428483,0.0034523770000000264
2024-10-30 18:50:00+00:00,71844.465,71922.28,71844.465,71922.28,0.0,89.25471428571369,0.0034459441428571695
2024-10-30 18:55:00+00:00,71961.7445,72010.9,71921.4,71956.3375,0.019675809,90.04482142857056,0.004268669809523836
2024-10-30 19:00:00+00:00,71995.72,71995.72,71880.804,71880.804,2.7587e-05,91.33964285714215,0.004269983476190503
2024-10-30 19:05:00+00:00,71832.5805,71922.1895,71832.5805,71922.1895,0.000101242,95.25528571428524,0.0042748045238095505
2024-10-30 19:10:00+00:00,71894.9,72027.414,71885.86,72027.414,0.000580447,100.51271428571428,0.004298649761904788
2024-10-30 19:15:00+00:00,71989.554,71989.554,71780.742,71815.8025,0.04369287,110.60696428571516,0.006373076761904788
2024-10-30 19:20:00+00:00,71800.9285,71830.95,71777.895,71814.17,0.0,108.05417857142935,0.006174036761904788
2024-10-30 19:25:00+00:00,71803.68,71862.205,71779.082,71862.205,0.0,110.51500000000046,0.0061634068571428825
2024-10-30 19:30:00+00:00,71889.4,71953.66,71889.4,71934.7725,0.0,111.54750000000058,0.006145211666666693
2024-10-30 19:35:00+00:00,71903.0235,71914.099,71871.0255,71911.464,0.0016,110.11300000000067,0.005952821714285741
2024-10-30 19:40:00+00:00,71953.3045,71955.425,71953.3045,71955.425,0.0,109.26514285714282,0.005738536000000026
2024-10-30 19:45:00+00:00,71915.55,72030.485,71915.55,72030.485,0.000876784,109.12396428571394,0.005780287619047646
2024-10-30 19:50:00+00:00,72051.5635,72086.5,71967.2,71997.6815,0.01264271,111.70264285714282,0.006382321428571455
2024-10-30 19:55:00+00:00,71966.39,71966.39,71814.37,71814.37,0.015,108.06810714285841,0.007096607142857168
2024-10-30 20:00:00+00:00,71806.98,72432.7975,71759.85,72359.815,6.0445e-05,150.57757142857216,0.007099485476190503
2024-10-30 20:05:00+00:00,72329.908,72333.865,71836.8555,71902.0615,0.0,181.53896428571483,0.006687768000000026
2024-10-30 20:10:00+00:00,71868.497,71920.575,71651.3295,71920.575,0.0,192.5625,0.005002776619047645
2024-10-30 20:15:00+00:00,71952.425,72016.535,71837.9595,72016.535,0.0,198.91725000000068,0.005002776619047645
2024-10-30 20:20:00+00:00,72074.6385,72255.15,72018.435,72225.23,0.0,205.85017857142833,0.004616921238095264
2024-10-30 20:25:00+00:00,72171.431,72276.224,72140.1715,72276.224,0.0,197.9487857142854,0.00448847114285717
2024-10-30 20:30:00+00:00,72340.9535,72340.9535,72180.612,72180.612,0.0,205.61210714285804,0.00448847114285717
2024-10-30 20:35:00+00:00,72179.7305,72243.2,72179.7305,72243.2,0.0,204.20828571428552,0.00448847114285717
2024-10-30 20:40:00+00:00,72246.26,72457.038,72246.26,72413.328,0.0,212.9499285714285,0.003551527857142884
2024-10-30 20:45:00+00:00,72470.525,72724.35,72470.525,72721.67,1.008817774,230.61242857142912,0.051589155809523835
2024-10-30 20:50:00+00:00,72707.719,72811.6365,72618.105,72811.6365,0.0,241.29603571428638,0.05158433476190479
2024-10-30 20:55:00+00:00,72775.655,72842.9215,72641.995,72842.9215,0.014138373,247.43828571428665,0.052229950285714304
2024-10-30 21:00:00+00:00,72787.2565,72932.4565,72656.583,72932.4565,0.0,258.622107142858,0.05014933742857145
2024-10-30 21:05:00+00:00,72884.9,72884.9,72668.22,72782.269,0.0,264.4024642857143,0.05014933742857145
2024-10-30 21:10:00+00:00,72739.465,72739.465,72494.2435,72494.2435,0.0,236.90803571428634,0.05014933742857145
2024-10-30 21:15:00+00:00,72445.2995,72445.2995,72243.2955,72257.205,0.0,217.47864285714397,0.05014933742857145
2024-10-30 21:20:00+00:00,72294.174,72399.3475,72294.174,72322.8735,0.0,208.39985714285908,0.05007314695238098
2024-10-30 21:25:00+00:00,72288.7,72337.17,72288.03,72288.03,0.130002256,199.15446428571573,0.0562637305714286
2024-10-30 21:30:00+00:00,72277.4105,72350.21,72232.535,72236.45,0.0,190.5158928571452,0.05622197895238098
2024-10-30 21:35:00+00:00,72216.3,72236.45,72118.165,72168.185,0.0068,189.2467857142879,0.055943754666666685
2024-10-30 21:40:00+00:00,72134.745,72206.093,72134.745,72200.683,0.0,182.89010714285854,0.055229468952380976
2024-10-30 21:45:00+00:00,72182.0,72270.83,72182.0,72253.776,0.000269275,184.70157142857352,0.055239413238095274
2024-10-30 21:50:00+00:00,72279.0725,72279.0725,72279.0725,72279.0725,0.0,171.23432142857305,0.055239413238095274
2024-10-30 21:55:00+00:00,72299.4065,72382.0,72299.4065,72382.0,0.0,156.37042857142973,0.055239413238095274
2024-10-30 22:00:00+00:00,72357.45,72357.45,72288.54,72288.54,0.0,149.2224642857161,0.055239413238095274
2024-10-30 22:05:00+00:00,72240.8885,72455.475,72240.8885,72455.475,0.0,150.19817857143062,0.055239413238095274
2024-10-30 22:10:00+00:00,72515.703,72515.703,72436.745,72480.271,0.0,136.13278571428756,0.055239413238095274
2024-10-30 22:15:00+00:00,72450.836,72595.7825,72414.43,72595.7825,0.0,130.2125000000025,0.055239413238095274
2024-10-30 22:20:00+00:00,72579.36,72579.36,72528.374,72534.2935,0.0,114.45414285714547,0.055239413238095274
2024-10-30 22:25:00+00:00,72502.655,72506.715,72445.0,72506.715,0.0,102.90739285714517,0.055239413238095274
2024-10-30 22:30:00+00:00,72487.195,72487.195,72332.4,72332.4,0.0,105.20542857143093,0.007200471619047651
2024-10-30 22:35:00+00:00,72287.89,72330.17,72287.89,72330.17,0.0,104.87471428571631,0.007200471619047651
2024-10-30 22:40:00+00:00,72361.963,72414.49,72361.963,72414.49,0.0,102.4922142857166,0.006527215761904794
2024-10-30 22:45:00+00:00,72362.251,72401.71,72362.251,72401.71,0.0,97.77464285714503,0.006527215761904794
2024-10-30 22:50:00+00:00,72377.5,72377.5,72339.8,72368.8915,0.0,97.10050000000254,0.006527215761904794
2024-10-30 22:55:00+00:00,72379.2565,72390.1835,72317.8835,72383.465,0.0,95.91978571428834,0.006527215761904794
2024-10-30 23:00:00+00:00,72371.835,72387.26,72326.9,72387.26,0.000172421,98.42432142857433,0.006535426285714317
2024-10-30 23:05:00+00:00,72407.572,72523.655,72407.572,72523.655,0.0,100.81485714285996,0.006535426285714317
2024-10-30 23:10:00+00:00,72493.716,72566.2,72493.716,72566.2,0.0,99.31657142857355,0.0003448426666666984
2024-10-30 23:15:00+00:00,72605.5,72670.5565,72588.3,72588.3,0.0,91.44300000000241,0.0003448426666666984
2024-10-30 23:20:00+00:00,72611.64,72634.1335,72611.64,72634.1335,0.0,89.07696428571633,2.1033142857174576e-05
2024-10-30 23:25:00+00:00,72597.4,72622.2,72592.41,72613.455,0.0,79.10346428571522,2.1033142857174576e-05
2024-10-30 23:30:00+00:00,72568.72,72568.72,72530.156,72530.156,0.0,80.23850000000051,8.21052380955553e-06
2024-10-30 23:35:00+00:00,72507.15,72507.15,72433.645,72459.593,0.0,80.75403571428615,8.21052380955553e-06
2024-10-30 23:40:00+00:00,72426.3355,72426.3355,72424.3925,72424.3925,0.0,70.81728571428539,8.21052380955553e-06
2024-10-30 23:45:00+00:00,72464.085,72466.6,72406.73,72406.73,0.05,71.91442857142933,0.0023891629047619366
2024-10-30 23:50:00+00:00,72376.65,72376.65,72333.68,72346.54,0.0,71.10942857142904,0.0023891629047619366
2024-10-31 00:00:00+00:00,72362.77,72362.77,72291.5,72339.2955,0.0,72.46878571428637,0.0023891629047619366
2024-10-31 00:05:00+00:00,72378.8065,72425.4,72303.595,72380.033,0.013,76.74699999999991,0.003008210523809556
2024-10-31 00:10:00+00:00,72340.08,72381.0,72340.08,72342.9585,0.0,74.505571428571,0.003008210523809556
2024-10-31 00:15:00+00:00,72302.225,72341.06,72269.195,72301.312,0.0,75.46296428571284,0.003008210523809556
2024-10-31 00:20:00+00:00,72262.78,72262.78,72262.78,72262.78,0.0,68.47274999999874,0.003008210523809556
2024-10-31 00:25:00+00:00,72300.4795,72300.4795,72277.35,72277.35,0.0,65.988142857142,0.003008210523809556
2024-10-31 00:30:00+00:00,72242.79,72242.79,72063.0235,72076.125,0.0,73.84314285714208,0.003008210523809556
2024-10-31 00:35:00+00:00,72124.78,72154.1945,72124.78,72128.16,0.0,76.14571428571382,0.003008210523809556
2024-10-31 00:40:00+00:00,72079.321,72079.321,72041.612,72041.612,0.0,79.34746428571505,0.003008210523809556
2024-10-31 00:45:00+00:00,72096.4585,72162.845,72096.4585,72124.655,0.0,82.05703571428707,0.003008210523809556
2024-10-31 00:50:00+00:00,72077.8,72128.223,72077.8,72128.223,0.000387497,78.76503571428682,0.0030184522380952697
2024-10-31 01:00:00+00:00,72154.9515,72262.9,72154.9515,72231.72,0.0,85.87050000000143,0.0030184522380952697
2024-10-31 01:05:00+00:00,72275.0705,72300.65,72275.0705,72300.65,0.0,86.51764285714307,0.0030184522380952697
2024-10-31 01:10:00+00:00,72282.8615,72282.8615,72282.8615,72282.8615,0.0,82.57039285714252,0.0030184522380952697
2024-10-31 01:20:00+00:00,72304.53,72304.53,72273.6685,72273.6685,0.0,79.68407142857073,0.0030184522380952697
2024-10-31 01:35:00+00:00,72234.5075,72234.5075,72094.1635,72094.1635,0.0,83.80550000000014,0.0030184522380952697
2024-10-31 01:40:00+00:00,72045.0785,72192.55,72008.8225,72192.55,0.0,94.00603571428655,0.0030184522380952697
2024-10-31 01:45:00+00:00,72218.57,72329.999,72218.57,72329.999,0.0,98.55500000000133,0.0030184522380952697
2024-10-31 01:50:00+00:00,72375.7425,72421.3465,72375.7425,72383.8995,0.0,102.32753571428682,0.0030184522380952697
2024-10-31 02:00:00+00:00,72329.3,72329.3,72301.47,72301.47,0.0,105.52253571428653,0.0006374998571428888
2024-10-31 02:05:00+00:00,72264.455,72264.455,72178.005,72178.005,0.0,99.03242857142843,0.0006374998571428888
2024-10-31 02:10:00+00:00,72231.2655,72265.744,72229.225,72229.225,0.0,99.72310714285724,0.0006374998571428888
2024-10-31 02:15:00+00:00,72265.072,72379.3945,72265.072,72341.4625,0.0,104.26749999999863,1.8452238095269817e-05
2024-10-31 02:20:00+00:00,72320.75,72320.75,72211.12,72211.12,0.0,104.91817857142658,1.8452238095269817e-05
2024-10-31 02:25:00+00:00,72260.725,72279.0095,72251.175,72279.0095,0.0,106.16578571428441,1.8452238095269817e-05
2024-10-31 02:30:00+00:00,72321.16,72347.9615,72321.16,72347.9615,0.0,101.47114285714217,1.8452238095269817e-05
2024-10-31 02:35:00+00:00,72372.768,72461.93,72372.768,72443.8395,0.0,104.68817857142754,1.8452238095269817e-05
2024-10-31 02:40:00+00:00,72409.6735,72425.7625,72389.5345,72392.175,0.0,107.29649999999985,1.8452238095269817e-05
2024-10-31 02:45:00+00:00,72369.292,72431.227,72353.995,72414.45,0.0,110.60867857142875,1.8452238095269817e-05
2024-10-31 02:50:00+00:00,72384.332,72467.7405,72384.332,72422.405,0.0,103.74464285714306,1.8452238095269817e-05
2024-10-31 02:55:00+00:00,72444.9735,72543.545,72444.9735,72539.675,0.00268337,99.27410714285672,0.00014623176190479363
2024-10-31 03:00:00+00:00,72495.989,72559.165,72484.76,72547.935,0.0,94.77096428571427,0.00012777952380955553
2024-10-31 03:05:00+00:00,72556.17,72556.17,72501.947,72504.488,0.0,92.11921428571388,0.00012777952380955553
2024-10-31 03:10:00+00:00,72521.8415,72541.065,72514.795,72514.795,0.0,88.84403571428577,0.00012777952380955553
2024-10-31 03:15:00+00:00,72491.8805,72491.9715,72463.025,72488.696,0.0,83.72296428571488,0.00012777952380955553
2024-10-31 03:20:00+00:00,72441.64,72441.64,72385.375,72385.375,0.0,84.83596428571452,0.00012777952380955553
2024-10-31 03:25:00+00:00,72389.166,72401.054,72350.487,72384.905,0.0,77.72150000000173,0.00012777952380955553
2024-10-31 03:30:00+00:00,72366.485,72411.1335,72347.75,72363.2945,0.0,72.93871428571583,0.00012777952380955553
2024-10-31 03:35:00+00:00,72376.6,72385.03,72343.567,72385.03,0.0,71.05110714285858,0.00012777952380955553
2024-10-31 03:40:00+00:00,72415.239,72442.104,72364.15,72426.189,0.0,71.69410714285914,0.00012777952380955553
2024-10-31 03:45:00+00:00,72386.075,72386.075,72346.7485,72352.954,0.0,69.22782142857406,0.00012777952380955553
2024-10-31 03:50:00+00:00,72352.553,72375.689,72316.5415,72333.6985,0.0,69.5737142857158,0.00012777952380955553
2024-10-31 03:55:00+00:00,72343.215,72343.215,72300.125,72311.0965,0.0,67.135000000001,0.00012777952380955553
2024-10-31 04:00:00+00:00,72343.4,72343.4,72299.8485,72299.8485,0.0,64.28807142857217,0.00012777952380955553
2024-10-31 04:05:00+00:00,72320.878,72341.45,72302.0,72318.4045,0.0,58.60675000000109,0.00012777952380955553
2024-10-31 04:10:00+00:00,72331.3435,72339.8815,72315.513,72324.87,0.0,55.03271428571524,0.00012777952380955553
2024-10-31 04:15:00+00:00,72318.183,72318.183,72267.352,72274.99,0.0,55.26807142857225,0.00012777952380955553
2024-10-31 04:20:00+00:00,72239.208,72300.465,72214.265,72277.21,0.0259675,58.8125714285717,0.0013643271428571747
2024-10-31 04:25:00+00:00,72292.845,72292.845,72260.155,72280.175,0.0,57.449714285714435,0.0013643271428571747
2024-10-31 04:30:00+00:00,72280.8295,72315.31,72260.9535,72306.813,0.000163215,53.952250000000014,0.0013720992857143175
2024-10-31 04:35:00+00:00,72316.125,72342.485,72277.1375,72310.01,0.0,55.00799999999955,0.0013720992857143175
2024-10-31 04:40:00+00:00,72330.88,72339.8,72291.0095,72304.21,0.0,53.965642857142875,0.0012443197619047938
2024-10-31 04:45:00+00:00,72299.5735,72308.4725,72213.725,72222.655,0.0,57.77167857142818,0.0012443197619047938
2024-10-31 04:50:00+00:00,72237.328,72270.661,72224.0,72270.661,0.001423514,55.632535714284,0.0013121061428571746
2024-10-31 04:55:00+00:00,72270.31,72277.493,72247.495,72265.705,0.0,52.100928571427566,0.0013121061428571746
2024-10-31 05:00:00+00:00,72258.9,72263.55,72207.55,72207.55,0.0,52.030035714285205,0.0013121061428571746
2024-10-31 05:05:00+00:00,72219.273,72237.63,72205.503,72237.12,0.0,51.246964285714576,0.0013121061428571746
2024-10-31 05:10:00+00:00,72223.0695,72229.5185,72188.53,72188.53,0.0,51.60685714285709,0.0013121061428571746
2024-10-31 05:15:00+00:00,72206.7355,72342.2015,72206.7355,72333.272,0.0,59.61185714285654,0.0013121061428571746
2024-10-31 05:20:00+00:00,72350.01,72359.87,72299.545,72318.5015,0.0,62.18017857142799,0.0013121061428571746
2024-10-31 05:25:00+00:00,72307.366,72307.366,72263.6925,72265.1085,0.0,61.98667857142781,0.0013121061428571746
2024-10-31 05:30:00+00:00,72260.79,72346.1605,72260.79,72333.223,0.0,61.92742857142834,0.0013121061428571746
2024-10-31 05:35:00+00:00,72320.1325,72346.71,72271.4,72288.8685,0.0,64.97171428571475,0.0013121061428571746
2024-10-31 05:40:00+00:00,72310.321,72353.6,72310.321,72315.321,0.000268967,65.71278571428722,0.001324914095238127
2024-10-31 05:45:00+00:00,72326.9575,72326.9575,72270.4265,72280.415,0.0,65.08303571428716,0.001324914095238127
2024-10-31 05:50:00+00:00,72261.7105,72304.606,72261.7105,72279.3005,0.0,64.66196428571546,0.001324914095238127
2024-10-31 05:55:00+00:00,72280.6205,72298.814,72255.005,72282.32,0.0,61.02350000000089,0.001324914095238127
2024-10-31 06:00:00+00:00,72274.249,72302.3,72256.705,72287.045,0.0,60.85128571428712,0.001324914095238127
2024-10-31 06:05:00+00:00,72281.634,72313.932,72251.6765,72308.765,0.0,63.155392857143724,8.836647619050791e-05
2024-10-31 06:10:00+00:00,72303.2055,72303.2055,72240.8675,72268.58,0.0,63.85128571428712,8.836647619050791e-05
2024-10-31 06:15:00+00:00,72247.9,72274.4,72238.9,72238.9,0.0,64.09221428571514,8.059433333336505e-05
2024-10-31 06:20:00+00:00,72268.8,72306.0275,72262.52,72284.525,0.0,65.4163214285727,8.059433333336505e-05
2024-10-31 06:25:00+00:00,72278.095,72332.35,72257.5795,72260.775,0.004708318,59.780535714287126,0.0003047999523809841
2024-10-31 06:30:00+00:00,72259.1515,72274.2,72182.3055,72182.3055,0.0,62.03550000000126,0.0003047999523809841
2024-10-31 06:35:00+00:00,72194.655,72298.8335,72179.8285,72251.695,0.0,66.62092857142956,0.00023701357142860317
2024-10-31 06:40:00+00:00,72242.51,72266.95,72215.82,72229.6,0.0,64.17517857142853,0.00023701357142860317
2024-10-31 06:45:00+00:00,72206.17,72209.2,72145.2025,72182.355,0.0,64.82428571428525,0.00023701357142860317
2024-10-31 06:50:00+00:00,72196.404,72259.776,72196.404,72233.9825,0.04749055,65.73067857142762,0.002498468333333365
2024-10-31 06:55:00+00:00,72244.83,72244.83,72195.6,72204.2815,0.0,65.20917857142715,0.002498468333333365
2024-10-31 07:00:00+00:00,72189.533,72189.533,72132.295,72185.612,0.0,67.28710714285573,0.002498468333333365
2024-10-31 07:05:00+00:00,72202.2,72284.558,72202.2,72258.72,0.0,71.2254642857141,0.002498468333333365
2024-10-31 07:10:00+00:00,72247.435,72302.2,72182.56,72238.385,0.004037384,76.51439285714254,0.002690724714285746
2024-10-31 07:15:00+00:00,72236.33,72261.397,72210.83,72261.397,0.0,75.67949999999941,0.002690724714285746
2024-10-31 07:20:00+00:00,72244.395,72347.8,72244.295,72300.105,0.007195463,78.22289285714214,0.003033365809523841
2024-10-31 07:25:00+00:00,72307.431,72375.656,72305.492,72336.4895,0.0,81.08367857142834,0.003020557857142889
2024-10-31 07:30:00+00:00,72384.01,72457.5,72384.01,72457.5,0.0,84.93246428571418,0.003020557857142889
2024-10-31 07:35:00+00:00,72426.929,72454.14,72399.005,72419.05,0.00086525,83.76992857142821,0.00306176023809527
2024-10-31 07:40:00+00:00,72384.121,72428.79,72379.595,72428.79,0.0,80.71996428571376,0.00306176023809527
2024-10-31 07:45:00+00:00,72444.044,72459.79,72407.9415,72427.17,0.0,75.92307142857109,0.00306176023809527
2024-10-31 07:50:00+00:00,72426.05,72426.631,72378.0645,72415.594,0.0,75.77846428571502,0.00306176023809527
2024-10-31 07:55:00+00:00,72417.455,72436.0535,72398.715,72414.7575,0.0,72.41710714285728,0.00306176023809527
2024-10-31 08:00:00+00:00,72455.03,72455.03,72315.154,72318.893,0.0,76.87817857142883,0.00306176023809527
2024-10-31 08:05:00+00:00,72340.3565,72366.244,72340.3565,72348.15,0.0,76.74396428571552,0.00306176023809527
2024-10-31 08:10:00+00:00,72372.985,72374.61,72295.458,72295.458,0.0,77.25578571428716,0.0028375546190476508
2024-10-31 08:15:00+00:00,72262.516,72312.449,72235.7,72289.355,0.035559719,75.67028571428611,0.004530874571428603
2024-10-31 08:20:00+00:00,72270.034,72270.034,72216.7455,72216.7455,0.0,72.3109642857141,0.004530874571428603
2024-10-31 08:25:00+00:00,72241.645,72241.645,72141.0625,72202.9995,0.053397212,75.88350000000044,0.007073598952380984
2024-10-31 08:30:00+00:00,72211.87,72211.87,72170.5305,72192.7885,0.0,71.44310714285737,0.007073598952380984
2024-10-31 08:35:00+00:00,72161.31,72208.2425,72152.18,72208.2425,0.0,70.05107142857118,0.0048121441904762224
2024-10-31 08:40:00+00:00,72156.51,72201.8665,72151.1815,72175.271,0.0,65.48324999999853,0.004812144190476222
2024-10-31 08:45:00+00:00,72173.975,72215.905,72173.975,72215.905,0.0,64.30003571428408,0.004812144190476222
2024-10-31 08:50:00+00:00,72216.65,72234.05,72216.65,72222.395,0.0,62.082178571427775,0.004812144190476222
2024-10-31 08:55:00+00:00,72238.4485,72278.3855,72233.8995,72268.5285,0.0,62.378035714285424,0.004619887809523842
2024-10-31 09:00:00+00:00,72245.535,72334.31,72245.535,72290.115,0.0,65.21157142857035,0.004619887809523842
2024-10-31 09:05:00+00:00,72271.5775,72324.08,72248.1,72321.39,0.0,67.97167857142735,0.004277246714285746
2024-10-31 09:10:00+00:00,72324.79,72337.78,72293.695,72310.5,0.0,61.12946428571221,0.004277246714285746
2024-10-31 09:15:00+00:00,72316.617,72316.8895,72237.881,72302.225,0.0,63.39071428571229,0.004277246714285746
2024-10-31 09:20:00+00:00,72303.945,72342.075,72261.1375,72261.1375,0.0,63.51824999999787,0.004236044333333365
2024-10-31 09:25:00+00:00,72274.017,72360.9665,72258.355,72355.9475,0.0,65.36557142856951,0.004236044333333365
2024-10-31 09:30:00+00:00,72346.375,72383.2335,72326.884,72347.9,0.0,64.2041428571413,0.004236044333333365
2024-10-31 09:35:00+00:00,72350.5,72369.3305,72321.75,72325.458,0.0,60.41828571428362,0.004236044333333365
2024-10-31 09:40:00+00:00,72322.22,72358.255,72317.504,72344.75,0.0,60.376249999998045,0.004236044333333365
2024-10-31 09:45:00+00:00,72325.358,72339.7,72273.407,72300.233,0.0,61.467714285711864,0.004236044333333365
2024-10-31 09:50:00+00:00,72290.2595,72320.689,72275.795,72308.0135,0.0002,60.598642857141385,0.004245568142857175
2024-10-31 09:55:00+00:00,72309.25,72337.74,72265.7,72313.6425,0.013417841,62.74935714285675,0.0048845129523809845
2024-10-31 10:00:00+00:00,72287.365,72338.825,72259.467,72325.872,0.0,67.1217142857131,0.003191193000000032
2024-10-31 10:05:00+00:00,72360.316,72407.021,72290.7455,72290.7455,0.0006,71.42778571428373,0.00321976442857146
2024-10-31 10:10:00+00:00,72276.5555,72333.0655,72276.5555,72301.733,0.0,69.12314285714092,0.0006770400476190793
2024-10-31 10:15:00+00:00,72306.605,72330.088,72265.3,72266.059,0.0,68.32371428571267,0.0006770400476190793
2024-10-31 10:20:00+00:00,72273.79,72275.1305,72202.7885,72253.6975,0.0,70.34207142857069,0.0006770400476190793
2024-10-31 10:25:00+00:00,72246.55,72279.097,72231.454,72276.413,0.0,68.1016785714268,0.0006770400476190793
2024-10-31 10:30:00+00:00,72239.739,72317.595,72239.739,72305.206,0.0,67.88157142856964,0.0006770400476190793
2024-10-31 10:35:00+00:00,72297.65,72334.025,72287.7,72307.9175,0.0,63.861107142855225,0.0006770400476190793
2024-10-31 10:40:00+00:00,72319.618,72500.545,72316.725,72500.545,0.009121137,73.59524999999849,0.0011113799047619364
2024-10-31 10:45:00+00:00,72499.732,72637.959,72489.8855,72600.0115,0.008568235,80.77332142857007,0.0015193910952381272
2024-10-31 10:50:00+00:00,72601.875,72665.164,72593.975,72595.0575,0.0,82.94746428571254,0.0015193910952381272
2024-10-31 10:55:00+00:00,72597.758,72668.837,72597.758,72619.4345,0.000823271,83.12149999999903,0.0015585944761905078
2024-10-31 11:00:00+00:00,72616.49,72616.49,72524.14,72536.135,0.0,86.72153571428498,0.0015585944761905078
2024-10-31 11:05:00+00:00,72512.3755,72543.589,72498.1185,72526.465,0.0,84.8237142857137,0.0015585944761905078
2024-10-31 11:10:00+00:00,72517.2855,72523.0615,72328.055,72407.9615,0.0,93.32742857142875,0.0015585944761905078
2024-10-31 11:15:00+00:00,72435.09,72440.41,72335.78,72335.78,0.0,92.49560714285846,0.0015585944761905078
2024-10-31 11:20:00+00:00,72365.85,72389.0,72310.405,72320.6645,0.000262115,94.07310714285892,0.0015710761428571745
2024-10-31 11:25:00+00:00,72285.065,72343.4175,72285.065,72332.577,0.0,93.61342857142985,0.0015710761428571745
2024-10-31 11:30:00+00:00,72326.5335,72374.862,72320.502,72320.502,0.006723366,92.32900000000102,0.0018912364285714601
2024-10-31 11:35:00+00:00,72335.7245,72352.797,72257.43,72257.43,0.0,95.73785714285934,0.0018817126190476508
2024-10-31 11:40:00+00:00,72269.955,72313.647,72250.644,72258.517,0.0,94.67692857143058,0.0012427678095238413
2024-10-31 11:45:00+00:00,72252.375,72268.3,72218.0,72260.8,0.0,94.96085714285957,0.0012427678095238413
2024-10-31 11:50:00+00:00,72253.885,72260.684,72203.65,72216.4,0.0,85.28389285714573,0.0012141963809524125
2024-10-31 11:55:00+00:00,72214.7,72229.6715,72203.335,72207.875,0.0,76.58839285714514,0.0012141963809524125
2024-10-31 12:00:00+00:00,72216.6,72247.7705,72188.07,72215.4495,0.0,75.76778571428751,0.0012141963809524125
2024-10-31 12:05:00+00:00,72205.0,72238.711,72153.975,72228.665,0.0,76.55039285714363,0.0012141963809524125
2024-10-31 12:10:00+00:00,72194.95,72254.7885,72186.172,72233.95,0.0,74.64482142857118,0.0012141963809524125
2024-10-31 12:15:00+00:00,72199.75,72199.75,72090.65,72090.65,0.0,81.63264285714207,0.0012141963809524125
2024-10-31 12:20:00+00:00,72074.0,72100.75,72071.418,72093.918,0.0,69.55564285714146,0.0012141963809524125
2024-10-31 12:25:00+00:00,72084.329,72210.022,72048.1,72087.46,0.008085076,73.64792857142622,0.0011648601428571746
2024-10-31 12:30:00+00:00,72143.5975,72247.8645,72143.5975,72227.3195,0.0,79.49146428571112,0.000756848952380984
2024-10-31 12:35:00+00:00,72226.6,72236.44,72155.0,72162.5245,0.000272919,81.14057142856889,0.0007698450952381269
2024-10-31 12:40:00+00:00,72170.839,72204.719,72161.919,72167.69,0.0,80.31485714285476,0.000730641714285746
2024-10-31 12:45:00+00:00,72164.8505,72229.547,72127.95,72166.82,0.0,80.75985714285447,0.000730641714285746
2024-10-31 12:50:00+00:00,72193.7,72193.7,72066.126,72066.126,0.0,85.37207142856849,0.000730641714285746
2024-10-31 12:55:00+00:00,72006.5,72097.115,72006.5,72097.115,0.0,88.25171428571151,0.000730641714285746
2024-10-31 13:00:00+00:00,72125.4,72158.375,72087.162,72112.5925,0.013490936,89.25621428571114,0.0013730672380952696
2024-10-31 13:05:00+00:00,72117.0275,72121.228,72021.9815,72028.165,0.000161933,94.46407142856957,0.0013682966666666984
2024-10-31 13:10:00+00:00,72076.1475,72095.0,72052.2835,72061.2,0.114627329,94.97367857142775,0.006826740904761937
2024-10-31 13:15:00+00:00,72027.05,72055.96,72009.1,72027.686,0.0,92.642535714285,0.0065065806190476505
2024-10-31 13:20:00+00:00,71990.788,72059.2175,71966.239,71966.239,0.006753361,94.38267857142844,0.00682816923809527
2024-10-31 13:25:00+00:00,72000.4655,72018.645,71947.8405,71947.8405,0.0,89.20442857142812,0.00682816923809527
2024-10-31 13:30:00+00:00,71989.681,71989.681,71818.1055,71851.346,0.1,99.3646785714279,0.011590074000000032
2024-10-31 13:35:00+00:00,71821.39,71947.756,71821.39,71874.925,0.0,96.82496428571383,0.011590074000000032
2024-10-31 13:40:00+00:00,71808.9585,71856.6875,71725.504,71754.397,0.000780988,96.04042857142902,0.011627263904761936
2024-10-31 13:45:00+00:00,71707.97,71707.97,71405.4475,71405.4475,0.004,115.14825000000044,0.011817740095238127
2024-10-31 13:50:00+00:00,71483.3785,71577.9325,71291.01,71326.832,4.7386e-05,132.5855714285717,0.011819996571428603
2024-10-31 13:55:00+00:00,71368.5,71368.5,71118.765,71257.0315,7.0175e-05,143.16685714285683,0.011823338238095268
2024-10-31 14:00:00+00:00,71201.655,71201.655,70834.7,70834.7,0.005384515,164.22096428571447,0.012079743714285747
2024-10-31 14:05:00+00:00,70863.0,71282.355,70773.69,71282.355,0.02616038,194.08167857142794,0.013325476095238127
2024-10-31 14:10:00+00:00,71300.805,71336.015,71017.94,71152.569,0.005472898,211.71467857142747,0.0132010866666667
2024-10-31 14:15:00+00:00,71229.755,71298.082,71104.635,71244.197,0.01,218.44328571428403,0.013677277142857177
2024-10-31 14:20:00+00:00,71112.25,71239.65,71070.25,71070.25,0.200273173,226.09414285714072,0.023201098761904793
2024-10-31 14:25:00+00:00,71040.09,71106.55,70928.97,70982.835,0.0,235.05699999999862,0.023201098761904793
2024-10-31 14:30:00+00:00,70942.439,71108.475,70909.908,71072.505,0.017794686,242.59903571428524,0.02404846476190479
2024-10-31 14:35:00+00:00,71034.22,71177.666,71011.772,71075.4735,0.0,249.3911428571425,0.02404846476190479
2024-10-31 14:40:00+00:00,71045.81,71045.81,70806.53,70850.376,0.02892528,256.34599999999983,0.02542585904761908
2024-10-31 14:45:00+00:00,70881.065,70881.065,70593.35,70666.1245,0.013913101,267.8709285714285,0.025445962142857177
2024-10-31 14:50:00+00:00,70706.855,70810.255,70644.9,70715.235,0.000687075,269.009071428572,0.02547096890476194
2024-10-31 14:55:00+00:00,70678.664,70741.4,70618.0315,70739.556,0.148717626,252.89614285714302,0.02709431638095241
2024-10-31 15:00:00+00:00,70681.363,70862.479,70621.65,70655.722,0.013835137,249.60375000000099,0.02775313242857146
2024-10-31 15:05:00+00:00,70618.425,71020.685,70564.713,70988.15,0.0,264.3349642857148,0.02743154380952384
2024-10-31 15:10:00+00:00,70936.6,70945.141,70763.831,70763.831,0.1,250.191214285714,0.0321934485714286
2024-10-31 15:15:00+00:00,70735.307,70950.895,70713.84,70909.0735,0.07291238,230.79050000000072,0.030903561904761935
2024-10-31 15:20:00+00:00,70880.915,71002.5285,70851.8121666665,70980.115,0.015329088,218.83630952382268,0.0316335184761905
2024-10-31 15:25:00+00:00,70927.925,70942.7195,70852.6971666665,70853.032,0.0,214.11994047621556,0.0315963285714286
2024-10-31 15:30:00+00:00,70829.5016666665,70829.5016666665,70738.2395,70820.2895,0.009393663,209.89461904764488,0.0318531696666667
2024-10-31 15:35:00+00:00,70767.64,70820.175,70749.33,70749.33,0.0,202.27886904764455,0.03185091319047622
2024-10-31 15:40:00+00:00,70715.105,70741.408,70660.0,70712.165,0.0,194.4762261905011,0.031847571523809556
2024-10-31 15:45:00+00:00,70664.17,70664.17,70412.2965,70486.912,0.004070921,204.045833333358,0.03178501942857146
2024-10-31 15:50:00+00:00,70514.702,70514.702,70444.4,70514.008,0.0,189.85715476193062,0.03053928704761908
2024-10-31 15:55:00+00:00,70568.651,70672.45,70557.4315,70557.4315,0.005302097,180.62336904764484,0.0305311536666667
2024-10-31 16:00:00+00:00,70610.33,70610.33,70339.15,70454.025,0.049197878,188.18229761907318,0.03239771928571432
2024-10-31 16:05:00+00:00,70506.4,70609.75,70465.992,70543.649,0.0,190.4934761905024,0.022860901523809554
2024-10-31 16:10:00+00:00,70500.75,70629.7,70478.24,70629.7,0.0,184.10997619050093,0.022860901523809554
2024-10-31 16:15:00+00:00,70655.6,70844.85,70619.25,70803.197,0.004200331,167.6548333333589,0.022213551285714315
2024-10-31 16:20:00+00:00,70767.9805,70767.9805,70627.0,70627.0,0.0,164.217547619074,0.022213551285714315
2024-10-31 16:25:00+00:00,70600.85,70600.85,70440.5,70513.041,0.0,160.60647619050204,0.02083615700000003
2024-10-31 16:30:00+00:00,70484.3565,70488.64,70409.94,70410.895,0.0,157.20538095239422,0.02017362838095241
2024-10-31 16:35:00+00:00,70444.38,70521.496,70365.9805,70365.9805,0.0,159.21235714285805,0.020140910523809553
2024-10-31 16:40:00+00:00,70415.675,70415.675,70368.15,70368.15,0.0,154.5625,0.013059118809523838
2024-10-31 16:45:00+00:00,70329.89,70416.5605,70329.89,70386.4,0.0,155.68471428571502,0.012400302761904791
2024-10-31 16:50:00+00:00,70338.4025,70338.4025,70338.4025,70338.4025,0.0,152.7323928571433,0.012400302761904791
2024-10-31 16:55:00+00:00,70322.2,70437.3,70310.902,70356.545,0.0001,140.3416428571436,0.007643159904761936
2024-10-31 17:00:00+00:00,70319.27,70461.965,70319.27,70417.63,0.0,145.51257142857088,0.004171141809523842
2024-10-31 17:05:00+00:00,70378.435,70553.8575,70378.435,70548.5165,0.001380765,146.72546428571408,0.0035069359523809836
2024-10-31 17:10:00+00:00,70573.099,70706.05,70548.5165,70706.05,0.008451847,138.60785714285677,0.003909404857142888
2024-10-31 17:15:00+00:00,70677.851,70677.851,70566.71,70603.613,0.0,137.43749999999895,0.0034620875714286028
2024-10-31 17:20:00+00:00,70636.3585,70656.9,70570.025,70656.9,0.106938688,132.82428571428525,0.00855440604761908
2024-10-31 17:25:00+00:00,70694.2925,70694.2925,70586.477,70586.477,0.01503855,124.41110714285605,0.009270527476190508
2024-10-31 17:30:00+00:00,70538.53,70548.785,70420.3,70497.97,0.0,123.69539285714147,0.009076674095238126
2024-10-31 17:35:00+00:00,70533.275,70533.275,70410.23,70410.23,0.0,119.16289285714136,0.009076674095238126
2024-10-31 17:40:00+00:00,70363.629,70620.58,70363.314,70595.219,0.032403307,130.17467857142765,0.010367207904761935
2024-10-31 17:45:00+00:00,70563.5,70705.5,70536.7645,70705.5,0.0,131.11896428571345,0.00802445180952384
2024-10-31 17:50:00+00:00,70660.4075,70747.33,70660.4075,70666.5,0.0,133.7781071428565,0.00802445180952384
2024-10-31 17:55:00+00:00,70666.55,70714.2935,70666.46,70714.2935,0.0,131.00403571428407,0.00802445180952384
2024-10-31 18:00:00+00:00,70677.105,70677.105,70506.6645,70561.1775,1.3883e-05,142.40628571428428,0.007825097142857175
2024-10-31 18:05:00+00:00,70600.75,70644.7,70343.755,70343.755,0.045539996,154.87392857142655,0.009993668380952413
2024-10-31 18:10:00+00:00,70377.2,70523.1195,70377.2,70407.827,0.0,157.4931785714268,0.009993668380952413
2024-10-31 18:15:00+00:00,70447.442,70447.442,70338.8155,70342.6545,0.004148089,152.72203571428378,0.010191196428571461
2024-10-31 18:20:00+00:00,70288.1675,70335.489,70264.039,70328.55,0.0,147.0850357142834,0.010191196428571461
2024-10-31 18:25:00+00:00,70298.509,70347.1225,70278.961,70347.1225,0.0,142.00085714285524,0.010191196428571461
2024-10-31 18:30:00+00:00,70368.625,70368.625,70056.5275,70085.4685,7.1174e-05,158.0881785714269,0.010194585666666698
2024-10-31 18:35:00+00:00,70142.4545,70280.552,70126.045,70262.503,0.0,164.32160714285524,0.010194585666666698
2024-10-31 18:40:00+00:00,70309.9025,70379.3,70262.05,70379.3,0.25052778,160.8268214285698,0.02211971804761908
2024-10-31 18:45:00+00:00,70349.5205,70530.75,70349.5205,70459.6,0.0,164.98285714285572,0.02211971804761908
2024-10-31 18:50:00+00:00,70503.19,70571.7105,70503.19,70571.7105,0.0,154.61460714285516,0.02205396733333336
2024-10-31 18:55:00+00:00,70602.405,70602.405,70521.555,70570.959,0.0,148.3370714285702,0.021651498428571458
2024-10-31 19:00:00+00:00,70544.348,70582.018,70502.7945,70576.16,0.0,147.78714285714108,0.021651498428571458
2024-10-31 19:05:00+00:00,70537.08,70689.9003439995,70535.3995,70607.709,0.0,155.40623885710582,0.01655917995238098
2024-10-31 19:10:00+00:00,70636.871,70689.9003439995,70592.339,70670.7405,0.0,147.54426342849806,0.015843058523809555
2024-10-31 19:15:00+00:00,70668.2555,70668.2555,70516.95,70549.04,0.000137789,137.0332277142131,0.015849619904761934
2024-10-31 19:20:00+00:00,70552.785,70552.785,70478.238,70501.924,0.07293562,129.54626342849951,0.019322744666666697
2024-10-31 19:25:00+00:00,70458.2345,70458.2345,70342.223,70342.223,0.0,133.19444199992827,0.017779730047619076
2024-10-31 19:30:00+00:00,70317.125,70317.125,70221.0105,70312.14,0.0,136.2370848570707,0.017779730047619076
2024-10-31 19:35:00+00:00,70291.265,70327.44,70282.281,70327.44,0.0,134.59404914278483,0.017779730047619076
2024-10-31 19:40:00+00:00,70317.3,70416.9,70257.975,70400.8,0.001183428,123.65315628564089,0.017836083761904792
2024-10-31 19:45:00+00:00,70354.615,70547.585,70354.615,70547.585,0.0,123.50219199992716,0.017835422666666698
2024-10-31 19:50:00+00:00,70489.055,70525.042,70241.855,70241.855,0.026062155,136.96504914278506,0.01690790642857146
2024-10-31 19:55:00+00:00,70220.4495,70239.821,69930.65,69958.4055,7.1428e-05,146.24901342849938,0.016911307761904793
2024-10-31 20:00:00+00:00,70003.335,70103.3855,69922.705,70039.86,0.0,151.14687057135703,0.016713779714285743
2024-10-31 20:05:00+00:00,69994.89,70039.987,69954.48,69988.885,0.0,151.4795134284993,0.016713779714285743
2024-10-31 20:10:00+00:00,70018.0735,70018.0735,69957.697,69975.1295,0.0,150.13329914278543,0.016713779714285743
2024-10-31 20:15:00+00:00,70014.29,70092.08,70014.29,70065.567,0.0,147.45113171425015,0.016710390476190506
2024-10-31 20:20:00+00:00,70095.79,70199.0675,70095.79,70136.6785,0.0,150.01821428571566,0.016710390476190506
2024-10-31 20:25:00+00:00,70120.0305,70154.235,70102.64,70113.25,0.0,142.71853571428696,0.004780496190476223
2024-10-31 20:30:00+00:00,70136.685,70184.984,70113.085,70146.985,0.0,142.529392857143,0.004780496190476223
2024-10-31 20:35:00+00:00,70114.235,70114.235,70093.7415,70096.585,0.0,134.92528571428556,0.004780496190476223
2024-10-31 20:40:00+00:00,70110.64,70130.5725,69960.3,69989.035,0.250587675,138.4295714285711,0.01671324261904765
2024-10-31 20:45:00+00:00,70035.255,70035.255,69699.715,69815.905,0.000146764,159.1710714285717,0.016720231380952414
2024-10-31 20:50:00+00:00,69848.4,69848.4,69695.588,69695.588,0.008288784,158.73442857142905,0.017114935380952413
2024-10-31 20:55:00+00:00,69644.6265,69935.7,69597.1825,69935.7,0.100695816,169.1306785714291,0.02190997423809527
2024-10-31 21:00:00+00:00,69915.95,69937.9375,69796.15,69907.89,0.0,157.42050000000017,0.02190341285714289
2024-10-31 21:05:00+00:00,69944.855,70009.079,69944.855,70009.079,0.0,142.41935714285708,0.018430288095238126
2024-10-31 21:10:00+00:00,70054.285,70154.903,69970.84,70115.355,0.000340095,142.66096428571473,0.018446483095238126
2024-10-31 21:15:00+00:00,70094.84,70182.9875,70094.84,70182.9875,0.0,142.8495714285725,0.018446483095238126
2024-10-31 21:20:00+00:00,70205.0,70234.1,70114.357,70176.314,0.0,147.09003571428704,0.018446483095238126
2024-10-31 21:25:00+00:00,70198.2625,70277.83,70168.47,70222.586,0.0,146.54785714285805,0.01839012938095241
2024-10-31 21:30:00+00:00,70214.1965,70223.31,70145.175,70145.175,0.0017955,142.59317857142847,0.018475629380952412
2024-10-31 21:35:00+00:00,70185.0895,70222.8745,70159.395,70215.3895,0.0,144.45778571428568,0.01723457438095241
2024-10-31 21:40:00+00:00,70208.8855,70283.865,70195.695,70215.9775,0.00188284,145.62000000000054,0.017320832095238128
2024-10-31 21:45:00+00:00,70245.87,70366.7695,70245.87,70345.3,0.0,152.58775000000085,0.017320832095238128
2024-10-31 21:50:00+00:00,70319.0,70426.1565,70297.71,70426.1565,0.0,149.60017857142935,0.017320832095238128
2024-10-31 21:55:00+00:00,70422.57,70422.57,70346.935,70346.935,0.0,131.29171428571448,0.017320832095238128
2024-10-31 22:00:00+00:00,70379.642,70386.0,70302.8,70371.125,0.0,126.3194285714292,0.017320832095238128
2024-10-31 22:05:00+00:00,70420.175,70420.175,70268.5335,70280.655,0.0,112.97114285714322,0.017320832095238128
2024-10-31 22:10:00+00:00,70244.05,70282.129,70210.5365,70226.627,0.0,107.95721428571414,0.017320832095238128
2024-10-31 22:15:00+00:00,70186.685,70200.729,70118.375,70168.3765,0.0,108.46171428571377,0.017320832095238128
2024-10-31 22:20:00+00:00,70172.45,70172.45,70078.965,70133.646,0.0,101.991857142856,0.017320832095238128
2024-10-31 22:25:00+00:00,70087.4315,70184.0885,70087.4315,70184.0885,0.0,102.5996785714264,0.005388085666666698
2024-10-31 22:30:00+00:00,70208.125,70251.587,70160.1475,70251.587,0.0,100.57799999999717,0.0053810969047619365
2024-10-31 22:35:00+00:00,70229.245,70341.402,70229.245,70274.988,0.0,100.77778571428333,0.0049863929047619365
2024-10-31 22:40:00+00:00,70311.2205,70382.975,70301.945,70382.975,0.0,102.91007142856999,0.00019135404761907933
2024-10-31 22:45:00+00:00,70403.65,70444.07,70395.09,70415.5685,0.0,101.7240357142842,0.00019135404761907933
2024-10-31 22:50:00+00:00,70411.785,70411.785,70335.7715,70355.455,0.0,101.12596428571227,0.00019135404761907933
2024-10-31 22:55:00+00:00,70360.6925,70414.155,70360.6925,70371.325,0.0,94.54796428571197,0.00017515904761907937
2024-10-31 23:00:00+00:00,70411.997,70475.6,70402.8945,70402.8945,0.0,92.82142857142753,0.00017515904761907937
2024-10-31 23:05:00+00:00,70367.4815,70385.895,70312.828,70342.84,0.0,93.59607142857047,0.00017515904761907937
2024-10-31 23:10:00+00:00,70313.78,70417.61,70311.3945,70417.61,0.0,95.24003571428537,0.00017515904761907937
2024-10-31 23:15:00+00:00,70413.055,70494.9155,70413.055,70492.183,0.0,90.25567857142907,8.965904761907934e-05
2024-10-31 23:20:00+00:00,70501.4845,70501.4845,70460.02,70466.865,0.0,88.1036785714293,8.965904761907934e-05
2024-10-31 23:25:00+00:00,70468.35,70549.705,70454.83,70549.705,0.0,87.14817857142978,0.0
2024-10-31 23:30:00+00:00,70503.9595,70503.9595,70503.9595,70503.9595,0.0,83.73821428571578,0.0
2024-10-31 23:35:00+00:00,70487.9475,70523.5,70420.9545,70420.9545,0.0,84.15882142857299,0.0
2024-10-31 23:40:00+00:00,70462.5575,70462.5575,70373.749,70379.19,0.0,83.97089285714485,0.0
2024-10-31 23:45:00+00:00,70357.56,70371.722,70347.155,70349.14,0.0,78.24789285714463,0.0
2024-10-31 23:50:00+00:00,70334.219,70339.25,70228.487,70228.487,0.0,79.15260714285874,0.0
2024-10-31 23:55:00+00:00,70248.59,70258.732,70209.7145,70209.7145,0.0,78.28992857143021,0.0
2024-11-01 00:00:00+00:00,70185.09,70229.17,70185.09,70229.17,0.0,75.73871428571667,0.0
